{"0": {"question": "What is the role of the LSTM-MDN network in the training phase?", "response": {"1603.03833v4-Figure3-1.png": [" Yes", " The LSTM-MDN network plays a crucial role in the training phase by unrolling for 50 time-steps and using the gripper pose and status (open/close) et and the pose of relevant objects qt at time-step t as input and output of the network to calculate and backpropagate the error to update the weights. This helps in improving the performance of the robot arm during the evaluation phase."]}, "referred_figures_names": ["1603.03833v4-Figure3-1.png"], "answer": "The LSTM-MDN network is used to learn the relationship between the gripper pose and status, the pose of relevant objects, and the joint angles of the robot arm."}, "1": {"question": "Why is the number of demonstrations after the shift not available for the \"Push to Pose\" task?", "response": {"1603.03833v4-Table1-1.png": [" No", " The number of demonstrations after the shift is not available for the \"Push to Pose\" task because the data for that task is not present in the input image."]}, "referred_figures_names": ["1603.03833v4-Table1-1.png"], "answer": "The passage mentions that additional trajectories were generated for the \"Pick and Place\" task by reducing the frequency of the recorded demonstrations. This process was not applied to the \"Push to Pose\" task, therefore no \"Demonstrations after shift\" are listed for it."}, "2": {"question": "How does the frequency reduction process create multiple trajectories from a single demonstration?", "response": {"1603.03833v4-Figure2-1.png": [" Yes", " The frequency reduction process creates multiple trajectories from a single demonstration by taking a single trajectory and then dividing it into multiple trajectories. This is done by taking the original trajectory and then dividing it into smaller segments. Each segment is then analyzed and compared to the original trajectory to create a new trajectory. This process is repeated multiple times to create multiple trajectories from a single demonstration."]}, "referred_figures_names": ["1603.03833v4-Figure2-1.png"], "answer": " The frequency reduction process takes a high-frequency trajectory and samples it at a lower frequency, resulting in multiple trajectories with different starting and ending points. "}, "3": {"question": "What is the role of the virtual environment in the proposed approach?", "response": {"1603.03833v4-Figure1-1.png": [" Yes", " The virtual environment plays a crucial role in the proposed approach. It is used to collect the trajectories of the ADL manipulation tasks, which are then used to train the neural network controller. This allows for the development of a system that can learn from the collected data and improve its performance over time."]}, "referred_figures_names": ["1603.03833v4-Figure1-1.png"], "answer": "The virtual environment is used to collect demonstrations of the task from the user. This allows for safe and efficient data collection."}, "4": {"question": "What is the difference between the pick and place task in simulation and the real world?", "response": {"1603.03833v4-Figure4-1.png": [" Yes", " In simulation, the pick and place task is performed by a robot controlled by a mixture density network with 3 layers of LSTM. In the real world, the task is performed by a robot controlled by a mixture density network with 3 layers of LSTM."]}, "referred_figures_names": ["1603.03833v4-Figure4-1.png"], "answer": "In the simulation, the robot is able to pick up the object and place it in the desired location without any errors. However, in the real world, the robot makes some errors, such as dropping the object or placing it in the wrong location."}, "5": {"question": "What are the three different network architectures used in the comparison study?", "response": {"1603.03833v4-Figure5-1.png": [" Yes", " The three different network architectures used in the comparison study are: Feedforward-MSE, LSTM-MSE, and Feedforward-MDN."]}, "referred_figures_names": ["1603.03833v4-Figure5-1.png"], "answer": "Feedforward-MSE, LSTM-MSE, and Feedforward-MDN."}}