{"0": {"question": "Which policy resulted in the highest average cost?", "response": {"1605.07496v3-Table1-1.png": [" Yes", " The policy that resulted in the highest average cost is RQ-ALOQ."]}, "referred_figures_names": ["1605.07496v3-Table1-1.png"], "answer": "MAP Policy"}, "1": {"question": "Which of the algorithms performs the best on the robotic arm joint breakage task?", "response": {"1605.07496v3-Figure3-1.png": [" Yes", " The algorithm that performs the best on the robotic arm joint breakage task is the one that is red."]}, "referred_figures_names": ["1605.07496v3-Figure3-1.png"], "answer": "ALOQ."}, "2": {"question": "Which algorithm performs the best in the Joint Breakage experiment?", "response": {"1605.07496v3-Table2-1.png": [" Yes", " The algorithm that performs the best in the Joint Breakage experiment is AlgoQ."]}, "referred_figures_names": ["1605.07496v3-Table2-1.png"], "answer": "ALOQ"}, "3": {"question": "Which algorithm performed better on the arm breakage task?", "response": {"1605.07496v3-Figure4-1.png": [" Yes", " Reinforce"]}, "referred_figures_names": ["1605.07496v3-Figure4-1.png"], "answer": "Both TRPO and Reinforce performed similarly on the arm breakage task."}, "4": {"question": "Between WSN and ALOQ, which method is the most efficient in terms of runtime for both F-SRE1 and F-SRE2?", "response": {"1605.07496v3-Figure11-1.png": [" Yes", " The most efficient method in terms of runtime for both F-SRE1 and F-SRE2 is WSN."]}, "referred_figures_names": ["1605.07496v3-Figure11-1.png"], "answer": "ALOQ is significantly more efficient than WSN."}, "5": {"question": "Which method performs the best on the F-SRE1 test function?", "response": {"1605.07496v3-Figure10-1.png": [" Yes", " The method that performs the best on the F-SRE1 test function is the one with the red line."]}, "referred_figures_names": ["1605.07496v3-Figure10-1.png"], "answer": "ALOQ"}, "6": {"question": "How does the predicted return change as a function of \u03b8 for a fixed value of \u03c0 = 1.5?", "response": {"1605.07496v3-Figure1-1.png": [" Yes", " The predicted return changes as a function of \u03b8 for a fixed value of \u03c0 = 1.5. The image shows a graph with different values of \u03b8, and the return is plotted on the y-axis. The x-axis represents the different values of \u03b8. The graph shows how the return changes as the value of \u03b8 increases or decreases. The uncertainty associated with the different values of \u03b8 is also shown, providing a better understanding of the predicted return and"]}, "referred_figures_names": ["1605.07496v3-Figure1-1.png"], "answer": "The predicted return decreases as \u03b8 increases, with a minimum at around \u03b8 = 0.5."}, "7": {"question": "What is the difference between the \"True max\" and the \"ALOQ\" curves?", "response": {"1605.07496v3-Figure9-1.png": [" Yes", " The \"True max\" curve represents the maximum value of the function, while the \"ALOQ\" curve represents the true maximum value of the function. The \"ALOQ\" curve is a step function that has been unwrapped from its original form, which is a periodic function. This unwrapping process is done to simplify the function and make it easier to analyze."]}, "referred_figures_names": ["1605.07496v3-Figure9-1.png"], "answer": "The \"True max\" curve is the true maximum of the function, while the \"ALOQ\" curve is an approximation of the maximum. The \"ALOQ\" curve is lower than the \"True max\" curve, indicating that it underestimates the maximum value of the function."}, "8": {"question": "Which method performs the best on the Branin function?", "response": {"1605.07496v3-Figure7-1.png": [" Yes", " The method that performs the best on the Branin function is the one that is labeled as \"flower is better\" in the image."]}, "referred_figures_names": ["1605.07496v3-Figure7-1.png"], "answer": "One Step ALOQ"}}