{"0": {"question": "How does the performance of the Filtering algorithm compare to the performance of MLE with noise?", "response": {"1606.07384v2-Figure1-1.png": [" Yes", " The Filtering algorithm performs better than MLE with noise, as indicated by the lower error values in the image."]}, "referred_figures_names": ["1606.07384v2-Figure1-1.png"], "answer": "The Filtering algorithm performs better than MLE with noise in both the random tree and random graph settings."}, "1": {"question": "Which method performs the best when there is a high fraction of corrupted samples?", "response": {"1606.07384v2-Figure2-1.png": [" No", " The method that performs the best when there is a high fraction of corrupted samples is the one that uses the sampling error without noise as a benchmark. This is because the benchmark provides a reference for the performance of the algorithm, and allows for a comparison of the performance of the algorithm (Filtering), empirical mean with noise (MLE), and RANSAC."]}, "referred_figures_names": ["1606.07384v2-Figure2-1.png"], "answer": "RANSAC"}}