{"0": {"question": "Which system from Ortiz et al. achieved the highest BLEU and METEOR scores, and how does it compare to the CCA inference algorithm in terms of performance?", "response": {"1608.02784v2-Table2-1.png": [" Yes", " The system from Ortiz et al. that achieved the highest BLEU and METEOR scores is the one labeled \"MLBLB\". It has a BLEU score of 7.3 and a METEOR score of 17.2. This system outperforms the CCA inference algorithm in terms of performance."]}, "referred_figures_names": ["1608.02784v2-Table2-1.png"], "answer": "The SMT system from Ortiz et al. achieved the highest BLEU score (43.7) and METEOR score (35.6) among their tested systems. While the SMT system outperforms the CCA inference algorithm in terms of BLEU score, the CCA algorithm achieves a slightly higher METEOR score (25.6 vs 25.5)."}, "1": {"question": "What is the difference between the outputs of the machine translation system (SMT) and the CCA inference?", "response": {"1608.02784v2-Figure6-1.png": [" Yes", " The difference between the outputs of the machine translation system (SMT) and the CCA inference is that the SMT outputs are based on statistical patterns, while the CCA inference outputs are based on a deep learning model. The CCA inference outputs are generally rated higher by human evaluations than the SMT outputs."]}, "referred_figures_names": ["1608.02784v2-Figure6-1.png"], "answer": "The SMT outputs are literal translations of the images, while the CCA outputs take into account the context of the images and generate more natural-sounding descriptions."}, "2": {"question": "Which system, CCA or SMT, generally performs better when the caption is of low quality (average rank less than 3)?", "response": {"1608.02784v2-Table3-1.png": [" No", " SMT"]}, "referred_figures_names": ["1608.02784v2-Table3-1.png"], "answer": "It is difficult to definitively say which system performs better for low-quality captions based solely on the provided data. However, we can observe some trends:\n\n1. When the SMT average rank is below 3, the CCA average rank is also lower (1.64 vs. 1.77).\n2. When the SMT average rank is 3 or higher, the CCA average rank is significantly higher (3.54 vs. 3.46).\n\nThis suggests that CCA might perform relatively better for low-quality captions, but more data and analysis are needed for a conclusive answer."}, "3": {"question": "What is the purpose of the singular value decomposition step in the CCA algorithm?", "response": {"1608.02784v2-Figure1-1.png": [" Yes", " The purpose of the singular value decomposition step in the CCA algorithm is to reduce the dimensionality of the input data, allowing for more efficient and effective learning."]}, "referred_figures_names": ["1608.02784v2-Figure1-1.png"], "answer": "The singular value decomposition step is used to find the projection matrices U and V."}, "4": {"question": "What is the relationship between the input space and the output space in CCA inference?", "response": {"1608.02784v2-Figure2-1.png": [" Yes", " In CCA inference, the input space is the image on the left, and the output space is the text on the right. The relationship between the input space and the output space is that the closest unit vector from the input space is mapped to a unit vector in the output space, which represents the text on the right. This mapping is done using the cosine of the angle between the two unit vectors, which is denoted by \u03c1(u(x), v(y))."]}, "referred_figures_names": ["1608.02784v2-Figure2-1.png"], "answer": "The input space and the output space are related by a cosine similarity measure."}, "5": {"question": "What is the role of the temperature variable t in the CCA decoding algorithm?", "response": {"1608.02784v2-Figure3-1.png": [" No", " The temperature variable t in the CCA decoding algorithm is used to control the rate of convergence of the algorithm."]}, "referred_figures_names": ["1608.02784v2-Figure3-1.png"], "answer": "The temperature variable t controls the probability of accepting a new candidate solution y. As t decreases, the probability of accepting a worse solution decreases."}, "6": {"question": "What is the relationship between BLEU score and human ranking for CCA and SMT systems?", "response": {"1608.02784v2-Figure4-1.png": [" Yes", " The relationship between BLEU score and human ranking for CCA and SMT systems is that the BLEU score is a measure of the quality of the machine translation, and the human ranking is a measure of the quality of the translation as perceived by a human evaluator. The image shows a scatter plot of the BLEU scores and human rankings for both CCA and SMT systems, with the BLEU scores on the x-axis and the human rankings on the"]}, "referred_figures_names": ["1608.02784v2-Figure4-1.png"], "answer": "The correlation between BLEU scores and human ranking is not high for either CCA or SMT systems."}}