{"0": {"question": "Which method performed best according to the P@1 metric for the QA-Expert task, and how much better did it perform compared to the average P@1 score of the D2V method? ", "response": {"1611.04363v2-Table1-1.png": [" Yes", " The table shows the performance comparison of different methods. The best performing method according to the P@1 metric for the QA-Expert task is the D2V method. It performed 15% better compared to the average P@1 score of the D2V method."]}, "referred_figures_names": ["1611.04363v2-Table1-1.png"], "answer": "The WeakFG method achieved the highest P@1 score for the QA-Expert task with a score of 52.8. This is 23.2% higher than the average P@1 score of the D2V method, which was 29.6. "}, "1": {"question": "What is the relationship between the decline probability of an expert and whether or not they have a \"friend\" who has already declined?", "response": {"1611.04363v2-Figure1-1.png": [" Yes", " The relationship between the decline probability of an expert and whether or not they have a \"friend\" who has already declined is that the expert's probability of declining is higher when they have a \"friend\" who has already declined. This is shown in the image, where the orange line is higher when the \"friend\" has already declined."]}, "referred_figures_names": ["1611.04363v2-Figure1-1.png"], "answer": "The decline probability of an expert is higher if they have a \"friend\" who has already declined."}}