{"0": {"question": "What is the function of the ReOrth Layer in the Projection Block of the Grassmann Network architecture?", "response": {"1611.05742v3-Figure1-1.png": [" Yes", " The ReOrth Layer in the Projection Block of the Grassmann Network architecture is responsible for rearranging the input data to improve the performance of the network."]}, "referred_figures_names": ["1611.05742v3-Figure1-1.png"], "answer": "The ReOrth Layer re-orthogonalizes the output of the FRMap Layer."}, "1": {"question": "Which pooling method is the most accurate for the AFEW database?", "response": {"1611.05742v3-Figure2-1.png": [" Yes", " The most accurate pooling method for the AFEW database is the ProjPooling across or within projections (A-ProjPooling, W-ProjPooling)."]}, "referred_figures_names": ["1611.05742v3-Figure2-1.png"], "answer": "W-ProjPooling"}, "2": {"question": "Which method performs best on the PaSC dataset for the handheld testing scenario (PaSC2), and how does its performance compare to other methods?", "response": {"1611.05742v3-Table1-1.png": [" Yes", " The best performing method on the PaSC dataset for the handheld testing scenario (PaSC2) is the G-block method. It outperforms the other methods, including the AFEW and HDM05 datasets."]}, "referred_figures_names": ["1611.05742v3-Table1-1.png"], "answer": "The method that performs best on the PaSC dataset for the handheld testing scenario (PaSC2) is SPDNet, with an accuracy of 72.83%. This performance is slightly higher than GrNet-2Blocks (72.76%) and significantly higher than other methods like VGGDeepFace (68.24%) and DeepO2P (60.14%)."}}