{"0": {"question": "Which network architecture has the highest accuracy on the CIFAR-10 dataset?", "response": {"1611.07718v2-Table3-1.png": [" Yes", " The network architecture that has the highest accuracy on the CIFAR-10 dataset is the DenseNet."]}, "referred_figures_names": ["1611.07718v2-Table3-1.png"], "answer": "DMRNet-Wide"}, "1": {"question": "What is the difference between a deep residual network and a network built by stacking inception-like blocks?", "response": {"1611.07718v2-Figure2-1.png": [" Yes", " A deep residual network is a neural network architecture that uses residual connections to improve the training process. It consists of multiple layers, including an input layer, one or more hidden layers, and an output layer. The residual connections allow the network to learn more efficiently by reducing the reliance on backpropagation. In contrast, a network built by stacking inception-like blocks is a neural network architecture that uses multiple inception-like blocks to improve the training process. It consists"]}, "referred_figures_names": ["1611.07718v2-Figure2-1.png"], "answer": "Deep residual networks have skip connections that allow the gradient to flow directly from one layer to another, while networks built by stacking inception-like blocks do not."}, "2": {"question": "What is the difference between the residual block and the merge-and-run block?", "response": {"1611.07718v2-Figure1-1.png": [" Yes", " The residual block is a building block in ResNets that consists of two residual branches sequentially, while the merge-and-run block assembles the same two residual branches in parallel. The residual block uses an identity mapping, while the merge-and-run block uses a proposed merge-and-run mapping."]}, "referred_figures_names": ["1611.07718v2-Figure1-1.png"], "answer": "The residual block assembles two residual branches sequentially, while the merge-and-run block assembles the same two residual branches in parallel."}, "3": {"question": "How does the training loss of DMRNet compare to that of ResNet on the CIFAR-10 dataset with L = 30?", "response": {"1611.07718v2-Figure7-1.png": [" Yes", " The training loss of DMRNet is lower than that of ResNet on the CIFAR-10 dataset with L = 30."]}, "referred_figures_names": ["1611.07718v2-Figure7-1.png"], "answer": "The training loss of DMRNet is lower than that of ResNet on the CIFAR-10 dataset with L = 30."}, "4": {"question": "Which network has the shortest average path length when L = 9?", "response": {"1611.07718v2-Figure3-1.png": [" No", " The network with the shortest average path length when L = 9 is the one on the left."]}, "referred_figures_names": ["1611.07718v2-Figure3-1.png"], "answer": "DMRNet"}, "5": {"question": "Which model has the lowest Top-1 validation error on ImageNet?", "response": {"1611.07718v2-Table4-1.png": [" Yes", " The model with the lowest Top-1 validation error on ImageNet is DMRNet."]}, "referred_figures_names": ["1611.07718v2-Table4-1.png"], "answer": "ResNet-101 from the reference paper reports top-1 validation error of 23.60 which is lower than ResNet-101 reevaluated (26.41) and DMRNet (23.66)"}, "6": {"question": "Does sharing the first convolutional layer and the last fully connected layer improve the accuracy of the merge-and-run mapping?", "response": {"1611.07718v2-Table5-1.png": [" Yes", " Yes"]}, "referred_figures_names": ["1611.07718v2-Table5-1.png"], "answer": "Yes."}, "7": {"question": "How does the classification error of a residual network change as the average path length increases?", "response": {"1611.07718v2-Figure6-1.png": [" Yes", " The classification error of a residual network decreases as the average path length increases."]}, "referred_figures_names": ["1611.07718v2-Figure6-1.png"], "answer": "The classification error of a residual network generally increases as the average path length increases."}}