{"0": {"question": "Which model performed the best on the SICK dataset according to the MSE metric?", "response": {"1611.02654v2-Table4-1.png": [" Yes", " The best performing purely supervised method on the SICK dataset according to the MSE metric is the one with the lowest MSE value."]}, "referred_figures_names": ["1611.02654v2-Table4-1.png"], "answer": "The supervised model performed the best on the SICK dataset according to the MSE metric."}, "1": {"question": "What is the effect of pre-training with the ordering task on the ROUGE-L score for extractive summarization?", "response": {"1611.02654v2-Table3-1.png": [" Yes", " The effect of pre-training with the ordering task on the ROUGE-L score for extractive summarization is that it improves the score."]}, "referred_figures_names": ["1611.02654v2-Table3-1.png"], "answer": "Pre-training with the ordering task increases the ROUGE-L score for extractive summarization."}, "2": {"question": "Which model performs the best for the order discrimination task on the Accidents dataset and how does it compare to the other data-driven approaches?", "response": {"1611.02654v2-Table1-1.png": [" Yes", " The Entity-Grid model performs the best for the order discrimination task on the Accidents dataset. It outperforms the other data-driven approaches, including HMM, Graph, Window network, and sequence-to-sequence models."]}, "referred_figures_names": ["1611.02654v2-Table1-1.png"], "answer": "The proposed model in this paper achieves the best performance for the order discrimination task on the Accidents dataset with an accuracy of 0.944. It outperforms the other data-driven approaches, namely Window (Recurrent) with 0.840, Window (Recursive) with 0.864, and Seq2seq with 0.930."}, "3": {"question": "What can you say about the relationship between the sentences in a document based on the t-SNE embeddings?", "response": {"1611.02654v2-Figure2-1.png": [" Yes", " Based on the t-SNE embeddings, it appears that the sentences in a document are related to each other, as they are all part of the same text. The color-coded positions of the sentences in the document suggest that they are arranged in a way that reflects their semantic relationships. This could indicate that the sentences are organized in a way that helps the reader understand the context and meaning of the text."]}, "referred_figures_names": ["1611.02654v2-Figure2-1.png"], "answer": "Sentences that are closer together in the embedding space are more semantically similar than those that are farther apart."}, "4": {"question": "How does the proposed model compare to the other models in terms of accuracy on the NIPS Abstracts dataset?", "response": {"1611.02654v2-Table2-1.png": [" Yes", " The proposed model is more accurate than the other models on the NIPS Abstracts dataset."]}, "referred_figures_names": ["1611.02654v2-Table2-1.png"], "answer": "The proposed model has the highest accuracy on the NIPS Abstracts dataset, with an accuracy of 51.55."}}