{"0": {"question": "What are the main differences between the educational philosophies of the Bonaparte and Voltaire schools?", "response": {"1611.04684v1-Table1-1.png": [" Yes", " Bonaparte and Voltaire schools have different educational philosophies. Bonaparte schools focus on physical activities and outdoor education, while Voltaire schools emphasize intellectual and philosophical development. Bonaparte schools teach kids to become good leaders by concentrating on physical activities and managing their time, while Voltaire schools teach kids to become independent thinkers by encouraging them to think critically and develop their own ideas."]}, "referred_figures_names": ["1611.04684v1-Table1-1.png"], "answer": "The Bonaparte school focuses on outdoor physical activities, maneuvers, and strategies, with a specialization in horse riding, lances, and swords. They aim to develop students into good leaders. The Voltaire school, on the other hand, encourages independent thinking and focuses on indoor activities. They aim to instill good moral values and develop students into philosophical thinkers."}, "1": {"question": "Which model performs the best for response selection, and how can we tell?", "response": {"1611.04684v1-Table4-1.png": [" Yes", " The table shows the results of the evaluation of different models for response selection. The best performing model is the one with the highest score. The score is calculated based on the accuracy of the selected response. The table shows the scores for each model, and the one with the highest score is the best performing model."]}, "referred_figures_names": ["1611.04684v1-Table4-1.png"], "answer": "The KEHNN model performs the best for response selection. This is evident because it achieves the highest scores across all metrics (R$2$@1, R${10}$@1, R${10}$@2, and R${10}$@5) compared to all other models in the table."}, "2": {"question": "Which model performs best on the Ubuntu dataset for text lengths between 60 and 90 words?", "response": {"1611.04684v1-Table5-1.png": [" Yes", " The model that performs best on the Ubuntu dataset for text lengths between 60 and 90 words is the LSTM model."]}, "referred_figures_names": ["1611.04684v1-Table5-1.png"], "answer": "KEHNN"}, "3": {"question": "What is the role of the knowledge gates in the KEHNN architecture?", "response": {"1611.04684v1-Figure1-1.png": [" Yes", " The knowledge gates in the KEHNN architecture are responsible for processing and storing information. They are designed to handle various types of data, including text, images, and audio, and can be used to create and train machine learning models. The architecture is based on the idea of a \"knowledge engine\" that can learn from its environment and make decisions based on the information it has gathered."]}, "referred_figures_names": ["1611.04684v1-Figure1-1.png"], "answer": "The knowledge gates are responsible for selecting relevant information from the knowledge base and incorporating it into the model's hidden state."}, "4": {"question": "How does the average number of answers per question differ between the training and development sets? What might be a possible explanation for this difference?", "response": {"1611.04684v1-Table2-1.png": [" Yes", " The average number of answers per question in the training set is 3.5, while in the development set, it is 6.5. This difference could be due to the fact that the training set is designed to optimize the model's performance, so it may have a higher number of answers to ensure that the model can make accurate predictions. On the other hand, the development set is designed to evaluate the model's performance, so it may have fewer answers to prevent overfitting"]}, "referred_figures_names": ["1611.04684v1-Table2-1.png"], "answer": "The training set has a higher average number of answers per question (6.36) compared to the development set (5.48). This suggests that questions in the training set tend to have more potential answers associated with them than those in the development set."}}