{"0": {"question": "What is the equation that describes the motion of a mass attached to a spring?", "response": {"1612.02803v5-Figure1-1.png": [" Yes", " The equation that describes the motion of a mass attached to a spring is x = -kx^2 + kx^4."]}, "referred_figures_names": ["1612.02803v5-Figure1-1.png"], "answer": "The equation that describes the motion of a mass attached to a spring is:\n```\nm d^2 X / dt^2 + kX = 0\n```\nwhere:\n* m is the mass of the object\n* X is the displacement of the object from its equilibrium position\n* k is the spring constant\n* t is time"}}