{"0": {"question": "How many iterations did the greedy EM-type learning process take to learn the part models for the watch image?", "response": {"1701.06171v4-Figure4-1.png": [" Yes", " The greedy EM-type learning process took 22 iterations to learn the part models for the watch image."]}, "referred_figures_names": ["1701.06171v4-Figure4-1.png"], "answer": "22 iterations"}, "1": {"question": "What is the relationship between the variables in the Compositional Active Basis Model?", "response": {"1701.06171v4-Figure2-1.png": [" Yes", " The Compositional Active Basis Model (CABM) is a mathematical model that describes the relationship between random variables. In the image, there are two diagrams showing the dependence structure between random variables in a CABM. The first diagram is a simple binary-tree structured Markov random field, while the second diagram is a graphical model of a generalized multi-layer CABM. The hierarchical dependence structure of the CABM is shown, which includes the number of"]}, "referred_figures_names": ["1701.06171v4-Figure2-1.png"], "answer": "The variables in the Compositional Active Basis Model are hierarchically dependent. The variables at each layer are dependent on the variables at the layer above it."}, "2": {"question": "What is the difference between the hierarchical part dictionary learned with the bottom-up process and the holistic object model learned with the top-down process?", "response": {"1701.06171v4-Figure5-1.png": [" Yes", " The hierarchical part dictionary learned with the bottom-up process is a representation of the parts and their relationships in a hierarchical structure. The holistic object model learned with the top-down process is a representation of the whole object and its relationships in a hierarchical structure. The bottom-up process starts with the parts and builds up the hierarchy, while the top-down process starts with the whole object and breaks it down into parts."]}, "referred_figures_names": ["1701.06171v4-Figure5-1.png"], "answer": "The hierarchical part dictionary learned with the bottom-up process is a set of parts that can be combined to create objects. The holistic object model learned with the top-down process is a single model that represents the entire object."}, "3": {"question": "What is the difference between the top-down and bottom-up compositional learning schemes?", "response": {"1701.06171v4-Figure3-1.png": [" Yes", " The top-down compositional learning scheme involves composing the learned hierarchical part dictionary into a holistic object model, while the bottom-up process groups basis filters into higher-order parts until no further compositions are found."]}, "referred_figures_names": ["1701.06171v4-Figure3-1.png"], "answer": "The top-down compositional learning scheme starts with a holistic object model and decomposes it into smaller parts, while the bottom-up compositional learning scheme starts with basic parts and composes them into a holistic object model."}}