{"0": {"question": "How does the shape of the IRLS weight function change as the shape parameter \u03b1 increases?", "response": {"1701.03077v10-Figure7-1.png": [" Yes", " The shape of the IRLS weight function changes as the shape parameter \u03b1 increases, with the function becoming more curved and concave."]}, "referred_figures_names": ["1701.03077v10-Figure7-1.png"], "answer": "The IRLS weight function becomes more peaked and concentrated around zero as the shape parameter \u03b1 increases."}, "1": {"question": "How do the reconstructed faces in the \"Mean Reconstruction\" differ from those in the \"Sampled Reconstruction\"?", "response": {"1701.03077v10-Figure12-1.png": [" Yes", " The \"Mean Reconstruction\" shows the average face of the input image, while the \"Sampled Reconstruction\" shows a random face sampled from the latent space."]}, "referred_figures_names": ["1701.03077v10-Figure12-1.png"], "answer": "The reconstructed faces in the \"Mean Reconstruction\" are smoother and less detailed than those in the \"Sampled Reconstruction\". This is because the mean reconstruction is based on the average of all the possible reconstructions, while the sampled reconstruction is based on a single sample from the distribution."}, "2": {"question": "How does the performance of the adaptive model compare to the fixed model with different values of \u03b1?", "response": {"1701.03077v10-Figure9-1.png": [" Yes", " The adaptive model with individual adaptation of shape parameter to each coefficient outperforms the fixed model with different values of \u03b1."]}, "referred_figures_names": ["1701.03077v10-Figure9-1.png"], "answer": "The adaptive model consistently outperforms the fixed model for all values of \u03b1."}, "3": {"question": "On which dataset did the gRCC* algorithm achieve the largest relative improvement over the RCC algorithm, and by approximately how much did it improve?", "response": {"1701.03077v10-Table4-1.png": [" Yes", " The gRCC* algorithm achieved the largest relative improvement over the RCC algorithm on the \"Pedigree\" dataset, and it improved by approximately 15%."]}, "referred_figures_names": ["1701.03077v10-Table4-1.png"], "answer": "The gRCC* algorithm achieved the largest relative improvement over the RCC algorithm on the YTF dataset, with a relative improvement of approximately 31.9%."}, "4": {"question": "What is the relationship between the shape parameter \u03b1 and the shape of the loss function?", "response": {"1701.03077v10-Figure1-1.png": [" Yes", " The relationship between the shape parameter \u03b1 and the shape of the loss function is that different values of \u03b1 reproduce existing loss functions. The input image shows a graph with two different graphs, one on the left and one on the right. The left graph represents the general loss function, while the right graph represents its gradient. The shape parameter \u03b1 is used to control the shape of the loss function, and different values of \u03b1 reproduce different loss functions."]}, "referred_figures_names": ["1701.03077v10-Figure1-1.png"], "answer": "The shape parameter \u03b1 controls the shape of the loss function. As \u03b1 increases, the loss function becomes more peaked, and as \u03b1 decreases, the loss function becomes more flat."}, "5": {"question": "What is the effect of replacing the loss function in the \"Baseline\" network with the \"adaptive\" loss over wavelet coefficients?", "response": {"1701.03077v10-Figure4-1.png": [" Yes", " The effect of replacing the loss function in the \"Baseline\" network with the \"adaptive\" loss over wavelet coefficients is an improvement in depth estimates."]}, "referred_figures_names": ["1701.03077v10-Figure4-1.png"], "answer": "Replacing the loss function in the \"Baseline\" network with the \"adaptive\" loss over wavelet coefficients results in significantly improved depth estimates."}, "6": {"question": "Which method for setting the shape parameter of the proposed loss function achieved the best performance in terms of average error? How much improvement did it offer compared to the reproduced baseline?", "response": {"1701.03077v10-Table2-1.png": [" Yes", " The method that achieved the best performance in terms of average error was the one that used the adaptive shape parameter of the proposed loss function. This method offered a significant improvement of around 20% compared to the reproduced baseline."]}, "referred_figures_names": ["1701.03077v10-Table2-1.png"], "answer": "The \"adaptive $\\power \\in (0, 2)$\" strategy, where each wavelet coefficient has its own shape parameter that is optimized during training, achieved the best performance in terms of average error. It reduced the average error by approximately 17% compared to the reproduced baseline."}, "7": {"question": "Why did the authors choose to use a nonlinearity to curve \u03b1 before fitting the cubic hermite spline?", "response": {"1701.03077v10-Figure8-1.png": [" Yes", " The authors chose to use a nonlinearity to curve \u03b1 before fitting the cubic hermite spline to improve the accuracy of the approximation. By increasing knot density near \u03b1 = 2 and decreasing knot density when \u03b1 > 4, the nonlinearity helps to better represent the distribution's log partition function in the transformed space. This approach allows for a more accurate and smooth interpolation of the log(Z (\u03b1)) function."]}, "referred_figures_names": ["1701.03077v10-Figure8-1.png"], "answer": "The authors chose to use a nonlinearity to curve \u03b1 before fitting the cubic hermite spline because it allows for increased knot density near \u03b1 = 2 and decreased knot density when \u03b1 > 4. This helps to better approximate the log partition function, which is difficult to evaluate for arbitrary inputs."}, "8": {"question": "What is the range of values for the shape parameter \u03b1?", "response": {"1701.03077v10-Figure13-1.png": [" Yes", " The range of values for the shape parameter \u03b1 is from 0 to 2."]}, "referred_figures_names": ["1701.03077v10-Figure13-1.png"], "answer": "The range of values for the shape parameter \u03b1 is from 0 to 2."}, "9": {"question": "How does the performance of gFGR change as the shape parameter \u03b1 increases?", "response": {"1701.03077v10-Figure5-1.png": [" Yes", " The performance of gFGR increases as the shape parameter \u03b1 increases."]}, "referred_figures_names": ["1701.03077v10-Figure5-1.png"], "answer": "The performance of gFGR generally improves as the shape parameter \u03b1 increases."}, "10": {"question": "Which image representation results in the sharpest and highest-quality samples?", "response": {"1701.03077v10-Figure3-1.png": [" Yes", " The image representation that results in the sharpest and highest-quality samples is the one that uses the general distributions (columns) to model the coefficients of three different image representations (rows)."]}, "referred_figures_names": ["1701.03077v10-Figure3-1.png"], "answer": "DCT and wavelet representations."}, "11": {"question": "Which dataset shows the greatest sensitivity to the choice of $\\power$?", "response": {"1701.03077v10-Figure6-1.png": [" Yes", " The dataset that shows the greatest sensitivity to the choice of $\\power$$ is the one with the highest accuracy."]}, "referred_figures_names": ["1701.03077v10-Figure6-1.png"], "answer": "RCV1"}, "12": {"question": "How does the shape of the negative log-likelihood (NLL) and probability density functions change as the value of \u03b1 increases?", "response": {"1701.03077v10-Figure2-1.png": [" Yes", " The shape of the negative log-likelihood (NLL) and probability density functions change as the value of \u03b1 increases."]}, "referred_figures_names": ["1701.03077v10-Figure2-1.png"], "answer": " As the value of \u03b1 increases, the NLL functions become more peaked and the probability density functions become more concentrated around the mean."}, "13": {"question": "How do the results of the baseline and the proposed method compare in terms of accuracy?", "response": {"1701.03077v10-Figure17-1.png": [" Yes", " The results of the baseline and the proposed method are compared in terms of accuracy."]}, "referred_figures_names": ["1701.03077v10-Figure17-1.png"], "answer": "The proposed method appears to be more accurate than the baseline method. The depth maps generated by the proposed method are more detailed and realistic than those generated by the baseline method."}, "14": {"question": "How does the choice of distribution affect the quality of the reconstructions?", "response": {"1701.03077v10-Figure15-1.png": [" Yes", " The choice of distribution affects the quality of the reconstructions by altering the statistical properties of the coefficients. Different distributions can lead to different patterns of variation in the coefficients, which in turn can impact the fidelity and detail of the reconstructed images. For example, using a Cauchy distribution can result in a more focused and detailed reconstruction, while using a normal distribution can lead to a more general and less detailed reconstruction. The choice of distribution can also influence the"]}, "referred_figures_names": ["1701.03077v10-Figure15-1.png"], "answer": "Reconstructions from models using general distributions tend to be sharper and more detailed than reconstructions from the corresponding model that uses normal distributions."}}