{"0": {"question": "How does the observed error compare to the underlying true error as CPU time increases?", "response": {"1702.03584v3-Figure1-1.png": [" Yes", " The observed error is compared to the underlying true error as CPU time increases."]}, "referred_figures_names": ["1702.03584v3-Figure1-1.png"], "answer": "The observed error is initially higher than the underlying true error, but it quickly decreases and converges to the true error as CPU time increases."}, "1": {"question": "How does the performance of SPIRAL-DTW-kMeans compare to k-Shape and CLDS?", "response": {"1702.03584v3-Figure2-1.png": [" Yes", " The performance of SPIRAL-DTW-kMeans compares favorably to k-Shape and CLDS, as indicated by the circles below the diagonal in the image. This suggests that the method outperforms these state-of-the-art methods in terms of clustering performance, as measured by the NMI metric."]}, "referred_figures_names": ["1702.03584v3-Figure2-1.png"], "answer": "SPIRAL-DTW-kMeans performs better than k-Shape and CLDS on most datasets."}, "2": {"question": "Which method performs the best in terms of NMI and what percentage of datasets does it outperform the other methods on?", "response": {"1702.03584v3-Table1-1.png": [" Yes", " The method that performs the best in terms of NMI is SPIRAL-MSM-kMeans. It outperforms the other methods on 100% of the datasets."]}, "referred_figures_names": ["1702.03584v3-Table1-1.png"], "answer": "The SPIRAL-MSM-kMeans method performs the best in terms of NMI with a score of 0.365. It outperforms the other methods on 89.4% of the datasets."}}