{"0": {"question": "Which method, C-Tarone or Binarization, achieves higher precision when the number of features is small and the number of data points is large?", "response": {"1702.08694v3-Figure5-1.png": [" Yes", " C-Tarone achieves higher precision when the number of features is small and the number of data points is large."]}, "referred_figures_names": ["1702.08694v3-Figure5-1.png"], "answer": "C-Tarone."}, "1": {"question": "How does the C-Tarone method compare to the binarization method in terms of precision, recall, F-measure, and running time?", "response": {"1702.08694v3-Figure3-1.png": [" Yes", " The C-Tarone method compares to the binarization method in terms of precision, recall, F-measure, and running time. The C-Tarone method is shown in red, while the binarization approach is shown in blue. The y-axis is in logarithmic scale. Higher (taller) is better in precision, recall, and F-measure, while lower is better in running time."]}, "referred_figures_names": ["1702.08694v3-Figure3-1.png"], "answer": "The C-Tarone method has higher precision and F-measure than the binarization method in all datasets. The C-Tarone method has better or competitive recall than the binarization method. The running time of the C-Tarone method is competitive with the binarization method."}, "2": {"question": "For a fixed value of $b$, how does the maximum achievable KL divergence and the corresponding minimum achievable p-value change with increasing values of $a$?", "response": {"1702.08694v3-Figure4-1.png": [" Yes", " The KL divergence and the corresponding p-value change as the value of a increases. The KL divergence is the upper bound of the divergence, and the p-value is the minimum achievable value. As the value of a increases, the KL divergence and the p-value both decrease."]}, "referred_figures_names": ["1702.08694v3-Figure4-1.png"], "answer": "The maximum achievable KL divergence initially increases with increasing values of $a$ until it reaches a peak. Then, it decreases with increasing values of $a$. The minimum achievable p-value initially decreases with increasing values of $a$ until it reaches a minimum. Then, it increases with increasing values of $a$."}, "3": {"question": "Which dataset would likely require the most computational resources for C-Tarone to analyze?", "response": {"1702.08694v3-Table2-1.png": [" Yes", " The dataset that would likely require the most computational resources for C-Tarone to analyze is the one that contains the most data points. In the image, there are several datasets with varying numbers of data points, such as \"data 1,\" \"data 2,\" and \"data 3.\" The dataset with the highest number of data points would be the most challenging for C-Tarone to analyze."]}, "referred_figures_names": ["1702.08694v3-Table2-1.png"], "answer": "The \"wdbc\" dataset would likely require the most computational resources for C-Tarone to analyze."}}