{"0": {"question": "What is the relationship between the number of Monte Carlo samples (N) and the translation performance of the BR-CSGAN model? Why is there a trade-off when choosing the value of N?", "response": {"1703.04887v4-Table3-1.png": [" Yes", " The relationship between the number of Monte Carlo samples (N) and the translation performance of the BR-CSGAN model is that as the value of N increases, the translation performance tends to improve. However, there is a trade-off when choosing the value of N, as increasing N can also increase computational cost and decrease the efficiency of the model. The optimal value of N depends on the specific task and resources available."]}, "referred_figures_names": ["1703.04887v4-Table3-1.png"], "answer": "The table and passage show that the translation performance of the BR-CSGAN model generally improves as the number of Monte Carlo samples (N) increases. However, this improvement plateaus after N reaches a certain point (around 20 in this case).\n\nThere is a trade-off when choosing the value of N because increasing N also increases the computational complexity and training time. While a higher N leads to more accurate reward estimations and better performance, it also requires more computational resources and longer training times. Therefore, choosing the optimal N involves balancing the desired performance with the available computational resources and time constraints."}, "1": {"question": "How does the initial accuracy of the discriminator affect the BLEU score?", "response": {"1703.04887v4-Figure2-1.png": [" Yes", " The initial accuracy of the discriminator affects the BLEU score by influencing the overall performance of the model. In the image, there are different initial accuracies for the discriminators, which are labeled as \"0.6-acc,\" \"0.8-acc,\" and \"0.4-acc.\" The discriminators with higher initial accuracies are more likely to produce better results, leading to a higher BLEU score. Conversely,"]}, "referred_figures_names": ["1703.04887v4-Figure2-1.png"], "answer": "The BLEU score decreases as the initial accuracy of the discriminator increases."}, "2": {"question": "How does BR-CSGAN compare to MRT in terms of translation performance and what is the likely reason for this difference?", "response": {"1703.04887v4-Table2-1.png": [" Yes", " The table shows the BLEU score for both MRT and BR-CSGAN on Chinese-English and English-German translation tasks. MRT has a higher BLEU score than BR-CSGAN in both cases. The likely reason for this difference is that MRT is a more advanced and sophisticated model compared to BR-CSGAN. MRT may have better capabilities in handling complex language structures and translating them accurately, leading to a higher B"]}, "referred_figures_names": ["1703.04887v4-Table2-1.png"], "answer": "BR-CSGAN consistently outperforms MRT on both Chinese-English and English-German translation tasks, achieving higher BLEU scores.\n\nWhile both methods optimize similar objectives, BR-CSGAN uses a reinforcement learning procedure with a dynamic discriminator to maximize rewards for the generator. This dynamic feedback seems to be more effective than the static objective and random sampling approach used by MRT, leading to better translation performance."}, "3": {"question": "Which model and configuration achieves the best performance on the Chinese-English translation task, and how much improvement does it offer compared to the baseline RNNSearch model?", "response": {"1703.04887v4-Table1-1.png": [" Yes", " The best performance on the Chinese-English translation task is achieved by the Transformer model, which offers a 1.5% improvement compared to the baseline RNNSearch model."]}, "referred_figures_names": ["1703.04887v4-Table1-1.png"], "answer": "The Transformer+BR-CSGAN model with \u03bb=0.8 achieves the best performance on the Chinese-English translation task with an average BLEU score of 42.61. This represents an improvement of 0.81 BLEU points compared to the baseline RNNSearch model."}, "4": {"question": "What is the role of the discriminator (D) in the proposed BR-CSGAN model?", "response": {"1703.04887v4-Figure1-1.png": [" Yes", " The discriminator (D) in the proposed BR-CSGAN model is trained to differentiate between real sentence pairs translated by a human and the generated sentence pairs by the generator (G). The discriminator receives a conditional reward from the generator, and the final reward is provided by the discriminator and the quality model (Q)."]}, "referred_figures_names": ["1703.04887v4-Figure1-1.png"], "answer": " The discriminator (D) is responsible for distinguishing between real sentence pairs translated by humans and generated sentence pairs produced by the generator (G). It provides feedback to G in the form of rewards, helping G improve its ability to generate realistic sentence pairs."}}