{"0": {"question": "What is the relationship between the true market state qt and the noisy version q\u0302t at time t?", "response": {"1703.00899v2-Figure1-1.png": [" Yes", " The relationship between the true market state qt and the noisy version q\u0302t at time t is that q\u0302t is a combination of qt, independent Laplace noise vector zt, and the noise added at t. The noise added at t is a sum of noises obtained by following the arrows all the way back to 0, and each arrow originates at t, points backwards to s(t), and is labeled with independent Laplace noise vector zt."]}, "referred_figures_names": ["1703.00899v2-Figure1-1.png"], "answer": "The noisy version q\u0302t at time t is equal to the true market state qt plus a sum of Laplace noise vectors obtained by following the arrows all the way back to 0."}}