{"0": {"question": "What are the three goals that the proposed algorithm must achieve simultaneously?", "response": {"1703.10730v2-Figure1-1.png": [" Yes", " The three goals that the proposed algorithm must achieve simultaneously are: 1) to generate a complete image from key local patches without geometric priors, 2) to restore broken pieces of ancient ceramics found in ruins, and 3) to synthesize an image from key local patches without geometric priors."]}, "referred_figures_names": ["1703.10730v2-Figure1-1.png"], "answer": "The three goals that the proposed algorithm must achieve simultaneously are: \n1. To predict the locations of the input patches. \n2. To generate the entire image based on the predicted locations of the input patches. \n3. To do so without any geometric priors."}, "1": {"question": "How does the network's focus change as the training epoch increases?", "response": {"1703.10730v2-Figure7-1.png": [" Yes", " The network's focus changes as the training epoch increases by generating more realistic and diverse masks and images at different epochs."]}, "referred_figures_names": ["1703.10730v2-Figure7-1.png"], "answer": "The network initially focuses on predicting a good mask. As the epoch increases, the input parts become sharper. Finally, the network concentrates on generating realistic images."}, "2": {"question": "What is the relationship between the input patches and the generated images?", "response": {"1703.10730v2-Figure13-1.png": [" Yes", " The relationship between the input patches and the generated images is that the input patches are local patches from the image \"Real,\" and the generated images are the results of the image generation process. The input patches are used as input to the image generation algorithm, which then generates the images based on the input patches."]}, "referred_figures_names": ["1703.10730v2-Figure13-1.png"], "answer": "The input patches are used to generate the images. The generator network takes the input patches as input and generates new images that are similar to the input patches."}, "3": {"question": "What are the inputs to the image generation network?", "response": {"1703.10730v2-Figure2-1.png": [" Yes", " The inputs to the image generation network are the image, the image's features, and a random noise vector."]}, "referred_figures_names": ["1703.10730v2-Figure2-1.png"], "answer": "The inputs to the image generation network are the observed images (x) and a random noise vector (z)."}, "4": {"question": "How does the presence of noise in the input image affect the quality of the generated images?", "response": {"1703.10730v2-Figure9-1.png": [" Yes", " The presence of noise in the input image can affect the quality of the generated images by introducing distortions and artifacts. When a Gaussian noise is added at each pixel of the input image, the generated images can have a more realistic and diverse appearance. However, the quality of the generated images can also be affected by the complexity of the noise and the specific parameters used in the image generation process. In some cases, the presence of noise can lead to better visual results, while in other"]}, "referred_figures_names": ["1703.10730v2-Figure9-1.png"], "answer": "The presence of noise in the input image can degrade the quality of the generated images, but the proposed algorithm is still able to generate realistic images even with a certain amount of noise."}}