{"0": {"question": "Which model performed the best on the MSRP task for the Ordered Sentences dataset?", "response": {"1703.02507v3-Table1-1.png": [" Yes", " The best performance for the MSRP task on the Ordered Sentences dataset was achieved by the model SAE."]}, "referred_figures_names": ["1703.02507v3-Table1-1.png"], "answer": "SkipThought"}, "1": {"question": "Which model performs best on the SICK 2014 dataset in terms of average Spearman and Pearson correlation?", "response": {"1703.02507v3-Table2-1.png": [" Yes", " The best performing model on the SICK 2014 dataset in terms of average Spearman and Pearson correlation is the SVM model."]}, "referred_figures_names": ["1703.02507v3-Table2-1.png"], "answer": "C-PHRASE"}, "2": {"question": "What is the relationship between the $L_2$-norm of a word vector and its frequency?", "response": {"1703.02507v3-Figure1-1.png": [" Yes", " The relationship between the $L_2$-norm of a word vector and its frequency is that the $L_2$-norm is a measure of the magnitude of the word vector, and the frequency is a measure of how often the word appears in the data. The $L_2$-norm is calculated by taking the square root of the sum of the squares of the word vector's components, while the frequency is calculated by dividing the number of occurrences of the word by the total"]}, "referred_figures_names": ["1703.02507v3-Figure1-1.png"], "answer": "The $L_2$-norm of a word vector is inversely proportional to its frequency."}, "3": {"question": "Which dataset has the shortest average sentence length?", "response": {"1703.02507v3-Table8-1.png": [" Yes", " The dataset with the shortest average sentence length is the one on the left."]}, "referred_figures_names": ["1703.02507v3-Table8-1.png"], "answer": "Headlines."}, "4": {"question": "Which model performed the best on the MSRP task for the Twitter dataset?", "response": {"1703.02507v3-Table6-1.png": [" Yes", " The best performance for the Twitter dataset was achieved by the Sent2Vec model."]}, "referred_figures_names": ["1703.02507v3-Table6-1.png"], "answer": "The Sent2Vec uni. + bi. model performed the best on the MSRP task for the Twitter dataset."}}