{"0": {"question": "Which dataset exhibits the strongest seasonality?", "response": {"1703.07015v3-Figure3-1.png": [" Yes", " The dataset that exhibits the strongest seasonality is the one with the green line."]}, "referred_figures_names": ["1703.07015v3-Figure3-1.png"], "answer": "The Traffic dataset."}, "1": {"question": "What component of LSTNet is most important for its performance?", "response": {"1703.07015v3-Figure56-1.png": [" Yes", " The most significant performance of LSTNet is the AR component."]}, "referred_figures_names": ["1703.07015v3-Figure56-1.png"], "answer": "The AR component."}, "2": {"question": "Which of the two models, LSTw/oAR or LST-Skip, seems to perform better in predicting electricity consumption?", "response": {"1703.07015v3-Figure6-1.png": [" Yes", " The model LSTw/oAR seems to perform better in predicting electricity consumption."]}, "referred_figures_names": ["1703.07015v3-Figure6-1.png"], "answer": "LST-Skip seems to perform better in predicting electricity consumption."}, "3": {"question": "Which model, VAR or LSTNet, is better at capturing both daily and weekly repeating patterns in the data?", "response": {"1703.07015v3-Figure7-1.png": [" Yes", " LSTNet"]}, "referred_figures_names": ["1703.07015v3-Figure7-1.png"], "answer": "LSTNet"}, "4": {"question": "Which dataset has the highest temporal resolution, meaning it provides data points at the most frequent intervals?", "response": {"1703.07015v3-Table1-1.png": [" Yes", " The dataset with the highest temporal resolution is the one that has the highest sample rate."]}, "referred_figures_names": ["1703.07015v3-Table1-1.png"], "answer": "The solar dataset has the highest temporal resolution."}, "5": {"question": "What are the different types of layers in the LSTNet model and how are they connected?", "response": {"1703.07015v3-Figure2-1.png": [" Yes", " The LSTNet model consists of three main layers: the input layer, the hidden layer, and the output layer. The input layer receives the input data, which is then processed by the hidden layer. The hidden layer contains the majority of the model's parameters and is responsible for transforming the input data into a more suitable representation for the output layer. The output layer, also known as the activation function, is responsible for generating the final output. The hidden layer is connected to the input layer"]}, "referred_figures_names": ["1703.07015v3-Figure2-1.png"], "answer": "The LSTNet model has four main types of layers:\n\n1. Convolutional layer: This layer extracts local dependency patterns from the input data. \n2. Recurrent and recurrent-skip layer: These layers capture long-term dependencies in the data. \n3. Fully connected and element-wise sum output layer: This layer combines the outputs from the convolutional and recurrent layers to produce the final prediction.\n4. Autoregressive layer: This layer provides a linear bypass to the non-linear neural network part of the model. \n\nThe convolutional layer receives the input data and passes its output to the recurrent and recurrent-skip layers. These layers then pass their output to the fully connected and element-wise sum output layer. The autoregressive layer receives the input data directly and its output is also fed into the fully connected and element-wise sum output layer."}, "6": {"question": "How does the performance of LSTNet-attn vary with the horizon on the Solar-Energy dataset?", "response": {"1703.07015v3-Figure5-1.png": [" Yes", " The performance of LSTNet-attn varies with the horizon on the Solar-Energy dataset."]}, "referred_figures_names": ["1703.07015v3-Figure5-1.png"], "answer": "The performance of LSTNet-attn generally improves as the horizon increases on the Solar-Energy dataset. This is evident from the fact that both the RMSE and correlation values improve with increasing horizon."}}