{"0": {"question": "Can you estimate the percentage of entity pairs in the NYT training set that have a corresponding relational fact in the Knowledge Base (KB)?", "response": {"1704.05958v2-Table1-1.png": [" Yes", " Yes, the percentage of entity pairs in the NYT training set that have a corresponding relational fact in the Knowledge Base (KB) is 100%."]}, "referred_figures_names": ["1704.05958v2-Table1-1.png"], "answer": "Approximately 6.66%."}, "1": {"question": "Why is conventional distant supervision problematic?", "response": {"1704.05958v2-Figure1-1.png": [" Yes", " Conventional distant supervision is problematic because it relies on manual annotation and labeling of textual relations, which can be time-consuming and prone to human error. Additionally, it may not accurately capture the complex relationships between different pieces of information."]}, "referred_figures_names": ["1704.05958v2-Figure1-1.png"], "answer": "Conventional distant supervision can lead to wrong labeling of textual relations with KB relations."}, "2": {"question": "What is the role of the GRU cell in the embedding model?", "response": {"1704.05958v2-Figure3-1.png": [" Yes", " The GRU cell in the embedding model is responsible for mapping a textual relation embedding to a probability distribution over KB relations."]}, "referred_figures_names": ["1704.05958v2-Figure3-1.png"], "answer": "The GRU cell is used to map a textual relation embedding to a probability distribution over KB relations."}}