{"0": {"question": "How does the performance of the SIM saliency map change as the number of fixations increases?", "response": {"1704.08615v2-Figure7-1.png": [" Yes", " The performance of the SIM saliency map improves as the number of fixations increases."]}, "referred_figures_names": ["1704.08615v2-Figure7-1.png"], "answer": "The performance of the SIM saliency map increases as the number of fixations increases."}, "1": {"question": "Which saliency map method achieved the highest score for the sAUC metric, and how does its performance compare to other methods based on this metric? ", "response": {"1704.08615v2-Table3-1.png": [" Yes", " The table shows the results of different saliency map methods, with one method achieving the highest score for the sAUC metric. This method's performance is compared to other methods based on this metric."]}, "referred_figures_names": ["1704.08615v2-Table3-1.png"], "answer": "The saliency map method with the highest sAUC score is **SIM**. Its sAUC score appears to be significantly higher than all other methods listed in the table."}, "2": {"question": "What is the relationship between the ground truth fixation density and the saliency maps?", "response": {"1704.08615v2-Figure1-1.png": [" Yes", " The ground truth fixation density is used to predict different saliency maps depending on the intended metric. The saliency maps reflect the same underlying model, but they differ dramatically due to the different properties of the metrics. The predicted saliency map for the specific metric yields the best performance in all cases."]}, "referred_figures_names": ["1704.08615v2-Figure1-1.png"], "answer": "The ground truth fixation density predicts different saliency maps depending on the intended metric."}, "3": {"question": "What is the relationship between the number of fixations and the CC score?", "response": {"1704.08615v2-Figure6-1.png": [" Yes", " The relationship between the number of fixations and the CC score is that the more fixations are sampled, the higher the CC score will be. This is because the mean empirical saliency map, which is created by averaging the empirical saliency maps, becomes a better approximation of the optimal saliency map for the CC metric as more fixations are sampled."]}, "referred_figures_names": ["1704.08615v2-Figure6-1.png"], "answer": "The CC score increases as the number of fixations increases."}, "4": {"question": "What is the relationship between the fixation density map and the ground truth fixations?", "response": {"1704.08615v2-Figure5-1.png": [" Yes", " The relationship between the fixation density map and the ground truth fixations is that the map is a prediction of the fixation density for a given stimulus, while the ground truth fixations are the actual fixation densities observed during an experiment. The map is expected to closely match the ground truth fixations, but due to limitations in the model, there may be deviations between the two."]}, "referred_figures_names": ["1704.08615v2-Figure5-1.png"], "answer": "The fixation density map predicts the probability of a person fixating on a particular location in the image. The ground truth fixations are the actual locations where people fixated on the image."}}