{"0": {"question": "What does the parameter network do to the initial surface?", "response": {"1704.07854v4-Figure3-1.png": [" Yes", " The parameter network deforms the initial surface by applying weighting, resulting in the deformed surface shown in the image."]}, "referred_figures_names": ["1704.07854v4-Figure3-1.png"], "answer": "The parameter network weights the initial surface, causing it to deform."}, "1": {"question": "How do the parameter network and the deformation network differ in terms of complexity and function?", "response": {"1704.07854v4-Figure12-1.png": [" Yes", " The parameter network is a simple neural network consisting of two fully connected layers, while the deformation network is more complex, consisting of several de-convolutional layers. The parameter network learns how to apply multiple long-range, non-linear deformation fields, while the deformation network learns to generate dense deformation fields to refine the final surface."]}, "referred_figures_names": ["1704.07854v4-Figure12-1.png"], "answer": "The parameter network is a simple structure with two fully connected layers, while the deformation network is more complex and contains two fully connected layers followed by two or more four-dimensional de-convolution layers. The parameter network learns how to apply multiple long-range, non-linear deformation fields, while the deformation network learns to generate dense deformation fields to refine the final surface."}, "2": {"question": "Which gradient approximation method leads to a more stable and lower loss value during training?", "response": {"1704.07854v4-Figure15-1.png": [" Yes", " The correct gradient from forward advection leads to a more stable and lower loss value during training."]}, "referred_figures_names": ["1704.07854v4-Figure15-1.png"], "answer": "The corrected gradient method leads to a more stable and lower loss value during training."}, "3": {"question": "How does the flow of water change as the central wall obstacle is shifted to the right?", "response": {"1704.07854v4-Figure9-1.png": [" Yes", " The flow of water changes as the central wall obstacle is shifted to the right, as it increases correspondingly."]}, "referred_figures_names": ["1704.07854v4-Figure9-1.png"], "answer": "The flow of water increases as the central wall obstacle is shifted to the right."}, "4": {"question": "Which of the two scenes, Drop or Staris, requires more computation time for rendering?", "response": {"1704.07854v4-Table1-1.png": [" No", " The scene that requires more computation time for rendering is the Staris scene."]}, "referred_figures_names": ["1704.07854v4-Table1-1.png"], "answer": "Staris"}, "5": {"question": "What is the relationship between the resolution of the simulation and the training time?", "response": {"1704.07854v4-Table2-1.png": [" Yes", " The relationship between the resolution of the simulation and the training time is that a higher resolution requires more computational power and time to process. This is evident from the fact that the training time increases as the resolution increases, as more data points need to be processed to achieve the desired level of accuracy."]}, "referred_figures_names": ["1704.07854v4-Table2-1.png"], "answer": " The higher the resolution of the simulation, the longer the training time. "}, "6": {"question": "What is the role of the parameter network in the weighting and refinement stage?", "response": {"1704.07854v4-Figure2-1.png": [" Yes", " The parameter network in the weighting and refinement stage is responsible for inferring a weighting function and a dense deformation field, respectively."]}, "referred_figures_names": ["1704.07854v4-Figure2-1.png"], "answer": "The parameter network is used to infer a weighting function."}, "7": {"question": "Which of the methods is able to reconstruct the shape of the liquid properly?", "response": {"1704.07854v4-Figure16-1.png": [" Yes", " The method that is able to reconstruct the shape of the liquid properly is the one that uses a trained parameter network."]}, "referred_figures_names": ["1704.07854v4-Figure16-1.png"], "answer": "Only the full method with a deformation network is able to produce a perfect reconstruction."}, "8": {"question": "How do the initial conditions of the simulations vary?", "response": {"1704.07854v4-Figure13-1.png": [" Yes", " The initial conditions of the simulations vary by changing the position of the liquid drop along x as \u03b11, and its size as \u03b12."]}, "referred_figures_names": ["1704.07854v4-Figure13-1.png"], "answer": "The initial conditions of the simulations vary in two dimensions: the position of the liquid drop along the x-axis (\u03b11) and the size of the drop (\u03b12)."}}