{"0": {"question": "What is the relationship between the Silver Snatch and the Gold Snatch?", "response": {"1704.04539v2-Figure5-1.png": [" Yes", " The relationship between the Silver Snatch and the Gold Snatch is that the Gold Snatch is a more advanced version of the Silver Snatch. The Gold Snatch is a combination of the Silver Snatch and the Fullcycle, which is a more powerful and advanced version of the Silver Snatch."]}, "referred_figures_names": ["1704.04539v2-Figure5-1.png"], "answer": "The Silver Snatch and the Gold Snatch are positively correlated. As the Gold Snatch increases, the Silver Snatch also increases."}, "1": {"question": "Which system performs best on the IT domain in terms of full-cycle Smatch score, and how does its performance compare to the projection-based system in the same domain?", "response": {"1704.04539v2-Table1-1.png": [" Yes", " The projection-based system performs best on the IT domain in terms of full-cycle Smatch score."]}, "referred_figures_names": ["1704.04539v2-Table1-1.png"], "answer": "The GT system achieves the highest full-cycle Smatch score in the IT domain with a score of 59. This is 14 points higher than the projection-based system in the same domain, which scored 45."}, "2": {"question": "Which translation system performs the best and how does its performance compare to Google Translate (GT)? Is the comparison with GT completely fair? Explain your answer.", "response": {"1704.04539v2-Table2-1.png": [" Yes", " The table shows the BLEU scores for Moses, Nematus, and Google Translate (GT) on the LDC2015E86 test set. The table is organized in such a way that the first column shows the names of the systems, the second column shows the BLEU scores, and the third column shows the names of the systems.\n\nMoses and Nematus are both statistical machine translation systems, while Google Translate (GT) is a rule"]}, "referred_figures_names": ["1704.04539v2-Table2-1.png"], "answer": "According to Table 2, Moses achieves the highest BLEU scores among the listed translation systems (Moses, Nematus) across all language pairs. However, its performance still falls behind Google Translate (GT) in every case.\n\nThe comparison with GT might not be entirely fair because, as GT has the advantage of being trained on a significantly larger dataset. This suggests that GT's performance advantage might be partially due to its training data rather than solely its inherent capabilities."}, "3": {"question": "What is the difference between the parsing trees for \"I like eating\" and \"I like grapes\"?", "response": {"1704.04539v2-Figure4-1.png": [" Yes", " The parsing trees for \"I like eating\" and \"I like grapes\" are different because they represent different meanings of the sentence. The first sentence means \"I like the act of eating,\" while the second sentence means \"I like the fruit grapes.\" The parsing trees reflect these different meanings by showing the relationships between the words and phrases in the sentences."]}, "referred_figures_names": ["1704.04539v2-Figure4-1.png"], "answer": "The parsing tree for \"I like eating\" has only one argument, while the parsing tree for \"I like grapes\" has two arguments."}}