{"0": {"question": "How does the test accuracy of the different models vary with the hyperparameter \u03bb?", "response": {"1705.08016v3-Figure2-1.png": [" Yes", " The test accuracy of the different models varies as the hyperparameter \u03bb is varied. In the left plot, the accuracy is shown to decrease as the value of \u03bb increases. In the right plot, the convergence is shown to improve as the value of \u03bb decreases."]}, "referred_figures_names": ["1705.08016v3-Figure2-1.png"], "answer": "The test accuracy of all models decreases as \u03bb increases."}, "1": {"question": "Which method achieves the highest Top-1 accuracy on the CUB-200-2011 dataset?", "response": {"1705.08016v3-Table2-1.png": [" Yes", " The method that achieves the highest Top-1 accuracy on the CUB-200-2011 dataset is Pairwise Confusion (PC)."]}, "referred_figures_names": ["1705.08016v3-Table2-1.png"], "answer": "PC-DenseNet-161"}, "2": {"question": "How does Pairwise Confusion (PC) affect the localization ability of a CNN?", "response": {"1705.08016v3-Figure3-1.png": [" Yes", " Pairwise Confusion (PC) improves the localization ability of a CNN by reducing the number of false positives and false negatives. This is demonstrated in the image where the PC method results in more accurate localization compared to the baseline VGG-16 network."]}, "referred_figures_names": ["1705.08016v3-Figure3-1.png"], "answer": "PC improves the localization ability of a CNN."}, "3": {"question": "Which dataset has the highest number of samples per class?", "response": {"1705.08016v3-Table1-1.png": [" Yes", " The dataset with the highest number of samples per class is the one on the right."]}, "referred_figures_names": ["1705.08016v3-Table1-1.png"], "answer": "SVHN"}, "4": {"question": "Which dataset benefited more from the Pairwise Confusion (PC) optimization method: ImageNet-Dogs or ImageNet-Random?", "response": {"1705.08016v3-Table3-1.png": [" Yes", " The table shows that the ImageNet-Dogs dataset benefited more from the Pairwise Confusion (PC) optimization method compared to the ImageNet-Random dataset."]}, "referred_figures_names": ["1705.08016v3-Table3-1.png"], "answer": "ImageNet-Dogs benefited more from the PC optimization method compared to ImageNet-Random."}, "5": {"question": "What is the role of the shared weights in the Siamese-like architecture shown in the first figure?", "response": {"1705.08016v3-Figure1-1.png": [" Yes", " The shared weights in the Siamese-like architecture shown in the first figure play a crucial role in the training process. They are responsible for combining the features from the two input images, allowing the network to learn the relationships between the images. This helps the network to make accurate predictions and improve its performance over time."]}, "referred_figures_names": ["1705.08016v3-Figure1-1.png"], "answer": "The shared weights allow the two branches of the network to learn similar representations of the input images. This helps to improve the performance of the Euclidean Confusion loss, which measures the distance between the conditional probability distributions of the two branches."}}