{"0": {"question": "Which method achieves the highest Top-1 Accuracy for multi-shot person re-identification on the BIWI dataset, and how does it compare to the best single-shot method on the same dataset?", "response": {"1705.09882v2-Table1-1.png": [" Yes", " The table shows the performance of different methods for multi-shot and single-shot person re-identification on the BIWI dataset. The highest Top-1 Accuracy for multi-shot person re-identification is achieved by the method labeled \"3D-RAN\", which has a Top-1 Accuracy of 80.8%. In comparison, the best single-shot method, labeled \"3D-RAN\", has a Top-1 Acc"]}, "referred_figures_names": ["1705.09882v2-Table1-1.png"], "answer": "The proposed method with RTA attention achieves the highest Top-1 Accuracy for multi-shot person re-identification on the BIWI dataset with a score of 50.0%. This is significantly higher than the best single-shot method on the same dataset, which is our method (CNN) with a score of 25.4%."}, "1": {"question": "How does the proposed split-rate RGB-to-Depth transfer scheme differ from the R3D [90] method of Yosinski et al.?", "response": {"1705.09882v2-Figure4-1.png": [" Yes", " The proposed split-rate RGB-to-Depth transfer scheme is different from the R3D method of Yosinski et al. in that it uses a different initialization and learning rate for each layer. The R3D method uses a single initialization and learning rate for all layers, while the proposed scheme uses different initialization and learning rates for each layer. This allows for more flexibility in training and may lead to better performance."]}, "referred_figures_names": ["1705.09882v2-Figure4-1.png"], "answer": "The proposed split-rate RGB-to-Depth transfer scheme differs from the R3D [90] method in two ways. First, the proposed method uses a different learning rate for the bottom three layers of the network. Second, the proposed method uses a different initialization for the weights of the bottom three layers of the network."}, "2": {"question": "What is the difference between the grayscale depth representation and the result after background subtraction?", "response": {"1705.09882v2-Figure2-1.png": [" Yes", " The grayscale depth representation is a black and white image, while the result after background subtraction is a color image. The grayscale depth representation is a 2D image, while the result after background subtraction is a 3D image."]}, "referred_figures_names": ["1705.09882v2-Figure2-1.png"], "answer": " The grayscale depth representation shows the depth of each pixel in the image, with darker pixels representing closer objects and lighter pixels representing further objects. The result after background subtraction shows only the foreground object, with the background removed."}, "3": {"question": "Which modality achieved the highest top-1 accuracy in the multi-shot evaluation on TUM-GAID?", "response": {"1705.09882v2-Table2-1.png": [" Yes", " The highest top-1 accuracy in the multi-shot evaluation on TUM-GAID was achieved by the body depth and head RGB modality."]}, "referred_figures_names": ["1705.09882v2-Table2-1.png"], "answer": "Body Depth & Head RGB (ms: LSTM & RTA)"}, "4": {"question": "What is the relationship between the Bernoulli parameter and the image?", "response": {"1705.09882v2-Figure6-1.png": [" Yes", " The Bernoulli parameter is a measure of the randomness of a sequence of events. In the image, the parameter is printed next to the sequence of images, indicating that the sequence is random and follows a Bernoulli distribution."]}, "referred_figures_names": ["1705.09882v2-Figure6-1.png"], "answer": "The Bernoulli parameter is a measure of the probability of a pixel being foreground or background. The higher the Bernoulli parameter, the more likely the pixel is to be foreground. This is reflected in the images, where the pixels with higher Bernoulli parameters are more likely to be part of the person's silhouette."}, "5": {"question": "Which part of the model is responsible for deciding which frames are most important for the re-identification task?", "response": {"1705.09882v2-Figure3-1.png": [" Yes", " The Reinforced Temporal Attention (RTA) unit fw is responsible for deciding which frames are most important for the re-identification task."]}, "referred_figures_names": ["1705.09882v2-Figure3-1.png"], "answer": "The Reinforced Temporal Attention (RTA) unit."}, "6": {"question": "How does the performance of our RGB-to-Depth transfer compare to Yosinski et al. [90] in terms of top-1 accuracy on DPI-T when all layers are fine-tuned?", "response": {"1705.09882v2-Figure5-1.png": [" Yes", " The performance of our RGB-to-Depth transfer compares favorably to Yosinski et al. [90] in terms of top-1 accuracy on DPI-T when all layers are fine-tuned."]}, "referred_figures_names": ["1705.09882v2-Figure5-1.png"], "answer": "The proposed RGB-to-Depth transfer performs slightly better than Yosinski et al. [90] in terms of top-1 accuracy on DPI-T when all layers are fine-tuned."}, "7": {"question": "What is the difference between the filter responses from the \u201cconv1\u201d, \u201cconv2\u201d and \u201cconv3\u201d layers for a given frame from the TUM GAID data using a framework for person re-identification from RGB and the feature embedding fCNN of a framework that utilizes depth data?", "response": {"1705.09882v2-Figure1-1.png": [" Yes", " The difference between the filter responses from the \"conv1\", \"conv2\", and \"conv3\" layers for a given frame from the TUM GAID data using a framework for person re-identification from RGB and the feature embedding fCNN of a framework that utilizes depth data is that the first one uses RGB color information, while the second one uses depth information. This means that the first filter may rely more on color and texture information, while the second filter may"]}, "referred_figures_names": ["1705.09882v2-Figure1-1.png"], "answer": "The filter responses from the \u201cconv1\u201d, \u201cconv2\u201d and \u201cconv3\u201d layers for a given frame from the TUM GAID data using a framework for person re-identification from RGB are more detailed and contain more information than the filter responses from the fCNN of a framework that utilizes depth data. This is because RGB images contain more information than depth images."}}