{"0": {"question": "What is the role of the auxiliary discriminator $D_{X_{\\textit{aux}}}$ in the Conditional CycleGAN for identity-guided face generation?", "response": {"1705.09966v2-Figure3-1.png": [" Yes", " The role of the auxiliary discriminator $D_{X_{\\textit{aux}}}$ in the Conditional CycleGAN for identity-guided face generation is to verify the identity of the generated faces. This is done by incorporating a face verification network as both the source of the conditional vector z and the proposed identity loss in the auxiliary discriminator DXaux. The network DXaux is pretrained, and it helps ensure that the generated faces are consistent"]}, "referred_figures_names": ["1705.09966v2-Figure3-1.png"], "answer": " The auxiliary discriminator $D_{X_{\\textit{aux}}}$ helps to enforce the identity constraint in the generated image. It takes the generated image or the ground truth image as input and outputs a feature embedding. This embedding is then used to compute the identity loss, which encourages the generated image to have the same identity as the input image."}, "1": {"question": "How does the proposed method compare to the method in~\\cite{kim2017learning}?", "response": {"1705.09966v2-Figure8-1.png": [" Yes", " The proposed method compares well to the method in \\cite{kim2017learning}."]}, "referred_figures_names": ["1705.09966v2-Figure8-1.png"], "answer": "The proposed method produces more realistic and natural-looking images than the method in~\\cite{kim2017learning}."}, "2": {"question": "Which of the methods among Conditional GAN, Unsupervised GAN and Consitional CycleGAN would you expect to produce images that are most visually similar to the real images in the CelebA dataset?", "response": {"1705.09966v2-Table1-1.png": [" Yes", " Unsupervised GAN"]}, "referred_figures_names": ["1705.09966v2-Table1-1.png"], "answer": "The Conditional CycleGAN method is expected to produce images most visually similar to the real images."}, "3": {"question": "How does the proposed attribute-guided face generation method compare to conventional face super-resolution methods in terms of identity preservation?", "response": {"1705.09966v2-Figure1-1.png": [" Yes", " The proposed attribute-guided face generation method compares to conventional face super-resolution methods in terms of identity preservation by using the input photo to provide overall shape constraint and transferring the man's identity from the low-res input to the generated high-res result."]}, "referred_figures_names": ["1705.09966v2-Figure1-1.png"], "answer": "The proposed attribute-guided face generation method preserves the identity of the person in the high-resolution result, while conventional face super-resolution methods do not necessarily guarantee this."}, "4": {"question": "What role does the low-resolution input play in the identity-guided face generation process?", "response": {"1705.09966v2-Figure9-1.png": [" Yes", " The low-resolution input plays a crucial role in the identity-guided face generation process. It serves as the starting point for the algorithm, which then generates a high-resolution output that closely resembles the original input. This process helps to preserve the identity of the person in the generated images, ensuring that the generated faces remain consistent with the original input."]}, "referred_figures_names": ["1705.09966v2-Figure9-1.png"], "answer": "The low-resolution input provides an overall shape constraint for the generated high-resolution image. The head pose and facial expression of the generated high-res images adopt those in the low-res inputs."}, "5": {"question": "What happens when there is a conflict between the low-res image and the feature vector?", "response": {"1705.09966v2-Figure4-1.png": [" No", " When there is a conflict between the low-res image and the feature vector, the feature vector is used to generate the high-res digit images."]}, "referred_figures_names": ["1705.09966v2-Figure4-1.png"], "answer": "The generated high-res digit follows the given class label."}, "6": {"question": "What is the difference between the input and output of the frontal face generation process?", "response": {"1705.09966v2-Figure13-1.png": [" Yes", " The difference between the input and output of the frontal face generation process is that the input is a low-resolution template, while the output is a high-resolution frontal face. The process can generate corresponding frontal faces from different side faces, as shown in the image with the six different faces."]}, "referred_figures_names": ["1705.09966v2-Figure13-1.png"], "answer": "The input is a low-resolution frontal face image and a high-resolution side-face image. The output is a high-resolution frontal face image."}, "7": {"question": "How does the proposed method preserve facial details and expression during face swapping?", "response": {"1705.09966v2-Figure11-1.png": [" Yes", " The proposed method preserves facial details and expression during face swapping by using a combination of face and head pose constraints. This ensures that the transformed face maintains the original facial details, such as eyes, eyebrows, and hair, while also preserving the overall head shape and facial expression. The method achieves this by using a combination of identity and appearance constraints, which helps to maintain the identity of the person while also ensuring that the transformed face looks natural and"]}, "referred_figures_names": ["1705.09966v2-Figure11-1.png"], "answer": "The proposed method utilizes Light-CNN as both the source of the identity features and face verification loss. This allows the method to transfer the appearance of eyes, eyebrows, hairs, etc., while keeping other factors intact, e.g., head pose, shape of face, and facial expression."}, "8": {"question": "How does the proposed method compare to icGAN in terms of generating images with different hair colors?", "response": {"1705.09966v2-Figure7-1.png": [" Yes", " The proposed method can generate better images compared to icGAN by swapping facial attributes and generating four paired examples."]}, "referred_figures_names": ["1705.09966v2-Figure7-1.png"], "answer": "The proposed method is able to generate images with different hair colors more accurately than icGAN."}, "9": {"question": "What is the role of the attribute vector $z$ in the Conditional CycleGAN network?", "response": {"1705.09966v2-Figure2-1.png": [" Yes", " The attribute vector $z$ plays a crucial role in the Conditional CycleGAN network. It is used to train both the generator GY\u2192X and the original generator GX\u2192Y. The generator GY\u2192X generates high-res face image X\u0302 given the low-res input Y and the attribute vector z, while the original generator GX\u2192Y generates high-res face image X\u0302 given the low-res input Y. The attribute vector $z$ is"]}, "referred_figures_names": ["1705.09966v2-Figure2-1.png"], "answer": "The attribute vector $z$ provides additional information about the desired attributes of the generated high-resolution face image $\\hat{X}$. This information is used by the generator networks $G_{X \\to Y}$ and $G_{Y \\to X}$ to generate images that are more consistent with the desired attributes."}}