{"0": {"question": "What is the initial value of V2 in the interval [0.35, 0.67]?", "response": {"1705.02946v3-Table2-1.png": [" No", " 0.35"]}, "referred_figures_names": ["1705.02946v3-Table2-1.png"], "answer": "0.35"}, "1": {"question": "What is the distance from equitability for the allocation that can be obtained by cutting at $x$ with the player order $(1,2)$?", "response": {"1705.02946v3-Figure2-1.png": [" Yes", " The distance from equitability for the allocation that can be obtained by cutting at $x$ with the player order $(1,2)$ is $b-a$."]}, "referred_figures_names": ["1705.02946v3-Figure2-1.png"], "answer": "The distance from equitability is $b-a$."}, "2": {"question": "What is the upper bound on the query complexity for finding an \u03b5-perfect allocation with minimum cuts for 3 or more players?", "response": {"1705.02946v3-Table1-1.png": [" Yes", " The upper bound on the query complexity for finding an \u03b5-perfect allocation with minimum cuts for 3 or more players is 3."]}, "referred_figures_names": ["1705.02946v3-Table1-1.png"], "answer": "O(n^3 / \u03b5)"}}