{"0": {"question": "What is the difference between the conventional semantic segmentation pipeline and the proposed framework for joint image denoising and semantic segmentation?", "response": {"1706.04284v3-Figure1-1.png": [" Yes", " The conventional semantic segmentation pipeline involves multiple steps, such as image preprocessing, feature extraction, and classification. In contrast, the proposed framework for joint image denoising and semantic segmentation combines denoising and segmentation into a single process, aiming to improve the accuracy and efficiency of the overall pipeline. This integration allows for better noise reduction and improved segmentation results."]}, "referred_figures_names": ["1706.04284v3-Figure1-1.png"], "answer": "The conventional semantic segmentation pipeline performs semantic segmentation directly on the noisy input image, while the proposed framework first denoises the image before performing semantic segmentation."}, "1": {"question": " Which denoiser performs the best on the sheep image, and how can you tell?", "response": {"1706.04284v3-Figure5-1.png": [" Yes", " The denoiser that performs the best on the sheep image is the one that is trained with the reconstruction and segmentation joint loss. This can be determined by comparing the denoised image with the ground truth image, and observing which denoiser produces the most accurate and visually pleasing result."]}, "referred_figures_names": ["1706.04284v3-Figure5-1.png"], "answer": " The denoiser trained with the classification network and evaluated for semantic segmentation performs the best on the sheep image. This is because the segmentation label map for this denoiser is the most accurate, and it correctly identifies the sheep's body and legs. "}, "2": {"question": "What is the purpose of the skip connections in the proposed denoising network?", "response": {"1706.04284v3-Figure2-1.png": [" Yes", " The skip connections in the proposed denoising network are used to reduce the computational complexity of the network. By connecting the feature encoding and decoding modules directly, the network can efficiently process the input image and produce the desired output. This helps to improve the overall performance of the network and reduce the time and resources required for processing."]}, "referred_figures_names": ["1706.04284v3-Figure2-1.png"], "answer": "The skip connections are used to combine the features from the encoding and decoding modules at each scale. This helps to preserve the spatial information that is lost during the downsampling and upsampling operations."}, "3": {"question": "Which denoising method performs the best on average across all noise levels tested on the Kodak dataset?", "response": {"1706.04284v3-Table1-1.png": [" Yes", " The best denoising method that performs the best on average across all noise levels tested on the Kodak dataset is the one that has a PSNR value of 40."]}, "referred_figures_names": ["1706.04284v3-Table1-1.png"], "answer": "The proposed method performs the best on average across all noise levels tested on the Kodak dataset."}}