{"0": {"question": "What is the relationship between projection sparsity and normalized reconstruction error?", "response": {"1706.08146v3-Figure5-1.png": [" Yes", " The relationship between projection sparsity and normalized reconstruction error is that as the projection sparsity increases, the normalized reconstruction error decreases. This is because a sparse projection matrix allows for more efficient use of the available data, leading to better reconstruction results."]}, "referred_figures_names": ["1706.08146v3-Figure5-1.png"], "answer": "The normalized reconstruction error decreases as the projection sparsity increases, up to a certain point. After that, the error starts to increase again."}, "1": {"question": "What is the relationship between compression factor and reconstruction error?", "response": {"1706.08146v3-Figure6-1.png": [" Yes", " The relationship between compression factor and reconstruction error is that the reconstruction error decreases as the compression factor increases. This is because the compression factor is a measure of how much data is being compressed, and as the data is compressed, the reconstruction error is reduced because the data is being reconstructed more accurately."]}, "referred_figures_names": ["1706.08146v3-Figure6-1.png"], "answer": "The reconstruction error increases as the compression factor increases."}, "2": {"question": "What are the three steps involved in compressed matrix factorization?", "response": {"1706.08146v3-Figure1-1.png": [" Yes", " The three steps involved in compressed matrix factorization are: (i) the matrix M\u0303 is a compressed version of the full data matrix M; (ii) we directly factorize M\u0303 to obtain matrices W\u0303 and H\u0303; and (iii) finally, we approximate the left factor of M via sparse recovery on each column of W\u0303."]}, "referred_figures_names": ["1706.08146v3-Figure1-1.png"], "answer": "The three steps involved in compressed matrix factorization are: \n\n1. Compress the full data matrix M to obtain a compressed matrix M\u0303. \n2. Factorize M\u0303 to obtain matrices W\u0303 and H\u0303. \n3. Approximate the left factor of M via sparse recovery on each column of W\u0303."}, "3": {"question": "Which dataset would likely benefit the most from using the Fac.-Recover approach instead of Recover-Fac. in terms of computational efficiency?", "response": {"1706.08146v3-Table1-1.png": [" Yes", " The dataset that would likely benefit the most from using the Fac.-Recover approach instead of Recover-Fac. in terms of computational efficiency is the one with the highest runtime (seconds) for each stage of the NMF pipeline on compressed data. This is because the Fac.-Recover approach runs only r instances of sparse recovery, as opposed to the m instances used by the alternative, Recover-Factorize. By using Fac.-Recover, the runtime can be reduced"]}, "referred_figures_names": ["1706.08146v3-Table1-1.png"], "answer": "The Leukemia dataset would likely benefit the most from using the Fac.-Recover approach."}, "4": {"question": "What is the effect of increasing the projection dimension d on the approximation error for sparse PCA and NMF?", "response": {"1706.08146v3-Figure2-1.png": [" Yes", " The effect of increasing the projection dimension d on the approximation error for sparse PCA and NMF is that it reduces the approximation error."]}, "referred_figures_names": ["1706.08146v3-Figure2-1.png"], "answer": "Increasing the projection dimension d decreases the approximation error for both sparse PCA and NMF."}, "5": {"question": "Which method achieves lower approximation error when the compression factor is greater than 3?", "response": {"1706.08146v3-Figure3-1.png": [" Yes", " The method that achieves lower approximation error when the compression factor is greater than 3 is the RecoverFactorize method."]}, "referred_figures_names": ["1706.08146v3-Figure3-1.png"], "answer": "Factorize-Recover"}}