{"0": {"question": "Which method achieved the most accurate results for simultaneous line and circle fitting?", "response": {"1706.00827v2-Table1-1.png": [" Yes", " The method that achieved the most accurate results for simultaneous line and circle fitting is the Pearl method."]}, "referred_figures_names": ["1706.00827v2-Table1-1.png"], "answer": "Multi-X achieved the most accurate results for simultaneous line and circle fitting."}, "1": {"question": "Which method has the lowest average misclassification error for the cubechips image pair?", "response": {"1706.00827v2-Table4-1.png": [" Yes", " The lowest average misclassification error for the cubechips image pair is 1.17%."]}, "referred_figures_names": ["1706.00827v2-Table4-1.png"], "answer": "Multi-X"}, "2": {"question": "What is the difference between AdelaideRMF and Multi-H?", "response": {"1706.00827v2-Figure4-1.png": [" Yes", " AdelaideRMF is a specific example of a Multi-X plane, which is a type of aircraft that uses a specific point system to assign points to different areas of the plane. The colors in the image indicate the Multi-X assigned points to."]}, "referred_figures_names": ["1706.00827v2-Figure4-1.png"], "answer": "AdelaideRMF tends to assign points to more planes than Multi-H."}, "3": {"question": "What is the relationship between the color of the points and the motion of the object?", "response": {"1706.00827v2-Figure5-1.png": [" Yes", " The color of the points in the image indicates the motion of the object. The green points represent fast motion, while the blue points represent slow motion. This relationship helps to convey the motion of the object in the scene."]}, "referred_figures_names": ["1706.00827v2-Figure5-1.png"], "answer": "The color of the points indicates the motion that the Multi-X algorithm assigned to each point."}, "4": {"question": "Which of the five methods tested had the lowest average misclassification error?", "response": {"1706.00827v2-Table5-1.png": [" Yes", " The lowest average misclassification error was achieved using the method called \"RPA RMSA\"."]}, "referred_figures_names": ["1706.00827v2-Table5-1.png"], "answer": "Multi-X"}, "5": {"question": "In which scenario did Multi-X perform worse than another method in terms of misclassification error for simultaneous plane and cylinder fitting?", "response": {"1706.00827v2-Table6-1.png": [" Yes", " In the table, Multi-X performed worse than another method in terms of misclassification error for simultaneous plane and cylinder fitting."]}, "referred_figures_names": ["1706.00827v2-Table6-1.png"], "answer": "Multi-X performed worse than PEARL in test case (6), with a misclassification error of 21.72% compared to PEARL's 17.35%. "}, "6": {"question": "How does the Mean-Shift algorithm perform in the presence of outliers?", "response": {"1706.00827v2-Figure2-1.png": [" Yes", " The Mean-Shift algorithm performs well in the presence of outliers. In the image, there are red dots, which are the outliers, and the algorithm is able to identify and separate them from the rest of the data. This is evident by the fact that the algorithm is able to generate a model parameter domain that includes the outliers, as well as the modes (green dots) and the ground truth instance parameters (red dots). The algorithm's ability to handle outliers"]}, "referred_figures_names": ["1706.00827v2-Figure2-1.png"], "answer": "The Mean-Shift algorithm is robust to outliers."}, "7": {"question": "Which method has the lowest average misclassification error?", "response": {"1706.00827v2-Table3-1.png": [" Yes", " The method with the lowest average misclassification error is the one that uses the median method."]}, "referred_figures_names": ["1706.00827v2-Table3-1.png"], "answer": "Multi-X"}, "8": {"question": "Which algorithm is generally faster for fitting planes and cylinders: Multi-X or T-Linkage?", "response": {"1706.00827v2-Table8-1.png": [" No", " Based on the table provided, it appears that T-Linkage is generally faster for fitting planes and cylinders compared to Multi-X. The table shows that T-Linkage has a lower average processing time for this specific task. However, it is important to note that the processing times may vary depending on the specific problem and the complexity of the data being analyzed."]}, "referred_figures_names": ["1706.00827v2-Table8-1.png"], "answer": "Multi-X is generally faster for fitting planes and cylinders compared to T-Linkage."}}