{"0": {"question": "What are the three main components of the Action Search model architecture?", "response": {"1706.04269v2-Figure3-1.png": [" Yes", " The three main components of the Action Search model architecture are: (i) a visual encoder that transforms the visual observation extracted from the model's current temporal location to a representative feature vector; (ii) an LSTM that consumes this feature vector plus the state and temporal location produced in the previous step; and (iii) the LSTM that outputs its updated state and the next search location."]}, "referred_figures_names": ["1706.04269v2-Figure3-1.png"], "answer": "The three main components of the Action Search model architecture are the visual encoder, the LSTM, and the spotting target."}, "1": {"question": "Which method requires the fewest observations to spot an action in a video with 2.5% action coverage?", "response": {"1706.04269v2-Figure4-1.png": [" Yes", " The method that requires the fewest observations to spot an action in a video with 2.5% action coverage is the Direction Baseline."]}, "referred_figures_names": ["1706.04269v2-Figure4-1.png"], "answer": "Action Search"}, "2": {"question": "How does Action Search use temporal context to reason about where to search next?", "response": {"1706.04269v2-Figure5-1.png": [" Yes", " Action Search uses temporal context to reason about where to search next by analyzing the video frames and identifying the target action location. In the image, the left column shows examples when the model successfully spots the target action location, while the right column shows failure cases where the action location is not spotted exactly. The model often oscillates around actions without spotting frames within the exact temporal location. This information helps the model to adjust its search strategy and improve its performance in identifying the target action"]}, "referred_figures_names": ["1706.04269v2-Figure5-1.png"], "answer": "Action Search uses temporal context to reason about where to search next by looking at the frames before and after the current frame. This allows the model to learn the temporal patterns of actions and to predict where the action is most likely to occur in the next frame."}, "3": {"question": "How does the training size of the Action Search model affect its performance?", "response": {"1706.04269v2-Table1-1.png": [" Yes", " The training size of the Action Search model affects its performance by improving the mAP and S score as it increases."]}, "referred_figures_names": ["1706.04269v2-Table1-1.png"], "answer": "As the training size increases, the mAP and S score of the Action Search model also improve."}}