{"0": {"question": "Which genre in the SRL-NW network has the lowest failure rate and how does its inference time compare to other genres within the same network?", "response": {"1707.08608v3-Table11-1.png": [" Yes", " The SRL-NW network has the lowest failure rate, and its inference time is comparable to other genres within the same network."]}, "referred_figures_names": ["1707.08608v3-Table11-1.png"], "answer": "The PT genre within the SRL-NW network has the lowest failure rate at 10.01%. Its inference time is also the lowest across all genres in the SRL-NW network for all three inference procedures (Viterbi, GBI, and A*)."}, "1": {"question": "Which genre shows the **largest absolute improvement** in F1 score on the failure set after applying GBI for **both** syntactic parsing and SRL?", "response": {"1707.08608v3-Table5-1.png": [" Yes", " The table shows that the genre that shows the largest absolute improvement in F1 score on the failure set after applying GBI for both syntactic parsing and SRL is the \"PT\" genre."]}, "referred_figures_names": ["1707.08608v3-Table5-1.png"], "answer": "Pivot Corpus (PT) shows the largest absolute improvement in F1 score on the failure set after applying GBI for both syntactic parsing and SRL."}, "2": {"question": "How did the accuracy of the model change as the iterations progressed?", "response": {"1707.08608v3-Table9-1.png": [" Yes", " The accuracy of the model improved as the iterations progressed, as the red color in the image indicates errors that were corrected."]}, "referred_figures_names": ["1707.08608v3-Table9-1.png"], "answer": "The accuracy of the model increased from 66.7% to 100% as the iterations progressed."}, "3": {"question": "What is the effect of enforcing syntactic constraints on the semantic role labeling output?", "response": {"1707.08608v3-Table7-1.png": [" Yes", " The effect of enforcing syntactic constraints on the semantic role labeling output is to improve the accuracy and consistency of the output. By correctly applying the constraints, the method is able to correctly assign the correct semantic roles to the words in the sentence, resulting in a more accurate and consistent output."]}, "referred_figures_names": ["1707.08608v3-Table7-1.png"], "answer": "Enforcing syntactic constraints can correct the number of agreeing spans, and also change the semantic roles assigned to tokens."}, "4": {"question": "What is the relationship between the number of shifts and the accuracy of the output?", "response": {"1707.08608v3-Table8-1.png": [" Yes", " The relationship between the number of shifts and the accuracy of the output is that the more shifts are used, the more accurate the output will be. However, if there are more tokens in the input than the number of shifts, the output will not be accurate."]}, "referred_figures_names": ["1707.08608v3-Table8-1.png"], "answer": "The accuracy of the output increases as the number of shifts increases."}, "5": {"question": "Which inference method consistently leads to the highest F1 score on the failure set across all three networks (Net3, Net4, and Net5)?", "response": {"1707.08608v3-Table4-1.png": [" Yes", " The inference method that consistently leads to the highest F1 score on the failure set across all three networks (Net3, Net4, and Net5) is the greedy method."]}, "referred_figures_names": ["1707.08608v3-Table4-1.png"], "answer": "Beam search with a width of 9 consistently leads to the highest F1 score on the failure set across all three networks."}, "6": {"question": "How does GBI compare to A* in terms of reducing disagreement rate on the SRL-100 network's failure set?", "response": {"1707.08608v3-Table1-1.png": [" Yes", " GBI is shown to reduce the disagreement rate compared to A* on the SRL-100 network's failure set."]}, "referred_figures_names": ["1707.08608v3-Table1-1.png"], "answer": "GBI is more effective than A* in reducing the disagreement rate on the SRL-100 network's failure set. After applying GBI, the average disagreement rate drops to 24.92%, while A* only reduces it to 33.91%. This represents an 19.93% greater reduction in disagreement rate when using GBI compared to A*."}}