{"0": {"question": "What is the difference between testing domain adaptation and testing sensor fusion?", "response": {"1707.01922v5-Figure3-1.png": [" Yes", " Testing domain adaptation involves evaluating the performance of a machine learning model when applied to data from a specific domain, such as a particular object or scene. On the other hand, testing sensor fusion involves evaluating the performance of a model when applied to data from multiple sensors or sources, such as images from different cameras or data from different sensors."]}, "referred_figures_names": ["1707.01922v5-Figure3-1.png"], "answer": "In testing domain adaptation, the source and target CNNs are trained on different domains, and the joint classifier is used to predict the class of the target data. In testing sensor fusion, the source and target CNNs are trained on the same domain, and the joint classifier is used to predict the class of the target data using both the source and target data."}, "1": {"question": "Which method performs better in terms of classification accuracy?", "response": {"1707.01922v5-Figure4-1.png": [" Yes", " The method that performs better in terms of classification accuracy is ZDDA3."]}, "referred_figures_names": ["1707.01922v5-Figure4-1.png"], "answer": "ZDDA3"}, "2": {"question": "What is the role of the task-irrelevant data in ZDDA?", "response": {"1707.01922v5-Figure1-1.png": [" Yes", " The role of the task-irrelevant data in ZDDA is to help the model learn from the unavailable task-relevant data. This is done by using the task-irrelevant data to adapt the model to the target domain, which is the domain where the task-relevant data is unavailable. This allows the model to perform well in the target domain despite the lack of task-relevant data."]}, "referred_figures_names": ["1707.01922v5-Figure1-1.png"], "answer": "The task-irrelevant data is used to simulate the RGB representation using the gray scale image. This allows ZDDA to learn a joint network that can be used to classify digits in both the gray scale and RGB domains."}, "3": {"question": "What is the key difference between ZDDA and UDA/MVL in terms of the available training data?", "response": {"1707.01922v5-Table1-1.png": [" No", " The key difference between ZDDA and UDA/MVL in terms of the available training data is that ZDDA uses a single view of the data, while UDA/MVL uses multiple views."]}, "referred_figures_names": ["1707.01922v5-Table1-1.png"], "answer": "The key difference lies in the availability of target-domain training data. While UDA and MVL methods require T-R training data from the target domain, ZDDA does not. ZDDA only requires T-R training data from a single source domain."}, "4": {"question": "If you are performing domain adaptation with ZDDA using AlexNet as the base network architecture and $D_F$ as the target domain, which layers of the network would be considered part of the source CNN and which would be part of the source classifier?", "response": {"1707.01922v5-Table4-1.png": [" Yes", " The layers that would be considered part of the source CNN are the ones that are closer to the input image, while the layers that would be part of the source classifier are the ones that are closer to the output layer."]}, "referred_figures_names": ["1707.01922v5-Table4-1.png"], "answer": "In this scenario, the source CNN would consist of the AlexNet architecture up to and including the \"fc7\" layer. The remaining layers of AlexNet would then be used as the source classifier."}, "5": {"question": "Which of the following statements about the training procedure of ZDDA is true?\n\n(a) ZDDA simulates the target-domain representation using the source-domain data. (b) ZDDA builds a joint network with the supervision from the target domain. (c) ZDDA trains a sensor fusion network in step 1. (d) ZDDA trains a sensor fusion network in step 2.", "response": {"1707.01922v5-Figure2-1.png": [" Yes", " (c) ZDDA trains a sensor fusion network in step 1."]}, "referred_figures_names": ["1707.01922v5-Figure2-1.png"], "answer": "(a) ZDDA simulates the target-domain representation using the source-domain data."}}