{"0": {"question": "Which model performs best when trained on the NYT dataset and evaluated on the WT14 dataset, and how does its performance compare to the baselines?", "response": {"1707.00189v3-Table1-1.png": [" Yes", " The model that performs best when trained on the NYT dataset and evaluated on the WT14 dataset is the one that is trained with content-based sources, as indicated by the table. This model's performance is significantly better than the baselines, as indicated by the \u2191 and \u2193 symbols in the table."]}, "referred_figures_names": ["1707.00189v3-Table1-1.png"], "answer": "The Conv-KNRM model performs best when trained on the NYT dataset and evaluated on the WT14 dataset, achieving an nDCG@20 score of 0.3215. This performance is significantly better than all the baselines: BM25 (B), WT10 (W), and AOL (A)."}}