{"0": {"question": "What does the induced schema Win <A4, B3, C2> represent?", "response": {"1707.01917v2-Figure2-1.png": [" Yes", " The induced schema Win <A4, B3, C2> represents a 3-ary schema, which is a n-ary schema for n > 3. This is based on the tri-partite graph formed from the columns of matrices A, B, and C. The triangles in the graph represent a 3-ary schema, and the schema can be induced from the 3-ary schema."]}, "referred_figures_names": ["1707.01917v2-Figure2-1.png"], "answer": "The induced schema Win <A4, B3, C2> represents the fact that player A4 won tournament C2, defeating player B3."}, "1": {"question": "Which dataset has the highest value for the hyperparameter  \u03bba?", "response": {"1707.01917v2-Table3-1.png": [" Yes", " The dataset with the highest value for the hyperparameter \u03bba is the MUC dataset."]}, "referred_figures_names": ["1707.01917v2-Table3-1.png"], "answer": "The NYT Sports dataset has the highest value for \u03bba (0.9)."}, "2": {"question": "What is the shape of the tensor $x^1$ for the Shootings dataset?", "response": {"1707.01917v2-Table2-1.png": [" Yes", " The shape of the tensor $x^1$ for the Shootings dataset is a 3x1 matrix."]}, "referred_figures_names": ["1707.01917v2-Table2-1.png"], "answer": "The shape of the tensor $x^1$ for the Shootings dataset is 3365 x 1295 x 50."}, "3": {"question": "What is the definition of a non-negative tensor?", "response": {"1707.01917v2-Table1-1.png": [" Yes", " The definition of a non-negative tensor is a tensor that has a non-negative eigenvalue spectrum."]}, "referred_figures_names": ["1707.01917v2-Table1-1.png"], "answer": "A non-negative tensor is a tensor whose elements are all non-negative real numbers."}, "4": {"question": "What is the role of OpenIE in Step 1 of TFBA?", "response": {"1707.01917v2-Figure1-1.png": [" Yes", " In Step 1 of TFBA, OpenIE plays a crucial role in the joint Tucker decomposition of multiple 3-mode tensors, X1, X2, and X3, derived out of X. This joint factorization is performed using shared latent factors A, B, and C. The result of this joint factorization is stored as a cell in one of the core tensors G1, G2, and G3."]}, "referred_figures_names": ["1707.01917v2-Figure1-1.png"], "answer": "OpenIE is used to extract tuples from the unlabeled text corpus. These tuples are then used to create the 3-mode tensors X1, X2, and X3."}, "5": {"question": "Which method achieves the highest accuracy on the Shootings dataset?", "response": {"1707.01917v2-Table5-1.png": [" Yes", " TFBA achieves the highest accuracy on the Shootings dataset."]}, "referred_figures_names": ["1707.01917v2-Table5-1.png"], "answer": "TFBA"}}