{"0": {"question": "Which model achieved the highest performance score on the Breakout game?", "response": {"1707.00524v2-Table2-1.png": [" Yes", " The model that achieved the highest performance score on the Breakout game is the one that uses a combination of DQN and A3C."]}, "referred_figures_names": ["1707.00524v2-Table2-1.png"], "answer": "A3C-CTS"}, "1": {"question": "Which game has the highest code loss in phase 2?", "response": {"1707.00524v2-Figure5-1.png": [" No", " The game with the highest code loss in phase 2 is \"Frozen Fractal Puzzle\"."]}, "referred_figures_names": ["1707.00524v2-Figure5-1.png"], "answer": "Pacman"}, "2": {"question": "What is the difference between the predicted frame and the reconstructed frame for each task domain?", "response": {"1707.00524v2-Figure3-1.png": [" Yes", " The difference between the predicted frame and the reconstructed frame for each task domain is that the predicted frame is generated by the prediction model, while the reconstructed frame is generated by the autoencoder trained with both reconstruction loss and code matching loss. The autoencoder generates slightly blurred frames compared to the ground-truth frame seen by the agent."]}, "referred_figures_names": ["1707.00524v2-Figure3-1.png"], "answer": "The predicted frame is generated by the prediction model, while the reconstructed frame is generated by the autoencoder. The predicted frame is typically more accurate than the reconstructed frame, as the prediction model is trained to predict the future state of the environment, while the autoencoder is only trained to reconstruct the input image."}, "3": {"question": "What is the difference between the encoder and decoder networks in the action-conditional prediction model?", "response": {"1707.00524v2-Figure2-1.png": [" Yes", " The encoder network in the action-conditional prediction model is responsible for processing the input data and generating a feature representation. The decoder network then takes this feature representation and generates the predicted output. The main difference between the encoder and decoder networks is that the encoder network is trained to extract relevant features from the input data, while the decoder network is trained to reconstruct the original input data from the feature representation."]}, "referred_figures_names": ["1707.00524v2-Figure2-1.png"], "answer": "The encoder network takes a one-hot action and the current state as input and outputs a latent representation of the state. The decoder network takes the latent representation and outputs a prediction of the next state."}}