{"0": {"question": "Which model performs the best for caption retrieval in terms of R@1 and MEDR? Briefly explain why the performance might be better than other models.", "response": {"1707.06320v2-Table1-1.png": [" Yes", " The model that performs the best for caption retrieval in terms of R@1 and MEDR is the one with the highest R@1 score and the lowest MEDR score. This model likely has a better balance of precision and recall, resulting in a higher overall performance. The reason for this better performance could be due to the model's ability to accurately capture the context and content of the image, leading to more accurate caption retrieval."]}, "referred_figures_names": ["1707.06320v2-Table1-1.png"], "answer": "Cap2Img performs the best for caption retrieval in terms of both R@1 (27.1) and MEDR (4.0). This suggests that the model is more successful at retrieving the most relevant caption for a given image compared to other models."}, "1": {"question": "Which type of grounding appears to be most beneficial for the MRPC task, and how does its performance compare to the baseline model (ST-LN)?", "response": {"1707.06320v2-Table2-1.png": [" Yes", " The table shows the accuracy results for sentence classification and entailment tasks. The table is divided into two sections, one for the MRPC task and the other for the baseline model (ST-LN). The MRPC task appears to be most beneficial for the ST-LN model, as it has a higher accuracy rate compared to the baseline model."]}, "referred_figures_names": ["1707.06320v2-Table2-1.png"], "answer": "GroundSent-Cap appears to be most beneficial for the MRPC task, achieving an accuracy of 72.9/82.2 compared to the baseline model ST-LN's 69.6/81.2."}, "2": {"question": "Which model performs best on the SNLI dataset, and how much does grounding contribute to its performance compared to the baseline STb-1024 model?", "response": {"1707.06320v2-Table3-1.png": [" Yes", " The best performing model on the SNLI dataset is GroundSent, which is an ensemble of two different STb-1024 models with different initializations. GroundSent performs better than the baseline STb-1024 model by a significant margin. The contribution of grounding to the performance of GroundSent is much higher than the baseline STb-1024 model, indicating that grounding plays a crucial role in improving the"]}, "referred_figures_names": ["1707.06320v2-Table3-1.png"], "answer": "The GroundSent-Both model performs best on the SNLI dataset, achieving an accuracy of 72.0%. Grounding contributes to an improvement of 4.7% compared to the baseline STb-1024 model, which achieves 67.3%."}, "3": {"question": "How do the word embeddings learned by the Cap2Img model compare to the original GloVe embeddings in terms of semantic similarity?", "response": {"1707.06320v2-Table5-1.png": [" Yes", " The word embeddings learned by the Cap2Img model are compared to the original GloVe embeddings in terms of semantic similarity."]}, "referred_figures_names": ["1707.06320v2-Table5-1.png"], "answer": "The word embeddings learned by the Cap2Img model outperform the original GloVe embeddings in terms of semantic similarity."}, "4": {"question": "What is the role of the \"max\" function in the model architecture?", "response": {"1707.06320v2-Figure1-1.png": [" Yes", " The \"max\" function in the model architecture is used to determine the maximum value of a particular feature or attribute in the input image or caption. This value is then used to make predictions or decisions based on the input."]}, "referred_figures_names": ["1707.06320v2-Figure1-1.png"], "answer": "The \"max\" function is used to select the most probable word at each time step in the decoding process."}}