{"0": {"question": "How does increasing the parameter value (\u03c1 for LIME with Euclidean distance, \u03bc for LIME with cosine similarity, and \u03c3 for Parzen) seem to affect the influence vectors?", "response": {"1708.02153v2-Table3-1.png": [" Yes", " Increasing the parameter value for LIME with Euclidean distance, LIME with cosine similarity, and Parzen seems to affect the influence vectors by making the vectors more spread out or more clustered, depending on the specific parameter value. This can impact the accuracy and precision of the model, as well as the interpretability of the results."]}, "referred_figures_names": ["1708.02153v2-Table3-1.png"], "answer": "As the parameter value increases, the influence vectors generally become smoother and less noisy."}, "1": {"question": "Which explanation method seems to place the most emphasis on specific, localized features rather than smooth, gradual changes in pixel intensity?", "response": {"1708.02153v2-Table1-1.png": [" Yes", " The method that places the most emphasis on specific, localized features rather than smooth, gradual changes in pixel intensity is called \"Influence Stripped\" or \"Influence Shifted\"."]}, "referred_figures_names": ["1708.02153v2-Table1-1.png"], "answer": "LIME appears to place the most emphasis on specific, localized features."}, "2": {"question": "Explain why the \"Last contact\" feature has a significant positive influence on the SSL score in both examples, even though it is not directly used by the SSL algorithm.", "response": {"1708.02153v2-Table4-1.png": [" Yes", " The \"Last contact\" feature is a binary feature that indicates whether a person has recently contacted the system or not. In the two examples provided, the SSL score is significantly higher when this feature is present. This is likely because the system is more likely to be in use when a person has recently contacted it, which can be indicative of a more active and engaged user. The SSL algorithm may take this into account when determining the user's level of engagement and influence on the"]}, "referred_figures_names": ["1708.02153v2-Table4-1.png"], "answer": "The \"Last contact\" feature shows a strong positive influence on the SSL score because it is likely correlated with other features that are used by the algorithm. As the passage mentions, data-driven methods like MIM can assign influence to features that are not directly used by the model if they are correlated with other influential features. In this case, a recent \"Last contact\" date might be correlated with a higher number of recent offenses or other factors that contribute to a higher SSL score."}}