{"0": {"question": "Which MCMC sampler appears to have the most consistent performance across the different variables?", "response": {"1708.05239v3-Figure9-1.png": [" Yes", " The MCMC sampler that appears to have the most consistent performance across the different variables is PE-HMC (N=5)."]}, "referred_figures_names": ["1708.05239v3-Figure9-1.png"], "answer": "PE-HMC (N=5)"}, "1": {"question": "How does the performance of the PE-N=5 sampler compare to the HMC sampler?", "response": {"1708.05239v3-Figure10-1.png": [" Yes", " The performance of the PE-N=5 sampler compares to the HMC sampler in terms of log-predictive density on held-out test data for the prostate cancer dataset. The HMC sampler has a higher log-predictive density, indicating better performance in this specific case."]}, "referred_figures_names": ["1708.05239v3-Figure10-1.png"], "answer": "The PE-N=5 sampler performs better than the HMC sampler."}}