{"0": {"question": "Which method achieves the lowest error rate on ILSVRC at 1/4 of the total cost?", "response": {"1708.06832v3-Figure3-1.png": [" Yes", " The method that achieves the lowest error rate on ILSVRC at 1/4 of the total cost is AdaLoss."]}, "referred_figures_names": ["1708.06832v3-Figure3-1.png"], "answer": "MSDNNet38"}, "1": {"question": "What is the effect of increasing the budget in FLOPS on the test Top-1 error rate for the three different training strategies?", "response": {"1708.06832v3-Figure1-1.png": [" Yes", " The effect of increasing the budget in FLOPS on the test Top-1 error rate for the three different training strategies is shown in the image. The strategies include a small ANN (orange) that has non-adaptive weights, a large ANN (green) that has non-adaptive weights, and a large ANN (green) that has adaptive weights. The adaptive weights make the small ANN to outperform the large one that has non"]}, "referred_figures_names": ["1708.06832v3-Figure1-1.png"], "answer": "The test Top-1 error rate decreases as the budget in FLOPS increases for all three training strategies."}, "2": {"question": "Which model performs the best on CIFAR100 and ILSVRC datasets?", "response": {"1708.06832v3-Figure5-1.png": [" Yes", " The model that performs the best on CIFAR100 and ILSVRC datasets is EANN."]}, "referred_figures_names": ["1708.06832v3-Figure5-1.png"], "answer": "EANN with AdaLoss performs the best on both CIFAR100 and ILSVRC datasets."}}