{"0": {"question": "What is the role of the code layer in the HDMF architecture?", "response": {"1708.03797v1-Figure1-1.png": [" Yes", " The code layer in the HDMF architecture is responsible for implementing the algorithms and processing the data."]}, "referred_figures_names": ["1708.03797v1-Figure1-1.png"], "answer": "The code layer is responsible for generating a compressed representation of the input data. This compressed representation is then used by the decoder to reconstruct the original data."}, "1": {"question": "Which model achieved the best overall performance in terms of ranking relevant tags for users?", "response": {"1708.03797v1-Table2-1.png": [" Yes", " The model that achieved the best overall performance in terms of ranking relevant tags for users is the one that is recommended by the table."]}, "referred_figures_names": ["1708.03797v1-Table2-1.png"], "answer": "HDMF achieved the best overall performance."}}