{"0": {"question": "What are the different steps involved in reconstructing implicit warrants for argument reasoning comprehension?", "response": {"1708.01425v4-Figure2-1.png": [" Yes", " The image shows a flowchart of the methodology involved in reconstructing implicit warrants for argument reasoning comprehension. The flowchart consists of several steps, including understanding the problem, identifying the relevant information, analyzing the information, and finally, reconstructing the implicit warrant. The image provides a clear visual representation of the process involved in this task."]}, "referred_figures_names": ["1708.01425v4-Figure2-1.png"], "answer": "The different steps involved in reconstructing implicit warrants for argument reasoning comprehension are:\n1. Sampling comments\n2. Stance annotation\n3. Reason span annotations\n4. Reason gist summarization\n5. Reason disambiguation\n6. Alternative warrant\n7. Alternative warrant validation\n8. Warrant for original claim\n9. Warrant validation"}, "1": {"question": "What is the relationship between the number of workers per \"expert\" and Cohen's kappa agreement for stance annotation?", "response": {"1708.01425v4-Figure3-1.png": [" Yes", " The relationship between the number of workers per \"expert\" and Cohen's kappa agreement for stance annotation is that the more workers are assigned to a single expert, the higher the kappa agreement will be. This is because the more workers are assigned to a single expert, the more likely it is that the workers will agree on the annotations, leading to a higher kappa agreement."]}, "referred_figures_names": ["1708.01425v4-Figure3-1.png"], "answer": "The Cohen's kappa agreement for stance annotation increases as the number of workers per \"expert\" increases."}, "2": {"question": "Which approach performs best on the development set?", "response": {"1708.01425v4-Table2-1.png": [" Yes", " The approach that performs best on the development set is the human average approach."]}, "referred_figures_names": ["1708.01425v4-Table2-1.png"], "answer": "Intra-warrant attention with context."}, "3": {"question": "Does formal training in reasoning, logic, or argumentation seem to have a significant effect on argument reasoning comprehension accuracy for people with graduate degrees?", "response": {"1708.01425v4-Figure4-1.png": [" Yes", " Yes"]}, "referred_figures_names": ["1708.01425v4-Figure4-1.png"], "answer": "No, it does not appear to have a significant effect."}, "4": {"question": "Which step in the methodology resulted in the largest decrease in the size of the dataset?", "response": {"1708.01425v4-Table1-1.png": [" Yes", " Step 6, which involved filtering the instances by their 'logic score' and discarding the weakest 30%."]}, "referred_figures_names": ["1708.01425v4-Table1-1.png"], "answer": "Step 4, Reason disambiguation."}, "5": {"question": "How does the intra-warrant attention mechanism work?", "response": {"1708.01425v4-Figure5-1.png": [" Yes", " The intra-warrant attention mechanism works by using a vector to represent the attention of the model towards a specific part of the input. The attention vector is constructed by taking the dot product of the query vector and the key vector, where the query vector is a linear combination of the input and the key vector. The result is a weighted sum of the input, which is then passed through a non-linear activation function to produce the output. The attention mechanism allows the model to focus on"]}, "referred_figures_names": ["1708.01425v4-Figure5-1.png"], "answer": "The intra-warrant attention mechanism uses a BiLSTM to encode the reason and claim, and then provides this encoded information as an attention vector to LSTM layers for each warrant. The attention vector allows the model to focus on specific parts of the reason and claim that are most relevant to each warrant."}}