{"0": {"question": "What is the probability of finding the pattern {head=F, ant=NAM} in the data?", "response": {"1708.00160v2-Figure4-1.png": [" Yes", " The probability of finding the pattern {head=F, ant=NAM} in the data is 0.00000000000000000000000000000000000000000000000000000000000000000000000000000"]}, "referred_figures_names": ["1708.00160v2-Figure4-1.png"], "answer": "1"}, "1": {"question": "What is the support value of the node \"ana=NAM\"?", "response": {"1708.00160v2-Figure2-1.png": [" Yes", " The support value of the node \"ana=NAM\" is 0.11."]}, "referred_figures_names": ["1708.00160v2-Figure2-1.png"], "answer": "2"}, "2": {"question": "Which coreference model performs best on the CoNLL test set according to the F$_1$ score? Is this performance statistically significant compared to all other models in the table?", "response": {"1708.00160v2-Table4-1.png": [" Yes", " The best performing coreference model on the CoNLL test set according to the F1 score is \"+EPM\". This performance is statistically significant compared to all other models in the table."]}, "referred_figures_names": ["1708.00160v2-Table4-1.png"], "answer": "The \"ensemble\" model of e2ef achieves the highest F$_1$ score of 68.83 on the CoNLL test set. Yes, this performance is statistically significant compared to all other models listed in the table, as indicated by the caption and footnote referencing the approximate randomization test."}, "3": {"question": "Which deep-coref model performed best on the WikiCoref dataset, according to the table?", "response": {"1708.00160v2-Table2-1.png": [" Yes", " The table shows that the deep-coref model that performed best on the WikiCoref dataset is the one with the letter \"B\" in the top row."]}, "referred_figures_names": ["1708.00160v2-Table2-1.png"], "answer": "The CoNLL model performed best on the WikiCoref dataset, with an F1 score of 53.40 when using the +linguistic evaluation metric."}}