{"0": {"question": "What is the effect of performing a left-swap on a binary vector y at index j\u2032?", "response": {"1709.02418v2-Figure1-1.png": [" Yes", " The effect of performing a left-swap on a binary vector y at index j' is that it yields a new vector z such that the number of misclassified pairs h(z, y\u0302) is one more than h(y, y\u0302). Specifically, y\u0302 misclassifies pairs (3, 4), (3, 5), (3, 7), and (6, 7) w.r.t. to y, since for each such pair ("]}, "referred_figures_names": ["1709.02418v2-Figure1-1.png"], "answer": "The left-swap increases the number of misclassified pairs by one."}}