{"0": {"question": "Which method generally achieved a lower objective function value (OFV) for the different datasets, FISVDD or Incremental SVM? Does this imply that one method is definitively better than the other?", "response": {"1709.00139v4-Table1-1.png": [" Yes", " The table shows the results of two different methods, FISVDD and Incremental SVM, on various datasets. The table indicates that the Incremental SVM generally achieved a lower objective function value (OFV) for the different datasets compared to FISVDD. This does not necessarily imply that one method is definitively better than the other, as the results may vary depending on the specific dataset and the context in which the methods are applied."]}, "referred_figures_names": ["1709.00139v4-Table1-1.png"], "answer": "For all datasets presented, Incremental SVM achieved a slightly lower OFV compared to FISVDD. However, this does not necessarily mean that Incremental SVM is definitively better."}}