{"0": {"question": "How does the performance of the two-way AdaQA model compare to the one-way AdaQA model and other CNN-based baseline models on the WikiQA dataset?", "response": {"1709.08294v3-Table3-1.png": [" Yes", " The two-way AdaQA model performs better than the one-way AdaQA model and other CNN-based baseline models on the WikiQA dataset."]}, "referred_figures_names": ["1709.08294v3-Table3-1.png"], "answer": "The two-way AdaQA model significantly outperforms the one-way AdaQA model and all other CNN-based baseline models on the WikiQA dataset. This is evident from the higher MAP and MRR values achieved by the two-way model (0.7107 and 0.7304 respectively) compared to the one-way model (0.7005 and 0.7161) and the baseline models."}, "1": {"question": "How does the ACNN framework learn context-sensitive filters?", "response": {"1709.08294v3-Figure1-1.png": [" Yes", " The ACNN framework learns context-sensitive filters by using a combination of convolutional and filter-generating modules. The input sentences to the filter-generating module and the convolution module could be different, as seen in the image. The framework uses a combination of these two modules to learn and adapt to different contexts, ultimately improving its performance in various natural language processing tasks."]}, "referred_figures_names": ["1709.08294v3-Figure1-1.png"], "answer": "The ACNN framework learns context-sensitive filters through two modules: the filter generation module and the adaptive convolution module. The filter generation module produces a set of filters conditioned on the input sentence, while the adaptive convolution module applies the generated filters to an input sentence. The two modules are jointly differentiable, and the overall architecture can be trained in an end-to-end manner."}, "2": {"question": "Which model performed the best on the Quora Question Pairs dataset?", "response": {"1709.08294v3-Table5-1.png": [" Yes", " The best performing model on the Quora Question Pairs dataset is the Adaptive Query Answering (AdaQA) model."]}, "referred_figures_names": ["1709.08294v3-Table5-1.png"], "answer": "AdaQA (two-way) + att."}, "3": {"question": "Based on the figure, which type of question does ACNN perform the best on?", "response": {"1709.08294v3-Figure3-1.png": [" Yes", " Based on the figure, ACNN performs the best on question types that involve a large number of filters."]}, "referred_figures_names": ["1709.08294v3-Figure3-1.png"], "answer": "ACNN performs best on \"Who\" questions."}, "4": {"question": "How does the Adaptive Question Answering (AdaQA) model generate context-aware filters?", "response": {"1709.08294v3-Figure2-1.png": [" Yes", " The Adaptive Question Answering (AdaQA) model generates context-aware filters by analyzing the input image and caption, and then using that information to adaptively select and apply the appropriate filter. This allows the model to effectively process and understand the content of the input, and generate accurate and relevant filters based on the specific context of the image and caption."]}, "referred_figures_names": ["1709.08294v3-Figure2-1.png"], "answer": "The AdaQA model generates context-aware filters through the filter generation module. This module takes the question and answer as input and outputs a set of filters that are specific to the question and answer pair."}, "5": {"question": "Based on Table 1, which dataset has the largest vocabulary size and how does this compare to the average number of words per document in that dataset?", "response": {"1709.08294v3-Table1-1.png": [" Yes", " Table 1 shows the statistics for different datasets. The dataset with the largest vocabulary size is the \"WikiOQLA\" dataset, which has a vocabulary size of 3,091,439 words. This is significantly larger than the average number of words per document in that dataset, which is 6,091 words. The other datasets have smaller vocabulary sizes and average word counts."]}, "referred_figures_names": ["1709.08294v3-Table1-1.png"], "answer": "The Yelp P. dataset has the largest vocabulary size with 25,709 unique words. This is significantly larger than the average number of words per document in the dataset, which is 138."}, "6": {"question": "Can you explain why the authors claim that their S-ACNN model with a single filter is \"much more expressive\" than the basic S-CNN model, even though it doesn't achieve the best overall performance on either dataset?", "response": {"1709.08294v3-Table2-1.png": [" Yes", " The authors claim that their S-ACNN model with a single filter is \"much more expressive\" than the basic S-CNN model because it uses a single convolutional filter, which allows for more flexibility in capturing different features and patterns in the image. This can lead to better performance on certain tasks or datasets, even if it doesn't achieve the best overall performance on either dataset. The use of multiple convolutional filters in the M-ACNN model can also improve"]}, "referred_figures_names": ["1709.08294v3-Table2-1.png"], "answer": "The authors claim that S-ACNN is more expressive than S-CNN because, despite having only one filter, it significantly outperforms S-CNN on both datasets. This suggests that the filter-generation module in ACNN allows for greater flexibility and adaptability, enabling the model to better capture the specific features of each sentence."}, "7": {"question": "Which model performs best on the SelQA dataset and how does it compare to the baseline CNN model reported in Jurczyk et al. (2016)?", "response": {"1709.08294v3-Table4-1.png": [" Yes", " The best performing model on the SelQA dataset is the one that is marked with a star. This model outperforms the baseline CNN model reported in Jurczyk et al. (2016)."]}, "referred_figures_names": ["1709.08294v3-Table4-1.png"], "answer": "The AdaQA (two-way) + att. model achieves the best performance on the SelQA dataset with a MAP score of 0.9021 and an MRR score of 0.9103. Compared to the baseline CNN model from Jurczyk et al. (2016) which has a MAP score of 0.8320 and an MRR score of 0.8420, the AdaQA (two-way) + att. model demonstrates a significant improvement in both metrics."}}