{"0": {"question": "How does the validation accuracy of the SRU model compare to that of the cuDNN LSTM and CNN models?", "response": {"1709.02755v5-Figure3-1.png": [" Yes", " The validation accuracy of the SRU model is lower than that of the cuDNN LSTM and CNN models."]}, "referred_figures_names": ["1709.02755v5-Figure3-1.png"], "answer": "The SRU model achieves comparable or slightly higher validation accuracy than the cuDNN LSTM and CNN models on all six benchmarks."}, "1": {"question": "How does the processing time of SRU compare to that of cuDNN LSTM and word-level convolution with filter widths k=2 and k=3?", "response": {"1709.02755v5-Figure1-1.png": [" Yes", " The processing time of SRU is faster than that of cuDNN LSTM and word-level convolution with filter widths k=2 and k=3."]}, "referred_figures_names": ["1709.02755v5-Figure1-1.png"], "answer": "The processing time of SRU is significantly faster than that of cuDNN LSTM and word-level convolution with filter widths k=2 and k=3."}, "2": {"question": "According to Table 1 and the passage, how does the performance of the SRU model compare to the LSTM model in terms of both accuracy and training speed on the SQuAD dataset?", "response": {"1709.02755v5-Table2-1.png": [" Yes", " According to Table 1 and the passage, the SRU model outperforms the LSTM model in terms of both accuracy and training speed on the SQuAD dataset."]}, "referred_figures_names": ["1709.02755v5-Table2-1.png"], "answer": "The SRU model outperforms the LSTM model in both accuracy and training speed on the SQuAD dataset."}, "3": {"question": "Based on the table, how does the training process handle large vocabulary sizes?", "response": {"1709.02755v5-Table6-1.png": [" Yes", " The training process handles large vocabulary sizes by using a technique called \"tokenization.\" This involves breaking down the text into smaller units, such as words or phrases, which can be processed more efficiently. The table also shows that the training process uses a \"batch size\" of 512, which means that the training data is divided into smaller chunks of 512 units, allowing for more efficient processing of the large vocabulary."]}, "referred_figures_names": ["1709.02755v5-Table6-1.png"], "answer": "The training process uses several techniques to handle large vocabulary sizes. These include:\n\n1. **Token-based batching:** Instead of grouping sentences of similar lengths together, the training process batches together a fixed number of tokens (5120 tokens per batch). This approach ensures that the model sees a consistent amount of vocabulary regardless of sentence length variation.\n2. **Shared embedding:** This technique maps both source and target words to the same embedding space, effectively reducing the memory footprint needed to store word representations. \n3. **Positional encoding:** This method injects information about the position of words in a sentence into the model, helping it better understand long-range dependencies within the text. "}, "4": {"question": "How does the variance of the hidden state $h_t$ compare to the variance of the input $x_t$ in deep layers of the SRU model?", "response": {"1709.02755v5-Figure6-1.png": [" Yes", " The variance of the hidden state $h_t$ is higher than the variance of the input $x_t$ in deep layers of the SRU model."]}, "referred_figures_names": ["1709.02755v5-Figure6-1.png"], "answer": "According to the passage, the variance of the hidden state is approximately equal to the variance of the input in deep layers."}, "5": {"question": "How does scaling correction affect the training of SRU models?", "response": {"1709.02755v5-Figure2-1.png": [" Yes", " Scaling correction improves the training progress of SRU models, especially for deeper models with many stacked layers."]}, "referred_figures_names": ["1709.02755v5-Figure2-1.png"], "answer": "Scaling correction improves the training progress of SRU models, especially for deeper models with many stacked layers."}, "6": {"question": "How does the performance of SRU with 8 layers compare to the best reported results on the SUBJ dataset, and how does its training time compare to the other models in the \"Our setup\" section?", "response": {"1709.02755v5-Table1-1.png": [" Yes", " The performance of SRU with 8 layers compares well to the best reported results on the SUBJ dataset. However, the training time of SRU is longer than the other models in the \"Our setup\" section."]}, "referred_figures_names": ["1709.02755v5-Table1-1.png"], "answer": "While SRU with 8 layers achieves high test accuracy within the \"Our setup\" section on the SUBJ dataset (93.7%), it falls slightly short of the best reported result of 95.5% achieved by Zhao et al. (2015). However, SRU's training time of 879 seconds for 100 epochs on the SST dataset is faster than the LSTM model (2409 seconds) but slower than the CNN model (417 seconds) and the QRNN models (345 and 371 seconds)."}}