{"0": {"question": "How does the time needed for learning a graph with a subset of allowed edges $\\mathcal{E}^\\text{allowed}$ change as the number of edges per node increases?", "response": {"1710.05654v2-Figure15-1.png": [" Yes", " The time needed for learning a graph with a subset of allowed edges increases as the number of edges per node increases."]}, "referred_figures_names": ["1710.05654v2-Figure15-1.png"], "answer": "The time needed for learning a graph with a subset of allowed edges $\\mathcal{E}^\\text{allowed}$ increases linearly as the number of edges per node increases."}, "1": {"question": "Which method is the fastest for computing a graph with a small average node degree?", "response": {"1710.05654v2-Figure1-1.png": [" No", " The fastest method for computing a graph with a small average node degree is the one that uses a word2vec representation, as it involves a smaller number of nodes compared to the 68 features used in the US Census 1990 data."]}, "referred_figures_names": ["1710.05654v2-Figure1-1.png"], "answer": "The proposed method in this paper (k=5) is the fastest for computing a graph with a small average node degree."}, "2": {"question": "Which digit has the highest average squared distance to other digits in the MNIST dataset?", "response": {"1710.05654v2-Figure11-1.png": [" Yes", " The digit with the highest average squared distance to other digits in the MNIST dataset is the number 1."]}, "referred_figures_names": ["1710.05654v2-Figure11-1.png"], "answer": "Digit \"1\""}, "3": {"question": "How well do the approximate bounds of $\\theta$ predict sparsity in the \"spherical\" dataset?", "response": {"1710.05654v2-Figure4-1.png": [" Yes", " The figure shows a large scale logarithmic graph with a blue line and orange dots. The blue line represents the degree of sparsity, while the orange dots are the actual degree. The graph shows that the approximate bounds of $\\theta$ do not accurately predict the sparsity in the \"spherical\" dataset. The actual degree is significantly different from the predicted degree, indicating that the bounds do not provide a good representation of the data."]}, "referred_figures_names": ["1710.05654v2-Figure4-1.png"], "answer": "The approximate bounds of $\\theta$ are very effective at predicting sparsity in the \"spherical\" dataset."}, "4": {"question": "Which model is the most effective at connecting digits with larger distances?", "response": {"1710.05654v2-Figure5-1.png": [" Yes", " The log model (5) is the most effective at connecting digits with larger distances."]}, "referred_figures_names": ["1710.05654v2-Figure5-1.png"], "answer": "The log model."}, "5": {"question": "What is the effect of adding Gaussian noise to the images on the measured sparsity?", "response": {"1710.05654v2-Figure12-1.png": [" Yes", " The effect of adding Gaussian noise to the images on the measured sparsity is that it increases the sparsity of the image. This is because the added noise causes the image to have more sparse regions, which can be measured using the sparsity measure."]}, "referred_figures_names": ["1710.05654v2-Figure12-1.png"], "answer": "Adding Gaussian noise to the images increases the measured sparsity."}, "6": {"question": "How does the connectivity of the Daitch hard scalable model compare to the Daitch soft scalable model?", "response": {"1710.05654v2-Figure14-1.png": [" Yes", " The connectivity of the Daitch hard scalable model is closer to the A-NN, while the Daitch soft scalable model is between the log and the `2 model. The soft model seems to favor connections between \"1\"s, but this effect becomes worse with higher density. These algorithms fail to give reasonable graphs for densities outside a small range, making it very difficult to control sparsity."]}, "referred_figures_names": ["1710.05654v2-Figure14-1.png"], "answer": "The Daitch hard scalable model has a higher connectivity than the Daitch soft scalable model. This can be seen in the figure, where the bars for the hard model are generally higher than the bars for the soft model."}, "7": {"question": "How does the relevance of terms assigned by the learned graph compare to the relevance assigned by k-NN and A-NN graphs?", "response": {"1710.05654v2-Table1-1.png": [" Yes", " The learned graph's relevance of terms is better than the relevance assigned by k-NN and A-NN graphs."]}, "referred_figures_names": ["1710.05654v2-Table1-1.png"], "answer": "The learned graph assigns weights that correspond much better to the relevance of the terms compared to k-NN and A-NN graphs."}, "8": {"question": "How does the graph diameter change with increasing average degree for different methods and datasets?", "response": {"1710.05654v2-Figure9-1.png": [" Yes", " The graph diameter measures the quality of the recovery for different methods and datasets. The left graph shows a small spherical data with 4096 nodes and 1920 signals. The middle graph shows the same data with 40 signals. The right graph shows word2vec data with 10,000 nodes and 300 features. The diameter of the graph increases with increasing average degree for different methods and datasets."]}, "referred_figures_names": ["1710.05654v2-Figure9-1.png"], "answer": "The graph diameter generally decreases with increasing average degree for all methods and datasets. However, the rate of decrease and the final diameter value vary depending on the method and dataset."}}