{"0": {"question": "What is the purpose of the residual connection in the decoding module?", "response": {"1802.07351v2-Figure7-1.png": [" Yes", " The purpose of the residual connection in the decoding module is to add the output of a layer to the output of another layer. This helps in improving the accuracy of the model and making it more robust."]}, "referred_figures_names": ["1802.07351v2-Figure7-1.png"], "answer": "The residual connection allows the output of a layer to be added to the output of another layer, which helps to improve the flow of information through the network."}, "1": {"question": "What are the differences between the results of the three methods, LiteFlowNet, PWC-Net, and Devon, compared to the ground truth?", "response": {"1802.07351v2-Figure9-1.png": [" Yes", " The differences between the results of the three methods, LiteFlowNet, PWC-Net, and Devon, compared to the ground truth, are likely to be in terms of accuracy, precision, and overall performance. The ground truth refers to the actual, correct results, which the methods are trying to achieve. The methods may have varying levels of success in accurately predicting the desired outcome, and the differences between the results and the ground truth would indicate the effectiveness of each method"]}, "referred_figures_names": ["1802.07351v2-Figure9-1.png"], "answer": "LiteFlowNet, PWC-Net, and Devon all produce results that are similar to the ground truth, but there are some subtle differences. For example, LiteFlowNet tends to overestimate the motion of the small object, while PWC-Net and Devon tend to underestimate it. Additionally, all three methods produce some artifacts around the edges of the moving object."}, "2": {"question": "What is the difference between a standard cost volume and a deformable cost volume?", "response": {"1802.07351v2-Figure2-1.png": [" Yes", " A standard cost volume is a cost volume that is not deformable, meaning it does not change shape when subjected to external forces. In contrast, a deformable cost volume is a cost volume that can change shape when subjected to external forces."]}, "referred_figures_names": ["1802.07351v2-Figure2-1.png"], "answer": "A standard cost volume computes the matching costs for a neighborhood of the same location on the feature maps of the first and second images. A deformable cost volume computes the matching costs for a dilated neighborhood of the same location on the feature maps of the first and second images, offset by a flow vector."}, "3": {"question": "Based on the ablation study, which modification to the Devon model architecture had the most significant negative impact on performance for the KITTI 2015 dataset?", "response": {"1802.07351v2-Table5-1.png": [" Yes", " The table shows the results of ablation experiments after training on FlyingChairs. The table has several columns, including one that shows the results of the ablation study. The most significant negative impact on performance for the KITTI 2015 dataset was the removal of the shared decoder."]}, "referred_figures_names": ["1802.07351v2-Table5-1.png"], "answer": "Removing the normalization in the relation modules had the most significant negative impact on performance for the KITTI 2015 dataset."}, "4": {"question": "Which modification to the Devon model resulted in the fastest processing time for both forward and backward passes, and how much faster was it compared to the full model in terms of the backward pass? ", "response": {"1802.07351v2-Table6-1.png": [" Yes", " The fastest processing time for both forward and backward passes was achieved by the shared decoder modification. The backward pass was 147 times faster than the full model, while the forward pass was 146 times faster."]}, "referred_figures_names": ["1802.07351v2-Table6-1.png"], "answer": "The \"Without dilation\" configuration resulted in the fastest processing time for both forward and backward passes. It was approximately 29.43 ms faster than the full model in terms of the backward pass (147.74 ms vs. 177.17 ms)."}, "5": {"question": "What is the purpose of the residual connection in the encoding module?", "response": {"1802.07351v2-Figure4-1.png": [" Yes", " The purpose of the residual connection in the encoding module is to add the output of a layer to the output of another layer. This helps in improving the performance of the neural network and making it more accurate in predicting the output."]}, "referred_figures_names": ["1802.07351v2-Figure4-1.png"], "answer": "The residual connection adds the output of a layer to the output of another layer, which helps to prevent the vanishing gradient problem."}, "6": {"question": "What is the role of the relation module (Rt) in the Deformable Volume Network (Devon)?", "response": {"1802.07351v2-Figure3-1.png": [" Yes", " The relation module (Rt) in the Deformable Volume Network (Devon) is responsible for determining the spatial relationship between the different stages of the network. This is crucial for accurately estimating the motion of objects in the image. The relation module takes into account the spatial information from the encoding module (f) and the decoding module (gt) to create a coherent representation of the scene."]}, "referred_figures_names": ["1802.07351v2-Figure3-1.png"], "answer": "The relation module (Rt) is responsible for capturing the spatial relationships between the features extracted from the first and second images."}, "7": {"question": "Explain the rationale behind using five deformable cost volumes with different hyperparameter settings in Devon's relation module.", "response": {"1802.07351v2-Table1-1.png": [" No", " The rationale behind using five deformable cost volumes with different hyperparameter settings in Devon's relation module is to optimize the performance of the algorithm. By experimenting with various hyperparameters, the researchers can find the best combination that results in the most accurate and efficient predictions. This approach allows them to fine-tune the model to achieve the desired level of accuracy and computational efficiency."]}, "referred_figures_names": ["1802.07351v2-Table1-1.png"], "answer": "The five deformable cost volumes in Devon's relation module are designed to capture multi-scale motion by combining dense correspondences near the image center with sparser correspondences in the periphery. This is achieved by using different neighborhood sizes (k) and dilation rates (r) for each cost volume, as shown in Table 1. Smaller neighborhood sizes and dilation rates result in denser correspondences, focusing on finer details and small displacements, while larger values capture broader context and larger motions."}, "8": {"question": "Based on the table, which model achieved the best performance on the KITTI 2015 test set in terms of F1-all score, and how does its performance compare to Devon (ft) on the same dataset?", "response": {"1802.07351v2-Table4-1.png": [" Yes", " The table shows the results of the KITTI 2015 test set, including the F1-all score. The best performance was achieved by the model \"flow-net2\" with an F1-all score of 0.92. This outperforms the model \"Devon (ft)\" which had an F1-all score of 0.88."]}, "referred_figures_names": ["1802.07351v2-Table4-1.png"], "answer": "PWC-Net (ft) achieved the best performance on the KITTI 2015 test set with an F1-all score of 9.16%. This is significantly better than Devon (ft), which achieved an F1-all score of 14.31% on the same dataset. "}, "9": {"question": "Based on the table, which method performs best on the Sintel \"Final\" test set, and how does its performance compare to Devon (ft) on the same set? ", "response": {"1802.07351v2-Table2-1.png": [" Yes", " The table shows that the method \"flow-net2\" performs the best on the Sintel \"Final\" test set. It has an error rate of 0.34, which is lower than the error rate of 0.42 for the method \"Devon (ft)\". This indicates that the \"flow-net2\" method is more effective in accurately detecting objects in the Sintel dataset."]}, "referred_figures_names": ["1802.07351v2-Table2-1.png"], "answer": "PWC-Net (ft) performs best on the Sintel \"Final\" test set with an error of 5.04. Devon (ft) has a higher error of 6.35 on the same set. "}, "10": {"question": "Which of the three methods, LiteFlowNet, PWC-Net, or Devon, most accurately predicts the motion of the small object in the scene?", "response": {"1802.07351v2-Figure8-1.png": [" Yes", " LiteFlowNet"]}, "referred_figures_names": ["1802.07351v2-Figure8-1.png"], "answer": "Devon."}}