{"0": {"question": " How many negative samples are there in the training set of the CNSE dataset?", "response": {"1802.07459v2-Table1-1.png": [" Yes", " There are 1000 negative samples in the training set of the CNSE dataset."]}, "referred_figures_names": ["1802.07459v2-Table1-1.png"], "answer": "There are approximately 9,719 negative samples in the training set of the CNSE dataset."}, "1": {"question": "Which model variant achieves the best performance on the CNSS dataset in terms of F1-score, and what are its key components?", "response": {"1802.07459v2-Table2-1.png": [" Yes", " The table shows the accuracy and F1-score results of different algorithms on CNSE and CNSS datasets. The best performance on the CNSS dataset in terms of F1-score is achieved by the \"Variant 1\" model. The key components of this model include the use of a convolutional neural network (CNN) architecture, a pre-trained model, and a fine-tuning process on the CNSS dataset."]}, "referred_figures_names": ["1802.07459v2-Table2-1.png"], "answer": "Model XVIII, CIG-Sim&Siam-GCN-Sim$^{g}$, achieves the best performance on the CNSS dataset with an F1-score of 90.29%. This model utilizes the following key components:\n\n1. CIG: It directly uses keywords as concepts without community detection.\n2. Sim & Siam: It employs both term-based similarity encoder (\"Sim\") and Siamese encoder (\"Siam\") for generating matching vectors on vertices.\n3. GCN: It performs convolution on local matching vectors through GCN layers.\n4. Sim$^{g}$: It incorporates additional global features based on the five term-based similarity metrics."}, "2": {"question": "What are the different stages involved in constructing the Concept Interaction Graph (CIG) from a pair of documents?", "response": {"1802.07459v2-Figure2-1.png": [" Yes", " The different stages involved in constructing the Concept Interaction Graph (CIG) from a pair of documents include: 1) Data collection and preprocessing, 2) Graph convolutional network classification, 3) Graph convolutional network training, and 4) Post-processing and evaluation."]}, "referred_figures_names": ["1802.07459v2-Figure2-1.png"], "answer": "The different stages involved in constructing the Concept Interaction Graph (CIG) from a pair of documents are: (a) Representation, (b) Encoding, (c) Transformation, and (d) Aggregation."}}