{"0": {"question": "Which synchronization method is the most efficient in terms of CPU processing time?", "response": {"1803.02750v3-Figure1-1.png": [" No", " State-based synchronization is the most efficient in terms of CPU processing time."]}, "referred_figures_names": ["1803.02750v3-Figure1-1.png"], "answer": "The proposed method compared to state-based and delta-based methods."}, "1": {"question": "What is the difference between GCounter and GSet?", "response": {"1803.02750v3-TableI-1.png": [" No", " GCounter is a single-threaded version of GSet, while GSet is a multi-threaded version."]}, "referred_figures_names": ["1803.02750v3-TableI-1.png"], "answer": "GCounter measures the number of times an event has occurred, while GSet measures the number of unique elements in a set."}, "2": {"question": "Which of the algorithms is most efficient in terms of transmission in a tree topology?", "response": {"1803.02750v3-Figure7-1.png": [" Yes", " GCounter"]}, "referred_figures_names": ["1803.02750v3-Figure7-1.png"], "answer": "Op-based GSet."}, "3": {"question": "What is the role of the RR optimization in the delta-based synchronization of a GSet?", "response": {"1803.02750v3-Figure5-1.png": [" Yes", " The RR optimization plays a crucial role in the delta-based synchronization of a GSet. It helps to optimize the performance and efficiency of the system by minimizing the time and resources required for synchronization. By implementing the RR optimization, the system can achieve better overall performance and ensure smooth and efficient operation."]}, "referred_figures_names": ["1803.02750v3-Figure5-1.png"], "answer": "The RR optimization helps to reduce the number of messages that need to be exchanged between replicas."}, "4": {"question": "How does the average metadata required per node for the Op-based BP+RR approach change as the number of nodes in the network increases?", "response": {"1803.02750v3-Figure9-1.png": [" Yes", " The average metadata required per node for the Op-based BP+RR approach increases as the number of nodes in the network increases."]}, "referred_figures_names": ["1803.02750v3-Figure9-1.png"], "answer": "The average metadata required per node for the Op-based BP+RR approach increases as the number of nodes in the network increases."}, "5": {"question": "Which algorithm performs the best in terms of average memory ratio with respect to BP+RR for GMap 10%?", "response": {"1803.02750v3-Figure10-1.png": [" No", " GMap 10%"]}, "referred_figures_names": ["1803.02750v3-Figure10-1.png"], "answer": "Delta-based BP+RR"}, "6": {"question": "What is the difference between the `inc_i(p)` and `inc_i'(p)` operations in the Grow-only Counter data type?", "response": {"1803.02750v3-Figure2-1.png": [" Yes", " The difference between the `inc_i(p)` and `inc_i'(p)` operations in the Grow-only Counter data type is that the former uses a function call, while the latter uses a function pointer."]}, "referred_figures_names": ["1803.02750v3-Figure2-1.png"], "answer": "The `inc_i(p)` operation increments the value associated with the key `i` in the counter `p`, while the `inc_i'(p)` operation increments the value associated with the key `i` in the counter `p` only if the key `i` is not already present in the counter."}, "7": {"question": "Which topology has the highest transmission rate for GMap 100%?", "response": {"1803.02750v3-Figure8-1.png": [" Yes", " The mesh topology has the highest transmission rate for GMap 100%."]}, "referred_figures_names": ["1803.02750v3-Figure8-1.png"], "answer": "Mesh"}, "8": {"question": "If a user with 100 followers posts a tweet, how many CRDT updates will be performed in total, and what percentage of the overall workload does this represent?", "response": {"1803.02750v3-TableII-1.png": [" Yes", " If a user with 100 followers posts a tweet, 1 CRDT update will be performed in total. This represents 0.03% of the overall workload."]}, "referred_figures_names": ["1803.02750v3-TableII-1.png"], "answer": "Posting a tweet will result in 1 + 100 = 101 CRDT updates. This represents 35% of the overall workload."}, "9": {"question": "If we use the lexicographic product with a chain as the first component and a distributive lattice as the second component to design a CRDT, will the resulting CRDT lattice be guaranteed to be distributive and satisfy the descending chain condition (DCC)?", "response": {"1803.02750v3-TableIII-1.png": [" Yes", " Yes"]}, "referred_figures_names": ["1803.02750v3-TableIII-1.png"], "answer": "Yes, the resulting CRDT lattice will be guaranteed to be both distributive and satisfy the DCC."}, "10": {"question": "How does the CPU overhead of classic delta-based compare to delta-based BP+RR as the Zipf coefficient increases?", "response": {"1803.02750v3-Figure12-1.png": [" Yes", " The CPU overhead of classic delta-based is lower than delta-based BP+RR as the Zipf coefficient increases."]}, "referred_figures_names": ["1803.02750v3-Figure12-1.png"], "answer": "The CPU overhead of classic delta-based is consistently higher than that of delta-based BP+RR as the Zipf coefficient increases."}}