{"0": {"question": "Which method achieved the highest accuracy on the 45-tag Penn WSJ dataset, and how does its performance compare to the other methods?", "response": {"1804.07849v4-Table1-1.png": [" Yes", " The method that achieved the highest accuracy on the 45-tag Penn WSJ dataset is the one with the highest accuracy, which is 7."]}, "referred_figures_names": ["1804.07849v4-Table1-1.png"], "answer": "The Variational $\\wh{J}^{\\mathrm{var}}$ method achieved the highest accuracy of 78.1% on the 45-tag Penn WSJ dataset. This is significantly higher than all other methods listed in the table, with the next best performing method (Berg-Kirkpatrick et al., 2010) achieving an accuracy of 74.9%."}, "1": {"question": "According to the ablation experiments, which factor contributes the most to the best model's performance compared to the baseline model?", "response": {"1804.07849v4-Table2-1.png": [" No", " The factor that contributes the most to the best model's performance compared to the baseline model is the configuration of the model."]}, "referred_figures_names": ["1804.07849v4-Table2-1.png"], "answer": "Morphological modeling with LSTMs contributes the most to the best model's performance compared to the baseline model."}, "2": {"question": "Which method achieved the highest average V-measure (VM) across all languages, and how much higher was its average compared to the Baum-Welch method?", "response": {"1804.07849v4-Table4-1.png": [" Yes", " The table shows the comparison of the reported results with the CRF autoencoders in many-to-one accuracy (M2O) and the V-measure (VM). The table also shows the average V-measure (VM) across all languages for each method. The Baum-Welch method achieved the highest average V-measure (VM) across all languages by 0.08 compared to the CRF autoencoders."]}, "referred_figures_names": ["1804.07849v4-Table4-1.png"], "answer": "The Variational $\\wh{J}^{\\mathrm{var}}$ method achieved the highest average VM score (50.4). Its average score is 39.6 points higher than the Baum-Welch method, which achieved an average VM score of 10.8."}, "3": {"question": "Which method achieved the highest accuracy on the Italian language data set?", "response": {"1804.07849v4-Table3-1.png": [" Yes", " The method that achieved the highest accuracy on the Italian language data set is the one that uses a fixed hyperparameter configuration optimized on the 45-tag Penn WSJ."]}, "referred_figures_names": ["1804.07849v4-Table3-1.png"], "answer": "Variational J^var (7)"}, "4": {"question": "What is the role of the BiLSTM in the architecture?", "response": {"1804.07849v4-Figure1-1.png": [" Yes", " BiLSTM is a type of neural network architecture that is used in natural language processing tasks. In the image, the BiLSTM is shown as a part of the architecture, which is used to process the input text and generate the output. The BiLSTM architecture is designed to handle both left-to-right and right-to-left text, making it suitable for tasks such as text classification, translation, and language generation."]}, "referred_figures_names": ["1804.07849v4-Figure1-1.png"], "answer": "The BiLSTM takes as input the character-level representations of the words and outputs a word-level representation for each word."}}