{"0": {"question": "What are the two auxiliary tasks that are used in the ESMM architecture for CVR modeling?", "response": {"1804.07931v2-Figure2-1.png": [" Yes", " The two auxiliary tasks used in the ESMM architecture for CVR modeling are CTR and CTCVR."]}, "referred_figures_names": ["1804.07931v2-Figure2-1.png"], "answer": "The two auxiliary tasks are CTR and CTCVR."}, "1": {"question": "What is the relationship between clicks and impressions?", "response": {"1804.07931v2-Figure1-1.png": [" Yes", " Clicks are the number of times a user has clicked on an ad, while impressions are the number of times an ad has been displayed."]}, "referred_figures_names": ["1804.07931v2-Figure1-1.png"], "answer": "Clicks are a subset of impressions."}, "2": {"question": "How much more prevalent are click events compared to conversion events in the Product Dataset?", "response": {"1804.07931v2-Table1-1.png": [" Yes", " The click events are more prevalent than the conversion events in the Product Dataset."]}, "referred_figures_names": ["1804.07931v2-Table1-1.png"], "answer": "Click events are roughly 184 times more prevalent than conversion events in the Product Dataset."}, "3": {"question": "Which model performs best overall on both the CVR and CTCVR tasks?", "response": {"1804.07931v2-Table2-1.png": [" Yes", " The best performing model is AUC."]}, "referred_figures_names": ["1804.07931v2-Table2-1.png"], "answer": "The ESMM model performs the best overall on both the CVR and CTCVR tasks."}, "4": {"question": "How does the performance of ESMM compare to other models on the CVR task and CTCVR task with different training set sizes?", "response": {"1804.07931v2-Figure3-1.png": [" Yes", " The image shows a comparison of different models on the CVR task and CTCVR task with different training set sizes. The models are compared based on their performance on the Product Dataset. The image also shows a comparison of the ESMM model with other models on the CVR task and CTCVR task with different sampling rates. The image provides a visual representation of the performance of the models on the different tasks and sampling rates."]}, "referred_figures_names": ["1804.07931v2-Figure3-1.png"], "answer": "ESMM-NS and ESMM outperform all other models consistently across different training set sizes on both the CVR and CTCVR tasks."}}