{"0": {"question": "How does the appearance of the sphere differ between the re-synthesis using DAMs and the reference image?", "response": {"1804.00863v3-Figure1-1.png": [" Yes", " The re-synthesis using DAMs and the reference image show a significant difference in the appearance of the sphere. The reference image displays a complex material under natural illumination, while the re-synthesis using DAMs appears to be a more artificial representation of the sphere. This difference in appearance could be due to the use of novel deep appearance maps (DAMs) in the re-synthesis process, which may not accurately capture the intricate details of the sphere in"]}, "referred_figures_names": ["1804.00863v3-Figure1-1.png"], "answer": "The sphere in the re-synthesis using DAMs appears to have a more even and consistent surface texture than the reference image."}, "1": {"question": "Which method performs best for the \"Representation\" task when the view is \"Novel\"?", "response": {"1804.00863v3-Table1-1.png": [" Yes", " The method that performs best for the \"Representation\" task when the view is \"Novel\" is \"Our Method\"."]}, "referred_figures_names": ["1804.00863v3-Table1-1.png"], "answer": "The \"OUR\" method performs best for the \"Representation\" task when the view is \"Novel\"."}, "2": {"question": "How do the reconstructions compare to the original samples?", "response": {"1804.00863v3-Figure11-1.png": [" Yes", " The reconstructions appear to be a close representation of the original samples, as they are able to capture the details and characteristics of the materials."]}, "referred_figures_names": ["1804.00863v3-Figure11-1.png"], "answer": "The reconstructions are very similar to the original samples."}, "3": {"question": "What is the difference between the representation module and the learning-to-learn module?", "response": {"1804.00863v3-Figure4-1.png": [" No", " The representation module is used to represent the data, while the learning-to-learn module is used to learn from the data."]}, "referred_figures_names": ["1804.00863v3-Figure4-1.png"], "answer": "The representation module takes an input image and outputs a feature representation. The learning-to-learn module takes a set of features and learns how to segment the image."}, "4": {"question": "What is the difference between the representation task and the learning-to-learn task?", "response": {"1804.00863v3-Figure3-1.png": [" Yes", " The representation task maps an image to RGB values using a neural network, while the learning-to-learn task uses a neural network to map an image to a deep appearance map representation."]}, "referred_figures_names": ["1804.00863v3-Figure3-1.png"], "answer": "The representation task takes an appearance as input and outputs an RGB value, while the learning-to-learn task takes an image as input and outputs a DAM representation."}, "5": {"question": "What is the relationship between gloss and representation error?", "response": {"1804.00863v3-Figure10-1.png": [" Yes", " The relationship between gloss and representation error is that gloss is a measure of the visual appeal of a surface, while representation error is a measure of how well a computer model represents the actual surface. The lower the representation error, the better the computer model will represent the actual surface."]}, "referred_figures_names": ["1804.00863v3-Figure10-1.png"], "answer": "The representation error decreases as the gloss decreases."}}