{"0": {"question": "What is the purpose of the audio encoder in the proposed conditional recurrent adversarial video generation network structure?", "response": {"1804.04786v3-Figure2-1.png": [" Yes", " The purpose of the audio encoder in the proposed conditional recurrent adversarial video generation network structure is to encode the audio signal from the input image. This encoded audio signal is then used as input to the video generation network, which generates the video output based on the audio and image inputs."]}, "referred_figures_names": ["1804.04786v3-Figure2-1.png"], "answer": "The audio encoder extracts audio features from the MFCC features of each audio segment."}, "1": {"question": "Which loss function combination is most important for generating realistic mouth movements?", "response": {"1804.04786v3-Figure4-1.png": [" Yes", " The loss function combination that is most important for generating realistic mouth movements is Lrec."]}, "referred_figures_names": ["1804.04786v3-Figure4-1.png"], "answer": "The combination of Lrec, LI, and LV is most important for generating realistic mouth movements."}, "2": {"question": "What is the difference between the sequential and recurrent generation schemes?", "response": {"1804.04786v3-Figure5-1.png": [" Yes", " The sequential generation scheme generates a single image at a time, while the recurrent generation scheme generates multiple images at once. This means that the recurrent scheme can generate a more diverse and complex image, as it can incorporate information from multiple images into a single output."]}, "referred_figures_names": ["1804.04786v3-Figure5-1.png"], "answer": "The sequential generation scheme generates each frame of the video independently, while the recurrent generation scheme uses the previous frame to generate the next frame. This can be seen in the optical flow images, which show the motion of pixels between frames. The recurrent scheme has a smoother flow of motion, while the sequential scheme has more abrupt changes."}}