{"0": {"question": "How are documents ranked and pruned in the telescoping architecture?", "response": {"1804.04410v2-Figure1-1.png": [" Yes", " In the telescoping architecture, documents are first scanned using a pre-defined match plan. Then, they are passed through additional rank-and-prune stages. This process helps to ensure that the most relevant documents are retrieved and ranked appropriately."]}, "referred_figures_names": ["1804.04410v2-Figure1-1.png"], "answer": "Documents are first matched using a pre-defined match plan. Then, they are passed through additional rank-and-prune stages, which are implemented as a cascade of machine learning models."}, "1": {"question": "How does the RL policy compare to the baseline in terms of index blocks accessed?", "response": {"1804.04410v2-Figure2-1.png": [" Yes", " The RL policy is better than the baseline in terms of index blocks accessed, as it has a lower reduction in index blocks compared to the baseline."]}, "referred_figures_names": ["1804.04410v2-Figure2-1.png"], "answer": "The RL policy accesses fewer index blocks than the baseline."}, "2": {"question": "How does the performance of the learned policy compare to the production baseline for CAT2 queries in terms of relevance and efficiency?", "response": {"1804.04410v2-Table1-1.png": [" No", " The learned policy shows a significant reduction in the index blocks accessed compared to the production baseline for CAT2 queries. However, there is a cost of some loss in relevance for CAT1. The performance of the learned policy is better in terms of efficiency but may have a trade-off in terms of relevance."]}, "referred_figures_names": ["1804.04410v2-Table1-1.png"], "answer": "For CAT2 queries, the learned policy shows a slight improvement in relevance (NCG) for the weighted set and a significant reduction in index blocks accessed for both weighted and unweighted sets."}}