{"0": {"question": "What is the difference between an \"agent-in-place\" action and a generic action category?", "response": {"1804.01429v3-Figure1-1.png": [" Yes", " An \"agent-in-place\" action refers to a specific location where an agent is performing an action, while a generic action category refers to a broader category of actions that can be performed by an agent in any location."]}, "referred_figures_names": ["1804.01429v3-Figure1-1.png"], "answer": "An agent-in-place action is an action that is performed by an agent in a specific place, while a generic action category is a more general category of action that does not specify the place where the action is performed."}, "1": {"question": "What are the different types of features used by the Layout-induced Video Representation Network?", "response": {"1804.01429v3-Figure4-1.png": [" Yes", " The Layout-induced Video Representation Network uses different types of features such as semantic feature, distance-based place discretization, and place-based feature descriptions. These features are used to model moving directions and to aggregate the place-based feature descriptions at inference level."]}, "referred_figures_names": ["1804.01429v3-Figure4-1.png"], "answer": "The Layout-induced Video Representation Network uses three types of features: place-based features, distance-based features, and topological features."}, "2": {"question": "What is the role of the 3D ConvNet in the distance-based place discretization process?", "response": {"1804.01429v3-Figure5-1.png": [" Yes", " The 3D ConvNet is used to process the input image and extract features that are then used to discretize the image into different places."]}, "referred_figures_names": ["1804.01429v3-Figure5-1.png"], "answer": "The 3D ConvNet is used to extract features from the input images. These features are then used to generate place-based feature descriptions."}, "3": {"question": "How does the LIVR framework decompose semantic features into different places?", "response": {"1804.01429v3-Figure2-1.png": [" Yes", " The LIVR framework decomposes semantic features into different places by extracting place-based feature descriptions individually and then dynamically aggregating them at inference time according to the topology of the scene. This is done through a combination of spatial decomposition and neural network operations."]}, "referred_figures_names": ["1804.01429v3-Figure2-1.png"], "answer": "The LIVR framework decomposes semantic features into different places by utilizing bitmaps encoded with the semantic labels of places. This decomposition encourages the network to learn features of generic place-based motion patterns that are independent of scene layouts."}, "4": {"question": "Why does the proposed method outperform the baselines for the action \"<person, move toward (home), walkway>\"?", "response": {"1804.01429v3-Figure8-1.png": [" Yes", " The proposed method outperforms the baselines for the action \"<person, move toward (home), walkway>\" because it uses a combination of motion detection and object tracking to accurately predict the movement of people and vehicles in the scene. This allows for more accurate tracking and prediction of actions, leading to better overall performance."]}, "referred_figures_names": ["1804.01429v3-Figure8-1.png"], "answer": "The proposed method outperforms the baselines for the action \"<person, move toward (home), walkway>\" because it is better at modeling moving directions."}, "5": {"question": "Which actions are most challenging for the network to recognize, and how do the proposed methods improve the performance on these actions?", "response": {"1804.01429v3-Figure7-1.png": [" Yes", " The most challenging actions for the network to recognize are those that require modeling moving directions, such as walking, running, or jumping. The proposed methods, including distance-based place discretization (DDD), topological feature aggregation (Topo-Agg), and place-based feature descriptions (PD), significantly improve the average precision on almost all action categories. These methods help the network better understand the context and spatial relationships within the image, leading to improved recognition of actions that"]}, "referred_figures_names": ["1804.01429v3-Figure7-1.png"], "answer": "The actions that are most challenging for the network to recognize are those that include moving directions, such as \"person, move toward (home)\", \"person, move away (home)\", and \"vehicle, move toward (person)\". The proposed methods, distance-based place discretization (DD) and topological feature aggregation (Topo-Agg), significantly improve the average precision on almost all action categories, especially those that are more challenging and are associated with moving directions."}}