{"0": {"question": "What are the top 5 section recommendations for the Wikipedia article on Lausanne according to the category-section counts method?", "response": {"1804.05995v2-Table1-1.png": [" Yes", " The top 5 section recommendations for the Wikipedia article on Lausanne according to the category-section counts method are:\n\n1. History\n2. Culture\n3. Sports\n4. Education\n5. Transportation"]}, "referred_figures_names": ["1804.05995v2-Table1-1.png"], "answer": "The top 5 section recommendations for the Wikipedia article on Lausanne according to the category-section counts method are HISTORY, DEMOGRAPHICS, ECONOMY, EDUCATION, and POLITICS."}, "1": {"question": "What is the trend in precision and recall as the number of recommended sections k increases?", "response": {"1804.05995v2-Figure5-1.png": [" Yes", " The trend in precision and recall as the number of recommended sections k increases is that it improves."]}, "referred_figures_names": ["1804.05995v2-Figure5-1.png"], "answer": "Precision generally decreases and recall generally increases as k increases."}, "2": {"question": "What is the percentage of categories that can generate at least 10 recommendations using the section-count-based method?", "response": {"1804.05995v2-Figure4-1.png": [" Yes", " The percentage of categories that can generate at least 10 recommendations using the section-count-based method is 100%."]}, "referred_figures_names": ["1804.05995v2-Figure4-1.png"], "answer": "Around 68%."}}