{"0": {"question": "Which relevance label category of documents received the most significant rank promotion according to the NegPair reduction metric?", "response": {"1804.05936v2-Figure2-1.png": [" Yes", " The NegPair reduction metric shows that the \"excellent\" relevance label category of documents received the most significant rank promotion."]}, "referred_figures_names": ["1804.05936v2-Figure2-1.png"], "answer": "The perfect results received the largest promotions in rank."}, "1": {"question": "What is the role of the GRU in the Deep Listwise Context Model (DLCM)?", "response": {"1804.05936v2-Figure1-1.png": [" Yes", " The role of the GRU in the Deep Listwise Context Model (DLCM) is to process the input data and generate the output data."]}, "referred_figures_names": ["1804.05936v2-Figure1-1.png"], "answer": "The GRU is used to process the ranked list of documents provided by a global ranking function."}, "2": {"question": "How does the NegPair reduction vary with the number of perfect results in a query?", "response": {"1804.05936v2-Figure3-1.png": [" Yes", " The NegPair reduction improves as the number of perfect results in a query increases."]}, "referred_figures_names": ["1804.05936v2-Figure3-1.png"], "answer": "The NegPair reduction generally increases as the number of perfect results in a query increases."}, "3": {"question": "Which dataset would be most suitable for training a learning-to-rank model with limited computational resources, and why?", "response": {"1804.05936v2-Table1-1.png": [" Yes", " The most suitable dataset for training a learning-to-rank model with limited computational resources would be the one with the lowest number of queries, documents, relevance levels, features, and year of release. This is because the dataset with the lowest number of these attributes would require the least amount of computational resources to process and analyze. Additionally, the dataset with the lowest number of attributes is likely to have the most straightforward and unambiguous data, making it easier to train the model and achieve accurate results"]}, "referred_figures_names": ["1804.05936v2-Table1-1.png"], "answer": "Microsoft 10k would be the most suitable dataset for training with limited computational resources."}, "4": {"question": "Which of the following methods has the best performance?", "response": {"1804.05936v2-Figure4-1.png": [" Yes", " The best performance is shown by the green line."]}, "referred_figures_names": ["1804.05936v2-Figure4-1.png"], "answer": "LambdaMART"}, "5": {"question": "Which combination of initial list, model, and loss function achieved the best overall performance on the Yahoo! set 1, as measured by nDCG@10 and ERR@10?", "response": {"1804.05936v2-Table4-1.png": [" Yes", " The combination of initial list, model, and loss function that achieved the best overall performance on the Yahoo! set 1 is LIDNN."]}, "referred_figures_names": ["1804.05936v2-Table4-1.png"], "answer": "LambdaMART initial list, DLCM model, and AttRank loss function achieved the best overall performance on the Yahoo! set 1, with an nDCG@10 of 0.743 and an ERR@10 of 0.453."}}