{"0": {"question": "How does the performance of ITN-V2 compare to other methods when both DDT and ST transformations are applied to the CIFAR-10 dataset?", "response": {"1805.06447v3-Table3-1.png": [" Yes", " The performance of ITN-V2 is better than other methods when both DDT and ST transformations are applied to the CIFAR-10 dataset."]}, "referred_figures_names": ["1805.06447v3-Table3-1.png"], "answer": "ITN-V2 achieves the lowest testing error (56.95%) among all methods listed when both DDT and ST transformations are applied to the CIFAR-10 dataset."}, "1": {"question": "Which method performs the best when trained with only 1% of the MNIST training data, and how much does data augmentation improve its performance in this scenario?", "response": {"1805.06447v3-Table2-1.png": [" Yes", " The best performing method when trained with only 1% of the MNIST training data is the method that performs the best when trained with the entire dataset. Data augmentation can improve its performance by generating additional training data from the existing dataset."]}, "referred_figures_names": ["1805.06447v3-Table2-1.png"], "answer": "When trained with only 1% of the MNIST training data, ITN (B-CNN) (w/ DA) performs the best with a testing error of 2.78%. Data augmentation further improves its performance by 0.4%, bringing the testing error down to 2.78% from 3.18% achieved by ITN (B-CNN) without data augmentation."}, "2": {"question": "How does the ITN framework generate pseudo-negative samples?", "response": {"1805.06447v3-Figure1-1.png": [" Yes", " The ITN framework generates pseudo-negative samples by adding a small amount of random noise to the positive samples during the training process. This helps to improve the discriminator's ability to distinguish between positive and negative samples."]}, "referred_figures_names": ["1805.06447v3-Figure1-1.png"], "answer": "The ITN framework generates pseudo-negative samples by applying learned transformations to positive samples."}, "3": {"question": "Which method performs best on the CIFAR-10 dataset?", "response": {"1805.06447v3-Table5-1.png": [" No", " The method that performs best on the CIFAR-10 dataset is the one that has the highest accuracy rate."]}, "referred_figures_names": ["1805.06447v3-Table5-1.png"], "answer": "ITN (ResNet-32) with data augmentation performs best on the CIFAR-10 dataset with a testing error of 5.82%."}, "4": {"question": "Which method achieved the lowest testing error on the miniImageNet dataset?", "response": {"1805.06447v3-Table6-1.png": [" Yes", " The method that achieved the lowest testing error on the miniImageNet dataset is the one that uses the resnet34 network."]}, "referred_figures_names": ["1805.06447v3-Table6-1.png"], "answer": "ITTN (ResNet-32) (w/ DA) achieved the lowest testing error on the miniImageNet dataset with an error rate of 29.65%."}, "5": {"question": "Which generative model generates more accurate and realistic samples on the MNIST dataset, AC-GATN or ITN?", "response": {"1805.06447v3-Figure4-1.png": [" Yes", " AC-GATN"]}, "referred_figures_names": ["1805.06447v3-Figure4-1.png"], "answer": "ITN generates more accurate and realistic samples on the MNIST dataset compared to AC-GATN."}, "6": {"question": "How does the quality of the generated samples change as the update threshold increases?", "response": {"1805.06447v3-Figure5-1.png": [" Yes", " The quality of the generated samples changes as the update threshold increases. The higher the threshold, the fewer the samples will be, and the more likely it is that the samples will be close to the original image."]}, "referred_figures_names": ["1805.06447v3-Figure5-1.png"], "answer": "The quality of the generated samples decreases as the update threshold increases."}, "7": {"question": "Describe the relationship between the update threshold (Tu) and the performance of ITN (B-CNN) on the MNIST dataset.", "response": {"1805.06447v3-Table7-1.png": [" Yes", " The relationship between the update threshold (Tu) and the performance of ITN (B-CNN) on the MNIST dataset is that the Tu value affects the number of iterations performed during the training process. The lower the Tu value, the more iterations are performed, which can potentially improve the accuracy of the model. However, if the Tu value is too low, it may lead to overfitting and decrease the model's performance. The optimal Tu value depends on the specific problem"]}, "referred_figures_names": ["1805.06447v3-Table7-1.png"], "answer": "The performance of ITN (B-CNN) on the MNIST dataset decreases as the update threshold (Tu) increases. This is evident from the increasing ITN error percentages as Tu goes from 1e-3 to 1e-1."}, "8": {"question": "Which method has the lower testing error on the MNIST task?", "response": {"1805.06447v3-Table8-1.png": [" Yes", " ITN-NG"]}, "referred_figures_names": ["1805.06447v3-Table8-1.png"], "answer": "ITN"}, "9": {"question": "Which generative model generates more accurate and realistic samples on the MNIST dataset, AC-GATN or ITN?", "response": {"1805.06447v3-Figure3-1.png": [" Yes", " The image shows a comparison between the accuracy of AC-GATN and ITN models on the MNIST dataset. The MNIST dataset is a collection of 70,000 grayscale images of handwritten digits, which is commonly used for evaluating the performance of image recognition models. The image displays two different models, AC-GATN and ITN, with their respective accuracy rates. The accuracy rate of AC-GATN is higher than that of IT"]}, "referred_figures_names": ["1805.06447v3-Figure3-1.png"], "answer": "ITN generates more accurate and realistic samples on the MNIST dataset compared to AC-GATN."}, "10": {"question": "Which method performs best on the TMTA task and how much does data augmentation contribute to its performance?", "response": {"1805.06447v3-Table1-1.png": [" Yes", " The best performing method on the TMTA task is the B-CNN method. Data augmentation contributes significantly to its performance, as it helps to improve the robustness of the model to various input conditions."]}, "referred_figures_names": ["1805.06447v3-Table1-1.png"], "answer": "The ITN (B-CNN) method with data augmentation (DA) performs best on the TMTA task, achieving a testing error of 21.31%. Data augmentation contributes significantly to its performance, as the ITN (B-CNN) method without DA has a higher testing error of 31.67%."}}