{"0": {"question": "Which method appears to be the safest for autonomous driving on straight lanes with different levels of outlier vehicles?", "response": {"1805.06431v4-Table7-1.png": [" Yes", " The safest method for autonomous driving on straight lanes with different levels of outlier vehicles is the one that has the lowest collision rate."]}, "referred_figures_names": ["1805.06431v4-Table7-1.png"], "answer": "ChoiceNet appears to be the safest method for autonomous driving on straight lanes, regardless of the percentage of outlier vehicles present."}, "1": {"question": "Which of the compared methods is most likely to be the safest?", "response": {"1805.06431v4-Figure8-1.png": [" No", " The safest method is the one that has the lowest number of accidents."]}, "referred_figures_names": ["1805.06431v4-Figure8-1.png"], "answer": "ChoiceNet"}, "2": {"question": "How does the ChoiceNet model perform on datasets with uniform corruptions?", "response": {"1805.06431v4-Figure4-1.png": [" Yes", " The ChoiceNet model performs well on datasets with uniform corruptions, as it is designed to handle such situations. The model is able to accurately predict the outcomes of the corrupted datasets, as shown in the image. This demonstrates the model's ability to handle complex and noisy data, which is a valuable asset in real-world applications."]}, "referred_figures_names": ["1805.06431v4-Figure4-1.png"], "answer": "The ChoiceNet model performs poorly on datasets with uniform corruptions."}, "3": {"question": "Which method performs the best when there are a lot of outliers in the data?", "response": {"1805.06431v4-Figure7-1.png": [" Yes", " The method that performs the best when there are a lot of outliers in the data is the one with the lowest outlier rate."]}, "referred_figures_names": ["1805.06431v4-Figure7-1.png"], "answer": "ChoiceNet."}, "4": {"question": "Which of the two approaches, density estimation or mixture of classifiers, is more robust to outliers?", "response": {"1805.06431v4-Figure1-1.png": [" Yes", " The mixture of classifiers is more robust to outliers than density estimation."]}, "referred_figures_names": ["1805.06431v4-Figure1-1.png"], "answer": "Mixture of classifiers."}, "5": {"question": "How does the performance of the different models change as the corruption level increases? Which model appears to be the most robust to label corruption?", "response": {"1805.06431v4-Table12-1.png": [" Yes", " The table shows the performance of different models on the MNIST dataset with randomly permutated labels. The models include ConvNet, ConvNet + Mixup, and ChoiceNet. The table displays the test accuracies for each model as the corruption level increases. The ChoiceNet model appears to be the most robust to label corruption, as it has the highest accuracy across all levels of corruption."]}, "referred_figures_names": ["1805.06431v4-Table12-1.png"], "answer": "As the corruption level increases, the performance of all models decreases. However, ChoiceNet consistently outperforms both ConvNet and ConvNet+Mixup across all corruption levels, maintaining high accuracy even when almost half of the labels are incorrect. This suggests that ChoiceNet is significantly more robust to label corruption compared to the other models."}, "6": {"question": "Which method appears to be most robust to the presence of outliers in the training data?", "response": {"1805.06431v4-Table4-1.png": [" Yes", " The method that appears to be most robust to the presence of outliers in the training data is the one with the lowest RMSE."]}, "referred_figures_names": ["1805.06431v4-Table4-1.png"], "answer": "ChoiceNet appears to be the most robust to outliers in the training data."}, "7": {"question": "Which method performs best when there is no label corruption (p = 0%) on the Large Movie Review dataset and how does its performance change as the corruption level increases?", "response": {"1805.06431v4-Table15-1.png": [" Yes", " The table shows the accuracy of different methods on the Large Movie Review dataset with varying corruption probabilities. The methods include choice net, MLP, and VAT. The table displays the accuracy percentages for each method at different corruption levels. The best performing method is the one with the highest accuracy at the lowest corruption level. As the corruption level increases, the accuracy of the methods decreases."]}, "referred_figures_names": ["1805.06431v4-Table15-1.png"], "answer": "When there is no label corruption (p = 0%), Mixup achieves the highest test accuracy of 79.77%. However, as the corruption level increases, Mixup's performance deteriorates more rapidly compared to other methods. ChoiceNet, on the other hand, demonstrates a more stable performance across different corruption levels, maintaining the highest accuracy when p is 10%, 20%, 30%, and 40%."}, "8": {"question": "How does the accuracy of the WideResNet model compare to the ChoiceNet model on the CIFAR-10 dataset with 50% random shuffle?", "response": {"1805.06431v4-Figure14-1.png": [" Yes", " The accuracy of the WideResNet model is higher than the ChoiceNet model on the CIFAR-10 dataset with 50% random shuffle."]}, "referred_figures_names": ["1805.06431v4-Figure14-1.png"], "answer": "The WideResNet model has higher accuracy than the ChoiceNet model on the CIFAR-10 dataset with 50% random shuffle."}, "9": {"question": "Which of the four methods has the best performance in terms of average error for the step function?", "response": {"1805.06431v4-Figure6-1.png": [" Yes", " The best performance in terms of average error for the step function is shown in the image."]}, "referred_figures_names": ["1805.06431v4-Figure6-1.png"], "answer": "The proposed method."}, "10": {"question": " How does the performance of ChoiceNet compare to other methods under different noise settings? Briefly explain the strengths and weaknesses of ChoiceNet.", "response": {"1805.06431v4-Table2-1.png": [" Yes", " ChoiceNet is a deep learning model that performs well in various settings, including symmetric and asymmetric noises. The model is designed to make accurate predictions by learning from a large dataset. However, it may struggle with certain types of noises or when the input data is not well-structured. The strengths of ChoiceNet lie in its ability to handle complex data and make accurate predictions, while its weaknesses may include the need for large amounts of training data and the potential for"]}, "referred_figures_names": ["1805.06431v4-Table2-1.png"], "answer": "ChoiceNet generally performs well compared to other methods, achieving the highest accuracy on both symmetric noise settings (sym-50% and sym-20%). However, it falls to second place under the Pair-45% asymmetric noise setting, indicating a weakness in handling this specific type of noise."}, "11": {"question": "Which method generally performed better in the HalfCheetah task, ChoiceNet or MDN? How does the performance gap between these two methods change as the percentage of outliers increases?", "response": {"1805.06431v4-Table6-1.png": [" Yes", " The table shows the average returns of compared methods on behavior cloning problems using MuJoCo. The table has two columns, one for ChoiceNet and the other for MDN. The table also has a row for HalfCheetah. The table shows that ChoiceNet generally performed better in the HalfCheetah task compared to MDN. The performance gap between these two methods increases as the percentage of outliers increases."]}, "referred_figures_names": ["1805.06431v4-Table6-1.png"], "answer": "ChoiceNet generally performed better than MDN in the HalfCheetah task. This is evident from the higher average returns of ChoiceNet across all outlier percentages (10%, 20%, and 30%).\n\nThe performance gap between ChoiceNet and MDN appears to decrease as the percentage of outliers increases. At 10% outliers, ChoiceNet has a significantly higher average return than MDN (2068.14 vs. 192.53). However, at 30% outliers, the difference in average return is smaller (2035.91 vs. 363.08)."}, "12": {"question": "How does the performance of ChoiceNet compare to other methods under different noise settings on the CIFAR-10 dataset? Briefly explain the strengths and weaknesses of ChoiceNet. ", "response": {"1805.06431v4-Table14-1.png": [" Yes", " ChoiceNet is a deep learning model that performs well in various settings, including different noise conditions on the CIFAR-10 dataset. The model's strengths lie in its ability to learn from a large dataset, generalize well to new examples, and achieve high accuracy. However, ChoiceNet may struggle with certain types of noises or when the input data is not well-structured. The model's weaknesses may include overfitting to the training data,"]}, "referred_figures_names": ["1805.06431v4-Table14-1.png"], "answer": "ChoiceNet generally performs well compared to other methods, achieving the highest accuracy on both symmetric noise settings (sym-50% and sym-20%). However, it falls to second place under the Pair-45% asymmetric noise setting, indicating a weakness in handling this specific type of noise."}, "13": {"question": "Which method performs best at all noise levels?", "response": {"1805.06431v4-Figure13-1.png": [" Yes", " The method that performs best at all noise levels is the one with the highest accuracy."]}, "referred_figures_names": ["1805.06431v4-Figure13-1.png"], "answer": "ChoiceNet."}, "14": {"question": "What is the role of the Cholesky block in the ChoiceNet architecture?", "response": {"1805.06431v4-Figure3-1.png": [" Yes", " The Cholesky block in the ChoiceNet architecture is responsible for computing the covariance matrix, which is used to model the target distribution."]}, "referred_figures_names": ["1805.06431v4-Figure3-1.png"], "answer": "The Cholesky block is used to decompose the covariance matrix \u03a3k into a lower triangular matrix and its transpose. This decomposition is used to ensure that the covariance matrix is positive definite, which is a requirement for the Gaussian distribution."}, "15": {"question": "What is the purpose of the Cholesky Block in this figure?", "response": {"1805.06431v4-Figure2-1.png": [" Yes", " The purpose of the Cholesky Block in this figure is to transform the target weight matrix W\u2217 and auxiliary matrix Z into the correlated weight matrix W\u0303k. This is done by applying the CholeskyTransform, which helps to distinguish abnormal patterns from normal ones."]}, "referred_figures_names": ["1805.06431v4-Figure2-1.png"], "answer": "The Cholesky Block is used to distinguish abnormal patterns from normal patterns."}, "16": {"question": "Is it more beneficial to use ConvNet+CN with or without Mixup when the corruption probability is 80%? Explain your reasoning.", "response": {"1805.06431v4-Table13-1.png": [" Yes", " The table shows the test accuracies on the CIFAR-10 datasets with symmetric noises. The row with the highest accuracy is ConvNet+CN with Mixup. When the corruption probability is 80%, it is more beneficial to use ConvNet+CN with Mixup, as it provides better accuracy in detecting the corruption. This is because Mixup helps to improve the model's ability to generalize and detect the corruption, even when"]}, "referred_figures_names": ["1805.06431v4-Table13-1.png"], "answer": "ConvNet+CN with Mixup achieves a higher accuracy (75.4%) than ConvNet+CN without Mixup (65.2%) when the corruption probability is 80%."}, "17": {"question": "How does the accuracy of the Mixup method change as the level of random shuffle increases?", "response": {"1805.06431v4-Figure12-1.png": [" Yes", " The accuracy of the Mixup method increases as the level of random shuffle increases."]}, "referred_figures_names": ["1805.06431v4-Figure12-1.png"], "answer": "The accuracy of the Mixup method decreases as the level of random shuffle increases."}}