{"0": {"question": "Which task-oriented dialog system performs the best when the percentage of unseen information in the KB is high?", "response": {"1805.01216v3-Figure1-1.png": [" Yes", " The task-oriented dialog system that performs the best when the percentage of unseen information in the KB is high is BLEU."]}, "referred_figures_names": ["1805.01216v3-Figure1-1.png"], "answer": "BoSsNet"}, "1": {"question": "Why did Seq2Seq and Mem2Seq models perform poorly when the percentage of unseen entities in the knowledge base (KB) increased?", "response": {"1805.01216v3-Table4-1.png": [" Yes", " The Seq2Seq and Mem2Seq models performed poorly when the percentage of unseen entities in the knowledge base (KB) increased because they were not designed to handle such situations. These models rely on the assumption that the input text is a linear sequence of words, and when the input contains unseen entities, they struggle to generate coherent and meaningful responses. This highlights the importance of developing models that can better handle ambiguous or unseen entities in the input text."]}, "referred_figures_names": ["1805.01216v3-Table4-1.png"], "answer": "Seq2Seq and Mem2Seq models performed poorly because they struggled to capture the semantic representations of unseen entities. This means they couldn't understand the meaning and relationships of new restaurants introduced in the KB. As a result, they were unable to accurately identify the correct restaurant and provide its address when faced with unseen entities."}, "2": {"question": "Which model achieved the highest combined score for informativeness and grammatical correctness on the CamRest dataset?", "response": {"1805.01216v3-Table3-1.png": [" Yes", " The highest combined score for informativeness and grammatical correctness on the CamRest dataset was achieved by the SMD model."]}, "referred_figures_names": ["1805.01216v3-Table3-1.png"], "answer": "The BOSSNET model achieved the highest combined score for informativeness and grammatical correctness on the CamRest dataset."}, "3": {"question": "Can you explain why the BOSSNET with multi-hop encoder performs better on bAbI tasks 3 and 5 compared to the 1-hop encoder, and how this relates to the tasks themselves?", "response": {"1805.01216v3-Table14-1.png": [" Yes", " The BOSSNET with multi-hop encoder performs better on bAbI tasks 3 and 5 compared to the 1-hop encoder because it can process multiple input sentences at once, allowing it to generate more diverse and accurate responses. This is particularly useful for tasks that require understanding and generating natural language, as it can better handle the complexities and nuances of human language. The multi-hop encoder's ability to process multiple sentences simultaneously enables it to"]}, "referred_figures_names": ["1805.01216v3-Table14-1.png"], "answer": "The multi-hop encoder performs better on bAbI tasks 3 and 5 because these tasks specifically require inferencing over multiple KB tuples. In other words, the model needs to \"hop\" between different pieces of information in the knowledge base to make the correct inferences and recommendations.\n\nTask 3 involves sorting restaurants by rating, and task 5 requires recommending a restaurant based on user preferences. Both tasks necessitate the model to consider various restaurant attributes and their relationships, which the multi-hop encoder facilitates by capturing longer-range dependencies within the knowledge base."}, "4": {"question": "How does the encoder understand the last user utterance?", "response": {"1805.01216v3-Figure2-1.png": [" Yes", " The encoder understands the last user utterance by using only the memory cell representations."]}, "referred_figures_names": ["1805.01216v3-Figure2-1.png"], "answer": "The encoder understands the last user utterance by using the memory cell representations of the dialog history and KB tuples."}, "5": {"question": "Which model performs best on tasks T3 and T3-OOV in terms of per-dialog accuracy, and how does its performance differ between the two test sets?", "response": {"1805.01216v3-Table1-1.png": [" Yes", " The table shows the per-response and per-dialog accuracies for different models on the BOSSNET dialog tasks. The table is organized in a way that makes it easy to compare the performance of different models. The table shows that the model that performs best on the T3 and T3-OOV tasks in terms of per-dialog accuracy is the baseline. However, its performance differs between the two test sets."]}, "referred_figures_names": ["1805.01216v3-Table1-1.png"], "answer": "The proposed system model (BOSSNET) performs best on both tasks T3 and T3-OOV in terms of per-dialog accuracy. However, its performance is significantly higher on the T3-OOV test set (95.7%) compared to the non-OOV T3 test set (95.2%)."}, "6": {"question": "Why might the authors claim that although BOSSNET achieves a lower BLEU score than Mem2Seq on the SMD dataset, it still performs better in conveying necessary entity information?", "response": {"1805.01216v3-Table2-1.png": [" Yes", " The authors might claim that although BOSSNET achieves a lower BLEU score than Mem2Seq on the SMD dataset, it still performs better in conveying necessary entity information because BOSSNET is designed to focus on conveying necessary entity information, while Mem2Seq is designed to generate text that is more human-like. This means that BOSSNET may prioritize the correct identification and representation of entities in the text, even if it sacrifices some of the flu"]}, "referred_figures_names": ["1805.01216v3-Table2-1.png"], "answer": "While BOSSNET has a lower BLEU score than Mem2Seq on SMD, it achieves the highest Entity F1 score on that dataset. This suggests that BOSSNET is better at capturing and including the relevant entities in its responses, even though it may not have as much lexical overlap with the gold responses as Mem2Seq."}, "7": {"question": "Which model performs the best in terms of Entity F1 score when the percentage of unseen entities in the response is low?", "response": {"1805.01216v3-Figure5-1.png": [" Yes", " The model that performs the best in terms of Entity F1 score when the percentage of unseen entities in the response is low is the one with the lowest Entity F1 score."]}, "referred_figures_names": ["1805.01216v3-Figure5-1.png"], "answer": "BoSsNet"}, "8": {"question": " \n\nWhat is the difference between the original and pre-processed SMD Navigate data? ", "response": {"1805.01216v3-Figure9-1.png": [" Yes", " The original SMD Navigate data is a list of words, while the pre-processed SMD Navigate data is a list of word sequences. The pre-processed data is more suitable for use in a machine learning model, as it is easier to work with and analyze."]}, "referred_figures_names": ["1805.01216v3-Figure9-1.png"], "answer": " \n\nThe pre-processed SMD Navigate data combines all the properties (such as distance, address) of a point of interest (POI) into a single subject with the object being \"poi\". The original data had separate entries for each property. "}, "9": {"question": "Which model performs best when the percentage of unseen entities in the response is low?", "response": {"1805.01216v3-Figure3-1.png": [" Yes", " The model that performs best when the percentage of unseen entities in the response is low is the one with the highest accuracy."]}, "referred_figures_names": ["1805.01216v3-Figure3-1.png"], "answer": "BoSsNet"}, "10": {"question": "Which task required the highest learning rate and how does this compare to the learning rate used for CamRest?", "response": {"1805.01216v3-Table9-1.png": [" Yes", " The table shows the learning rates for different datasets and the hyperparameters used to train BOSSNET on each dataset. The highest learning rate is 0.001, which is used for the CamRest dataset. This is significantly higher than the learning rate used for the other datasets."]}, "referred_figures_names": ["1805.01216v3-Table9-1.png"], "answer": "Task T1 and T2 required the highest learning rate of 0.001. This is twice the learning rate used for CamRest, which was trained with a learning rate of 0.0005."}, "11": {"question": "What is the difference between the attention weights in the two-level attention model and the one-level attention model?", "response": {"1805.01216v3-Figure7-1.png": [" Yes", " The difference between the attention weights in the two-level attention model and the one-level attention model is that the two-level model has two sets of attention weights, one for each level, while the one-level model has only one set of attention weights. This means that the two-level model can better capture the complexity of the input data by considering multiple levels of abstraction, whereas the one-level model may not be able to capture the same level of complexity."]}, "referred_figures_names": ["1805.01216v3-Figure7-1.png"], "answer": " The two-level attention model has higher attention weights on the relevant information in the memory, while the one-level attention model has more uniform attention weights."}}