{"0": {"question": "Which method has the fastest convergence and highest converged performance?", "response": {"1805.07567v2-Figure7-1.png": [" Yes", " The method that has the fastest convergence and highest converged performance is the one that uses iterative kinetics."]}, "referred_figures_names": ["1805.07567v2-Figure7-1.png"], "answer": "F-DSS"}, "1": {"question": "Which dataset would you expect to be the most challenging for a model trained on MSRA-B to perform well on, and why?", "response": {"1805.07567v2-Table1-1.png": [" Yes", " The dataset that would be the most challenging for a model trained on MSRA-B to perform well on would be the one with the lowest contrast. This is because the contrast between the foreground and background is the lowest, making it more difficult for the model to accurately identify and classify the objects in the image. The lower the contrast, the more challenging the dataset is, and thus the model would need to be more advanced and sophisticated to perform well on this dataset"]}, "referred_figures_names": ["1805.07567v2-Table1-1.png"], "answer": "The DUT-OMRON dataset is likely the most challenging for a model trained on MSRA-B."}, "2": {"question": "Which model performs best in terms of Mean F-measure on the DUT-OMRON dataset when trained on the MB dataset? How does the FLoss variant of this model compare to its base version?", "response": {"1805.07567v2-Table3-1.png": [" Yes", " The FLoss variant of the model performs best in terms of Mean F-measure on the DUT-OMRON dataset when trained on the MB dataset."]}, "referred_figures_names": ["1805.07567v2-Table3-1.png"], "answer": "The DSS+FLoss model performs best in terms of Mean F-measure on the DUT-OMRON dataset when trained on the MB dataset, achieving a score of 0.755.\n\nThe FLoss variant of the DSS model shows a clear improvement over the base DSS model, with a Mean F-measure increase from 0.738 to 0.755."}, "3": {"question": "Which algorithm achieves a better balance between precision and recall?", "response": {"1805.07567v2-Figure5-1.png": [" Yes", " FLoss achieves a better balance between precision and recall."]}, "referred_figures_names": ["1805.07567v2-Figure5-1.png"], "answer": "F-DSS."}, "4": {"question": "Why does the proposed FLoss method perform better than the balanced cross-entropy loss, even though both methods aim to address the data imbalance problem in salient object detection?", "response": {"1805.07567v2-Table4-1.png": [" Yes", " The proposed FLoss method performs better than the balanced cross-entropy loss because it uses an F-measure criterion that can automatically adjust data unbalance, whereas the balanced cross-entropy loss relies on assigning loss weights to foreground/background samples, which may not be sufficient to address the unbalancing problem effectively."]}, "referred_figures_names": ["1805.07567v2-Table4-1.png"], "answer": "The FLoss method performs better than the balanced cross-entropy loss because it can automatically adjust to data imbalance using the F-measure criterion, while the balanced cross-entropy loss relies on pre-defined weights for positive and negative samples."}, "5": {"question": " \n\nWhat is the effect of increasing the value of \u03b22 on the precision and recall of the model? ", "response": {"1805.07567v2-Figure6-1.png": [" Yes", " Increasing the value of \u03b22 in the model will decrease the precision and increase the recall. This is because a larger \u03b22 allows for more flexibility in adjusting the balance between recall and precision. In a recall-first application, a larger \u03b22 would be used, while in other cases, a lower \u03b22 would be preferred."]}, "referred_figures_names": ["1805.07567v2-Figure6-1.png"], "answer": " \n\nIncreasing the value of \u03b22 decreases the precision and increases the recall of the model."}, "6": {"question": "Which method produces higher contrast saliency maps, FLoss or Log-FLoss?", "response": {"1805.07567v2-Figure2-1.png": [" Yes", " FLoss"]}, "referred_figures_names": ["1805.07567v2-Figure2-1.png"], "answer": "FLoss"}}