{"0": {"question": "Which algorithm has the highest percentage of switched instances?", "response": {"1805.04609v3-Figure3-1.png": [" Yes", " The algorithm with the highest percentage of switched instances is the one that uses the synthesis algorithm."]}, "referred_figures_names": ["1805.04609v3-Figure3-1.png"], "answer": "US-HC-MQ"}, "1": {"question": "How does the accuracy of the US-BS-MQ method compare to that of the S-MQ method when adding SST examples?", "response": {"1805.04609v3-Figure2-1.png": [" Yes", " The accuracy of the US-BS-MQ method is higher than that of the S-MQ method when adding SST examples."]}, "referred_figures_names": ["1805.04609v3-Figure2-1.png"], "answer": "The US-BS-MQ method achieves higher accuracy than the S-MQ method when adding SST examples."}}