{"0": {"question": "Which steganography method achieves the best performance in terms of distortion for both cover and secret images when embedding 2 bits per channel?", "response": {"1805.08465v3-Table1-1.png": [" Yes", " The best performance in terms of distortion for both cover and secret images when embedding 2 bits per channel is achieved by the method that has the lowest SIR value."]}, "referred_figures_names": ["1805.08465v3-Table1-1.png"], "answer": "The proposed method achieves the best performance for both cover and secret images when embedding 2 bits per channel."}}