{"0": {"question": "What is the value of the learning rate \u03b1 for the BAIR dataset?", "response": {"1809.00263v5-Table3-1.png": [" Yes", " The value of the learning rate \u03b1 for the BAIR dataset is 0.02."]}, "referred_figures_names": ["1809.00263v5-Table3-1.png"], "answer": "0.0002"}, "1": {"question": "Which feature has the highest dimensionality in the first two dimensions?", "response": {"1809.00263v5-Table2-1.png": [" Yes", " The feature with the highest dimensionality in the first two dimensions is the \"C\" feature."]}, "referred_figures_names": ["1809.00263v5-Table2-1.png"], "answer": "All features have the same dimensionality in the first two dimensions."}, "2": {"question": "What is the relationship between the length of the interval and the uncertainty in the generated frames?", "response": {"1809.00263v5-Figure2-1.png": [" Yes", " The relationship between the length of the interval and the uncertainty in the generated frames is that the shorter the interval, the more uncertain the generated frames will be. This is because the camera in scenario 1 captures every other frame, while the camera in scenario 2 captures 1 frame for every 4 frames. This difference in the frame capture rate leads to a higher level of uncertainty in the generated frames in scenario 2 compared to scenario 1."]}, "referred_figures_names": ["1809.00263v5-Figure2-1.png"], "answer": "The uncertainty in the generated frames increases with the length of the interval."}, "3": {"question": "Explain the likely reason why the \"SDVI loss term 1&3\" model performs worse than the full SDVI model in terms of PSNR and SSIM across all datasets.", "response": {"1809.00263v5-Table1-1.png": [" No", " The \"SDVI loss term 1&3\" model likely performs worse than the full SDVI model in terms of PSNR and SSIM across all datasets because it is a simplified version of the original model. By removing some of the loss terms, the model may not be able to capture the same level of detail and complexity in the images. This can result in a decrease in the model's performance in terms of image quality and perceptual similarity."]}, "referred_figures_names": ["1809.00263v5-Table1-1.png"], "answer": "The \"SDVI loss term 1&3\" model only uses the pixel reconstruction loss and the inclusive KL divergence loss, while the full SDVI model additionally incorporates the pixel prediction loss and the exclusive KL divergence loss. According to the passage, the exclusive KL divergence term encourages the inference distribution to be more accurate, while the pixel prediction loss further improves video quality during inference. Therefore, the absence of these terms in the \"SDVI loss term 1&3\" model likely explains its inferior performance compared to the full SDVI model."}, "4": {"question": "What is the difference between the Inference module and the Posterior module?", "response": {"1809.00263v5-Figure3-1.png": [" Yes", " The Inference module takes the previous frame Xt\u22121 and the dynamic constraint h\u0302t at each step, while the Posterior module takes the current frame Xt. This difference results in different output frames X\u0303infr."]}, "referred_figures_names": ["1809.00263v5-Figure3-1.png"], "answer": "The Inference module takes the previous frame (Xt-1) and the dynamic constraint (h\u0302t) as input, while the Posterior module takes the current frame (Xt) as input. This means that the Inference module is trying to predict the next frame based on the previous frame and the dynamic constraint, while the Posterior module is trying to reconstruct the current frame."}, "5": {"question": "Which method generates the best moving objects?", "response": {"1809.00263v5-Figure16-1.png": [" Yes", " Our method can model the dynamic correctly and generate better moving objects than SuperSloMo and SepConv."]}, "referred_figures_names": ["1809.00263v5-Figure16-1.png"], "answer": "SDVI"}, "6": {"question": "What is the effect of the sliding tendency of SepConv on the generated images?", "response": {"1809.00263v5-Figure13-1.png": [" Yes", " The sliding tendency of SepConv will cause motion errors and high LMS."]}, "referred_figures_names": ["1809.00263v5-Figure13-1.png"], "answer": "The sliding tendency of SepConv will cause motion errors and high LMS."}, "7": {"question": "What is the role of the residual connections in the RBConvLSTM network?", "response": {"1809.00263v5-Figure4-1.png": [" Yes", " The residual connections in the RBConvLSTM network serve as a way to maintain the input information throughout the network, allowing the network to learn and adapt to changes in the input data."]}, "referred_figures_names": ["1809.00263v5-Figure4-1.png"], "answer": "The residual connections add the output of the previous layer to the input of the next layer. This helps to improve the flow of information through the network and can help to prevent vanishing gradients."}, "8": {"question": "What is the relationship between the feature maps of $\\sigma$ and $\\mu$ and the sampled vector?", "response": {"1809.00263v5-Figure6-1.png": [" Yes", " The sampled vector is applied to all locations in the feature maps of $\\sigma$ and $\\mu$."]}, "referred_figures_names": ["1809.00263v5-Figure6-1.png"], "answer": "The sampled vector is element-wise multiplied by the feature map of $\\sigma$ and added to the feature map of $\\mu$."}}