{"0": {"question": "Which method achieved the highest tracking accuracy in terms of minimizing the sum of absolute percentage errors? Does this necessarily mean it had the best overall performance?", "response": {"1809.01989v2-Table1-1.png": [" Yes", " The method that achieved the highest tracking accuracy is the one with the lowest sum of absolute percentage errors. This method likely had the best overall performance, as it minimized the sum of absolute percentage errors the most. However, it is important to note that the best overall performance may not necessarily be the one with the lowest sum of absolute percentage errors, as other factors such as computational efficiency, ease of implementation, and interpretability of the results may also play a role in determining the best method for a"]}, "referred_figures_names": ["1809.01989v2-Table1-1.png"], "answer": "The Ridge method achieved the lowest sum of absolute percentage errors (136.84), indicating the highest tracking accuracy in terms of minimizing absolute deviations from the index. However, this doesn't necessarily translate to the best overall performance."}}