{"0": {"question": "How does the square hashing process work?", "response": {"1809.01246v1-Figure5-1.png": [" Yes", " The square hashing process works by dividing the image into smaller squares, and then applying a mathematical formula to each square. This formula is used to create a unique code for each square, which is then combined to create a unique code for the entire image. This process is used to compress and store images, as well as to encrypt and decrypt data."]}, "referred_figures_names": ["1809.01246v1-Figure5-1.png"], "answer": "Square hashing is a process that uses two hash functions to map a source/destination pair to a bucket in a two-dimensional array. The first hash function, h_i(s), maps the source address to a row in the array, and the second hash function, h_i(d), maps the destination address to a column in the array. The intersection of the row and column is the bucket where the fingerprint is stored."}, "1": {"question": "What is the relationship between the buffer percentage and the width of the room?", "response": {"1809.01246v1-Figure13-1.png": [" Yes", " The buffer percentage is related to the width of the room, as it is a measure of the amount of space available for the occupants. A higher buffer percentage indicates that there is more space available, while a lower buffer percentage suggests that the room is more cramped. The width of the room can affect the buffer percentage by determining the amount of space available for the occupants to move around comfortably."]}, "referred_figures_names": ["1809.01246v1-Figure13-1.png"], "answer": "The buffer percentage decreases as the width of the room increases."}, "2": {"question": "How are edges aggregated in the graph sketch $G_h$?", "response": {"1809.01246v1-Figure1-1.png": [" Yes", " The edges in the graph stream are aggregated by grouping them together."]}, "referred_figures_names": ["1809.01246v1-Figure1-1.png"], "answer": "Edges are aggregated by adding their weights together."}, "3": {"question": "How does the Average Relative Error (ARE) of node queries change as the width increases for different configurations of GSS and TCM?", "response": {"1809.01246v1-Figure11-1.png": [" Yes", " The image shows a graph with four different graphs, each representing a different configuration of GSS and TCM. The graphs are labeled with the names of the configurations. The Average Relative Error (ARE) of node queries is shown to change as the width increases for each configuration. The graphs show the relationship between the width and the ARE, providing insight into how the configuration affects the performance of the system."]}, "referred_figures_names": ["1809.01246v1-Figure11-1.png"], "answer": "The ARE of node queries generally decreases as the width increases for all configurations of GSS and TCM. However, there are some fluctuations in the ARE for some configurations."}, "4": {"question": "What is the relationship between the table and the graph sketch in the figure?", "response": {"1809.01246v1-Figure2-1.png": [" No", " The table and the graph sketch in the figure are related in that the table is displaying the graph sketch. The table is showing the graph sketch G, which is a sample map function."]}, "referred_figures_names": ["1809.01246v1-Figure2-1.png"], "answer": "The table provides the mapping between the nodes in the original graph and their corresponding hash values, which are used to create the graph sketch."}, "5": {"question": "Which graph shows the largest improvement in accuracy for the TCM(8*memory) method compared to the GSS(fsize=12) method?", "response": {"1809.01246v1-Figure8-1.png": [" Yes", " The graph showing the largest improvement in accuracy for the TCM(8*memory) method compared to the GSS(fsize=12) method is the one with the blue line."]}, "referred_figures_names": ["1809.01246v1-Figure8-1.png"], "answer": "The graph for the Caida-networkflow dataset shows the largest improvement in accuracy for the TCM(8*memory) method compared to the GSS(fsize=12) method."}, "6": {"question": "Which data structure is the fastest for updating on the email-EuAll dataset?", "response": {"1809.01246v1-TableI-1.png": [" Yes", " The fastest data structure for updating on the email-EuAll dataset is the tcm data structure."]}, "referred_figures_names": ["1809.01246v1-TableI-1.png"], "answer": "GSS (no sampling)"}, "7": {"question": "How does the average precision of TCM(256*memory) compare to the other two algorithms in the email-EuAll dataset?", "response": {"1809.01246v1-Figure9-1.png": [" Yes", " The average precision of TCM(256*memory) is compared to the other two algorithms in the email-EuAll dataset."]}, "referred_figures_names": ["1809.01246v1-Figure9-1.png"], "answer": "The average precision of TCM(256*memory) is lower than the other two algorithms in the email-EuAll dataset."}, "8": {"question": "Which query type has the highest accuracy when M/|V| is small?", "response": {"1809.01246v1-Figure3-1.png": [" Yes", " The query type that has the highest accuracy when M/|V| is small is the \"Bilinear\" query."]}, "referred_figures_names": ["1809.01246v1-Figure3-1.png"], "answer": "Edge query."}}