{"0": {"question": "Why is the model discouraged even though the generated response (RSP) incorporates relevant content from the N-best response candidates (C#1 and C#2)?", "response": {"1809.04276v2-Table1-1.png": [" No", " The model is discouraged because the generated response (RSP) does not incorporate relevant content from the N-best response candidates (C#1 and C#2). The model is designed to learn from the examples it sees, and if the generated response does not include the relevant content from the N-best response candidates, it may not be learning effectively. This could be due to a lack of diverse examples, or the model may not be able to accurately identify the relevant content"]}, "referred_figures_names": ["1809.04276v2-Table1-1.png"], "answer": "The model is discouraged because it is trained using the Maximum Likelihood Estimation (MLE) objective, which prioritizes generating responses that are identical to the ground-truth (GT) response. Even though the RSP integrates relevant content from the candidates and seems appropriate in the context, it is penalized because it deviates from the exact wording of the GT."}, "1": {"question": "How does the performance of the discriminator in the proposed approach compare to the conventional discriminator in AL? What evidence suggests this difference in performance?", "response": {"1809.04276v2-Table4-1.png": [" Yes", " The table shows the accuracy of the discriminator in the proposed approach compared to the conventional discriminator in AL. The proposed approach has a higher accuracy rate, which suggests that the discriminator in the proposed approach is performing better than the conventional discriminator in AL."]}, "referred_figures_names": ["1809.04276v2-Table4-1.png"], "answer": "The discriminator in the author's approach achieves higher accuracy (95.72%) compared to the conventional discriminator in AL (94.01%)."}, "2": {"question": "Can you explain the discrepancy between the number of messages and responses in each dataset?", "response": {"1809.04276v2-Table2-1.png": [" Yes", " The discrepancy between the number of messages and responses in each dataset could be due to various factors. For example, in the training dataset, there might be more messages sent than responses received, as the focus is on training the model. In contrast, the validation dataset might have a more balanced ratio of messages and responses, as it is used to evaluate the model's performance. The test dataset could also have a similar ratio of messages and responses, as it is used to assess the"]}, "referred_figures_names": ["1809.04276v2-Table2-1.png"], "answer": "Number of responses is significantly higher than number of messages in each dataset (training, validation, and test). This is because each message can have multiple responses associated with it. The passage mentions that users on Sina Weibo can post messages and also comment on other users' messages. These comments are considered as responses in the context of the table. Therefore, one message can have several responses, leading to a higher total number of responses compared to messages."}, "3": {"question": "How does the discriminator in the proposed REAT approach use the N-best response candidates?", "response": {"1809.04276v2-Figure1-1.png": [" Yes", " The discriminator in the proposed REAT approach uses the N-best response candidates as input to guide the generator."]}, "referred_figures_names": ["1809.04276v2-Figure1-1.png"], "answer": "The discriminator takes as input a response and the N-best response candidates, and outputs the probability that the response is human-generated."}}