{"0": {"question": "How does the average number of inter-word semantic connections per word change as the value of \u03ba increases?", "response": {"1809.03449v3-Table3-1.png": [" Yes", " The average number of inter-word semantic connections per word increases as the value of \u03ba increases."]}, "referred_figures_names": ["1809.03449v3-Table3-1.png"], "answer": "The average number of inter-word semantic connections per word increases as the value of \u03ba increases."}, "1": {"question": "Which model performed the best on the AddOneSent dataset?", "response": {"1809.03449v3-Table2-1.png": [" Yes", " The best performing model on the AddOneSent dataset is the MRC model."]}, "referred_figures_names": ["1809.03449v3-Table2-1.png"], "answer": "KAR"}, "2": {"question": "What is the role of the Knowledge Aided Similarity Matrix in the KAR model?", "response": {"1809.03449v3-Figure1-1.png": [" Yes", " The Knowledge Aided Similarity Matrix (KAR) is a key component of the KAR model, which is an end-to-end model for multimedia retrieval. The KAR model uses a similarity matrix to measure the similarity between the query and the database of multimedia content. The similarity matrix is constructed by applying a set of predefined features to the query and the database, and then computing the similarity scores based on the feature values. The KAR model then uses these similarity scores to"]}, "referred_figures_names": ["1809.03449v3-Figure1-1.png"], "answer": "The Knowledge Aided Similarity Matrix is used to compute the similarity between the question and passage context embeddings. This similarity score is then used to weight the passage context embeddings, giving more weight to those parts of the passage that are most relevant to the question."}, "3": {"question": "How does the performance of KAR, SAN, and QANet (without data augmentation) change as the proportion of available training examples decreases?", "response": {"1809.03449v3-Figure4-1.png": [" Yes", " The performance of KAR, SAN, and QANet (without data augmentation) will decrease as the proportion of available training examples decreases."]}, "referred_figures_names": ["1809.03449v3-Figure4-1.png"], "answer": "The performance of all three models decreases as the proportion of available training examples decreases."}, "4": {"question": "Which model performs the best when trained on 60% of the training data?", "response": {"1809.03449v3-Figure2-1.png": [" Yes", " The model that performs the best when trained on 60% of the training data is QANet."]}, "referred_figures_names": ["1809.03449v3-Figure2-1.png"], "answer": "KAR"}, "5": {"question": "Which of the three models, KAR, SAN, or QANet (without data augmentation), performs the best on AddSent when trained on the full training set?", "response": {"1809.03449v3-Figure3-1.png": [" Yes", " KAR"]}, "referred_figures_names": ["1809.03449v3-Figure3-1.png"], "answer": "KAR"}}