{"0": {"question": "Which dataset shows a higher variance in F1 score with increasing buffer size?", "response": {"1809.00458v1-Figure5-1.png": [" Yes", " The dataset that shows a higher variance in F1 score with increasing buffer size is the Netflix dataset."]}, "referred_figures_names": ["1809.00458v1-Figure5-1.png"], "answer": "ENRON"}, "1": {"question": "Which algorithm performs best on the ENRON dataset?", "response": {"1809.00458v1-Figure15-1.png": [" Yes", " The algorithm that performs best on the ENRON dataset is the one that has the highest accuracy."]}, "referred_figures_names": ["1809.00458v1-Figure15-1.png"], "answer": "GB-KMV"}, "2": {"question": "Which of the two algorithms (GB-KMV or LSH-E) is the fastest on average across all datasets?", "response": {"1809.00458v1-Figure14-1.png": [" Yes", " The fastest algorithm across all datasets is LSH-E."]}, "referred_figures_names": ["1809.00458v1-Figure14-1.png"], "answer": "LSH-E"}, "3": {"question": "Which method performs better, GB-KMV or LSH-E, and how does the performance change with different values of eleFreq and recSize?", "response": {"1809.00458v1-Figure16-1.png": [" Yes", " Based on the image and caption, it is not possible to definitively determine which method performs better between GB-KMV and LSH-E. However, the performance of both methods can change with different values of eleFreq and recSize. The image shows two graphs, one for GB-KMV and the other for LSH-E, with different values of eleFreq and recSize. The performance of these methods can be affected by the specific values of these parameters"]}, "referred_figures_names": ["1809.00458v1-Figure16-1.png"], "answer": "GB-KMV generally performs better than LSH-E, as indicated by the higher F1 scores across the range of eleFreq and recSize values. For both methods, the F1 score tends to decrease as recSize increases, while the impact of eleFreq varies depending on the method."}, "4": {"question": "What is the difference between the Jaccard similarity and the containment similarity?", "response": {"1809.00458v1-TableI-1.png": [" Yes", " The Jaccard similarity is a measure of the similarity between two sets of items, while the containment similarity is a measure of the similarity between a set and its subset."]}, "referred_figures_names": ["1809.00458v1-TableI-1.png"], "answer": "The Jaccard similarity measures the overlap between two sets, while the containment similarity measures how much one set is contained within another set."}, "5": {"question": "Which dataset requires the most storage space when using the LSH-E method?", "response": {"1809.00458v1-TableIII-1.png": [" Yes", " The dataset that requires the most storage space when using the LSH-E method is Webspam."]}, "referred_figures_names": ["1809.00458v1-TableIII-1.png"], "answer": "REUTERS"}, "6": {"question": "Which algorithm performs better in terms of F1 score and precision when the space used is 5%?", "response": {"1809.00458v1-Figure12-1.png": [" Yes", " The algorithm that performs better in terms of F1 score and precision when the space used is 5% is the one that has a higher precision."]}, "referred_figures_names": ["1809.00458v1-Figure12-1.png"], "answer": "GB-KMV performs better in terms of F1 score and precision when the space used is 5%."}, "7": {"question": "Which method has the highest F-1 score when space used is 10%?", "response": {"1809.00458v1-Figure13-1.png": [" Yes", " The method that has the highest F-1 score when space used is 10% is the one that uses the least amount of space."]}, "referred_figures_names": ["1809.00458v1-Figure13-1.png"], "answer": "GB-KMV"}, "8": {"question": "Which dataset has the highest average record length?", "response": {"1809.00458v1-TableII-1.png": [" Yes", " The dataset with the highest average record length is the one with the most green boxes."]}, "referred_figures_names": ["1809.00458v1-TableII-1.png"], "answer": "CaOpenData"}, "9": {"question": "What is the relationship between the element-hash value pairs and the signature size?", "response": {"1809.00458v1-Figure2-1.png": [" Yes", " The relationship between the element-hash value pairs and the signature size is that the element-hash value pairs are used to create the signature size, which is represented by the letter \"KMV\". This is a way of ensuring the authenticity and integrity of the data being stored or transmitted."]}, "referred_figures_names": ["1809.00458v1-Figure2-1.png"], "answer": "The element-hash value pairs are the elements of the signature, and the signature size is the number of element-hash value pairs in the signature."}, "10": {"question": "How does the running time of GB-KM vary with the F-1 score?", "response": {"1809.00458v1-Figure19-1.png": [" Yes", " The running time of GB-KM varies with the F-1 score, with the running time decreasing as the F-1 score increases."]}, "referred_figures_names": ["1809.00458v1-Figure19-1.png"], "answer": "The running time of GB-KM increases as the F-1 score increases."}, "11": {"question": "Which method has a lower running time for all datasets - GB-KMV or LSH-E?", "response": {"1809.00458v1-Figure18-1.png": [" No", " The method with a lower running time for all datasets is LSH-E."]}, "referred_figures_names": ["1809.00458v1-Figure18-1.png"], "answer": "GB-KMV"}, "12": {"question": "What is the containment similarity of Q in X1?", "response": {"1809.00458v1-Figure1-1.png": [" Yes", " The containment similarity of Q in X1 is 0.3."]}, "referred_figures_names": ["1809.00458v1-Figure1-1.png"], "answer": "0.67"}, "13": {"question": "Which method is more efficient at utilizing space while maintaining high accuracy?", "response": {"1809.00458v1-Figure7-1.png": [" Yes", " The image shows two graphs, one representing the accuracy and the other representing the space utilized. The graphs indicate that the accuracy is higher when there is less space utilized. This suggests that the more efficient method for utilizing space while maintaining high accuracy is to have less space utilized."]}, "referred_figures_names": ["1809.00458v1-Figure7-1.png"], "answer": "GB-KMV is more efficient at utilizing space while maintaining high accuracy."}, "14": {"question": "Which algorithm performs better in terms of F1 Score and Precision on ENRON?", "response": {"1809.00458v1-Figure9-1.png": [" Yes", " The algorithm that performs better in terms of F1 Score and Precision on ENRON is the one that has a higher Precision value."]}, "referred_figures_names": ["1809.00458v1-Figure9-1.png"], "answer": "GB-KMV performs better than LSH-E in terms of F1 Score and Precision."}}