{"0": {"question": "Why is the optimal threshold chosen to be at the right margin of the region around the mode of the histogram?", "response": {"1809.03550v3-Figure3-1.png": [" Yes", " The optimal threshold is chosen to be at the right margin of the region around the mode of the histogram because it is the point where the number of observations is maximized. This helps to ensure that the majority of the data is included in the analysis and that the results are more accurate and reliable."]}, "referred_figures_names": ["1809.03550v3-Figure3-1.png"], "answer": "The region around the mode of the histogram mostly contains noise. Therefore, the optimal threshold is chosen to be at the right margin of this region to avoid including too much noise in the thresholded image."}, "1": {"question": "Which method achieves the best overall F1 score across all categories? Is this method consistently the best across all individual categories?", "response": {"1809.03550v3-Table5-1.png": [" No", " The table shows the results of different methods for detecting changes in images. The table is divided into several categories, and each category has its own score. The best overall F1 score is achieved by the method labeled \"S-GRADE\". This method consistently performs the best across all individual categories."]}, "referred_figures_names": ["1809.03550v3-Table5-1.png"], "answer": "According to the table, Algorithm 2 w/ Geman-McLure) achieves the best overall F1 score of 0.56514. However, this method is not consistently the best across all individual categories. For example, OMoGMF has a higher F1 score for the \"badWeather\" category."}, "2": {"question": "Which algorithm achieves the fastest processing time per frame and how much faster is it compared to the slowest algorithm listed?", "response": {"1809.03550v3-Table6-1.png": [" Yes", " The fastest processing time per frame is achieved by the algorithm called \"Algorithm 6: Mean processing time per input frame (in seconds) on the \"baseline/highway\" video-sequence from <http://changedetection.net>. Note, our implementation does not use any parallelisation at the moment. This was done on purpose to run on a machine serving multiple cameras simultaneously.\""]}, "referred_figures_names": ["1809.03550v3-Table6-1.png"], "answer": "Algorithm 12(SCDM with Geman-McLure) achieves the fastest processing time per frame at 0.103 seconds. This is approximately 100 times faster than the slowest algorithm, TTD_3WD, which takes 10.343 seconds per frame."}, "3": {"question": "What is the relationship between the residuals prior to thresholding and the Boolean map?", "response": {"1809.03550v3-Figure4-1.png": [" No", " The residuals prior to thresholding are the differences between the original video frames and the estimated background. These residuals are then used to create a Boolean map, which is a binary representation of the image. The Boolean map is obtained by thresholding the residuals, which means that any residual value above a certain threshold will be represented as a 1, while any residual value below the threshold will be represented as a 0. This Boolean map can then be used for various image processing tasks"]}, "referred_figures_names": ["1809.03550v3-Figure4-1.png"], "answer": "The Boolean map is obtained by thresholding the residuals prior to thresholding."}}