{"0": {"question": "What is the relationship between position and click-through rate (CTR)?", "response": {"1809.03149v2-Figure9-1.png": [" Yes", " The relationship between position and click-through rate (CTR) is that the higher the position of an ad, the higher the likelihood of a user clicking on it. This is because users are more likely to click on an ad when it is more prominent in their view."]}, "referred_figures_names": ["1809.03149v2-Figure9-1.png"], "answer": "The relationship between position and CTR is complex and non-linear. In general, CTR decreases as position increases, but there are also local peaks and valleys in the CTR curve. This suggests that there are other factors besides position that affect CTR."}, "1": {"question": "How does the advertising rate for the \"Fix\" curve compare to the \"Oracle\" curve at hour 14?", "response": {"1809.03149v2-Figure8-1.png": [" Yes", " The advertising rate for the \"Fix\" curve is lower than the \"Oracle\" curve at hour 14."]}, "referred_figures_names": ["1809.03149v2-Figure8-1.png"], "answer": "The advertising rate for the \"Fix\" curve is lower than the \"Oracle\" curve at hour 14."}, "2": {"question": "What is the role of the Higher Level Policy in the framework?", "response": {"1809.03149v2-Figure2-1.png": [" Yes", " The Higher Level Policy is responsible for making decisions and setting the overall direction for the framework."]}, "referred_figures_names": ["1809.03149v2-Figure2-1.png"], "answer": "The Higher Level Policy sets constraints for the next sub-trajectory and provides information about the previous stage to the Lower Level Policy."}, "3": {"question": "How does the advertising system select the best items to show to the user?", "response": {"1809.03149v2-Figure1-1.png": [" Yes", " The advertising system selects the best items to show to the user by analyzing the user's preferences, interests, and behavior. It uses machine learning algorithms to understand the user's needs and offers personalized recommendations based on their past interactions with the system. This helps to improve user engagement and satisfaction, leading to better ad performance and ROI for the advertisers."]}, "referred_figures_names": ["1809.03149v2-Figure1-1.png"], "answer": "The advertising system selects the best items to show to the user by first generating a candidate set of items from the recommender system. This candidate set is then shuffled and sorted by their score, which is determined by the network. The network takes into account the features of the items and the scoring factors, which are likely based on the user's past behavior and preferences."}, "4": {"question": "What is the effect of using CHER on the percentage of ads displayed for each user?", "response": {"1809.03149v2-Figure3-1.png": [" Yes", " The effect of using CHER on the percentage of ads displayed for each user is shown in the image. The graphs show the learning curve for DDPG with CHER compared to DDPG without CHER. The graphs indicate that using CHER can improve the performance of the DDPG algorithm."]}, "referred_figures_names": ["1809.03149v2-Figure3-1.png"], "answer": "The percentage of ads displayed for each user is higher when CHER is used."}}