{"0": {"question": "Which model performed best on average across all tasks?", "response": {"1809.02731v3-Table4-1.png": [" Yes", " The model that performed best on average across all tasks is the one that is trained to compose a sentence representation from pretrained word vectors. This outperforms averaging word vectors, which supports the argument that learning helps to produce higher-quality sentence representations."]}, "referred_figures_names": ["1809.02731v3-Table4-1.png"], "answer": "The Linear model performed best on average with a score of 70.0."}, "1": {"question": "Which corpus has more sentences, and by how much?", "response": {"1809.02731v3-Table1-1.png": [" Yes", " The corpus with more sentences is U."]}, "referred_figures_names": ["1809.02731v3-Table1-1.png"], "answer": "The UMBC News corpus has more sentences, by approximately 60.5 million."}, "2": {"question": "Which model performs the best on the STS16 task with unsupervised training?", "response": {"1809.02731v3-Table3-1.png": [" Yes", " The best performing model on the STS16 task with unsupervised training is the one with the underlined number."]}, "referred_figures_names": ["1809.02731v3-Table3-1.png"], "answer": "The Bijective model performs the best on the STS16 task with unsupervised training."}}