{"0": {"question": "Which method has the highest overall accuracy for answering questions about images on the 100 questions sampled from VQA v2 dataset?", "response": {"1811.08481v2-Table8-1.png": [" Yes", " Yes"]}, "referred_figures_names": ["1811.08481v2-Table8-1.png"], "answer": "UnCoRd-VG-E"}, "1": {"question": "Explain how the answering procedure works.", "response": {"1811.08481v2-Figure2-1.png": [" Yes", " The answering procedure works by first mapping the question into a graph representation using a sequence-to-sequence LSTM based model. Then, the recursive answering procedure follows the graph, searching for a valid assignment in the image. At each step, the handled node is set and objects (extracted using mask R-CNN) are examined according to the node's requirements (utilizing corresponding visual estimators). If succeeded, a new node is set (according to a DFS travers"]}, "referred_figures_names": ["1811.08481v2-Figure2-1.png"], "answer": "The answering procedure follows the question graph, searching for a valid assignment in the image. At each step, the handled node is set and objects (extracted using Mask R-CNN) are examined according to the node\u2019s requirements (utilizing corresponding visual estimators). If successful, a new node is set (according to a DFS traversal) and the function is called again to handle the unassigned subgraph."}, "2": {"question": "Which method has the highest overall accuracy?", "response": {"1811.08481v2-Table7-1.png": [" Yes", " Yes"]}, "referred_figures_names": ["1811.08481v2-Table7-1.png"], "answer": "UnCoRd-VG-E"}, "3": {"question": "What is the effect of training on more diverse data on the accuracy of graph representation for VQA?", "response": {"1811.08481v2-Table4-1.png": [" Yes", " Training on more diverse data allows better generalization across domains, resulting in improved accuracy of graph representation for VQA."]}, "referred_figures_names": ["1811.08481v2-Table4-1.png"], "answer": "Training on more diverse data improves the accuracy of graph representation for VQA."}, "4": {"question": "Which estimator achieves the highest accuracy on the CLEVR validation set?", "response": {"1811.08481v2-Table1-1.png": [" Yes", " The estimator that achieves the highest accuracy on the CLEVR validation set is the one that is labeled as \"accurate\"."]}, "referred_figures_names": ["1811.08481v2-Table1-1.png"], "answer": "Size estimator."}, "5": {"question": "Which method achieves the highest overall accuracy on the validation set?", "response": {"1811.08481v2-Table2-1.png": [" Yes", " The method that achieves the highest overall accuracy on the validation set is U-"]}, "referred_figures_names": ["1811.08481v2-Table2-1.png"], "answer": "UnCoRd-None-B."}}