{"0": {"question": "How is convolution represented in the frequency domain?", "response": {"1811.08257v1-Figure3-1.png": [" Yes", " Convolution is represented in the frequency domain by a product of the impulse response and the input signal."]}, "referred_figures_names": ["1811.08257v1-Figure3-1.png"], "answer": "In the frequency domain, convolution is represented by element-wise multiplication."}, "1": {"question": "How does the number of classes affect the setup and online time for the Softmax?", "response": {"1811.08257v1-Table4-1.png": [" Yes", " The number of classes affects the setup and online time for the Softmax by increasing the number of parameters that need to be learned. With more classes, the Softmax will have more parameters to learn, which can increase the time it takes to train the model. Additionally, the setup time may increase due to the need to allocate more memory and resources for the model. However, the online time may decrease as the model will be able to process more data in parallel, leading to faster processing"]}, "referred_figures_names": ["1811.08257v1-Table4-1.png"], "answer": "The setup and online time for the Softmax increases as the number of classes increases."}, "2": {"question": "Which framework has the lowest total communication cost for MNIST?", "response": {"1811.08257v1-Table5-1.png": [" No", " The framework with the lowest total communication cost for MNIST is the CNN framework."]}, "referred_figures_names": ["1811.08257v1-Table5-1.png"], "answer": "FALCON"}, "3": {"question": "What is the function of the DataPreprocessing function?", "response": {"1811.08257v1-Figure4-1.png": [" Yes", " The function of the DataPreprocessing function is to process data by performing operations such as adding, subtracting, multiplying, and dividing."]}, "referred_figures_names": ["1811.08257v1-Figure4-1.png"], "answer": "The DataPreprocessing function performs Yao Sharing, which is a cryptographic technique for securely sharing data between multiple parties."}, "4": {"question": "Which framework is faster for setting up and running the FC layer?", "response": {"1811.08257v1-Table2-1.png": [" Yes", " The FC layer is faster when using the Gazelle framework."]}, "referred_figures_names": ["1811.08257v1-Table2-1.png"], "answer": "FALCON is faster for both setting up and running the FC layer."}, "5": {"question": "What is the purpose of the `SubsetGate` function in the MaxPooling function?", "response": {"1811.08257v1-Figure5-1.png": [" Yes", " The purpose of the `SubsetGate` function in the MaxPooling function is to select the maximum value from the pool of pixels in a given region."]}, "referred_figures_names": ["1811.08257v1-Figure5-1.png"], "answer": "The `SubsetGate` function is used to split the input `x` into `k` pieces."}, "6": {"question": "What is the purpose of the activation layer in a convolutional neural network?", "response": {"1811.08257v1-Figure1-1.png": [" Yes", " The purpose of the activation layer in a convolutional neural network is to introduce non-linearity into the network. This allows the network to learn more complex and diverse patterns in the input data."]}, "referred_figures_names": ["1811.08257v1-Figure1-1.png"], "answer": "The activation layer applies a non-linear function to the output of the convolution layer. This allows the network to learn more complex features from the data."}, "7": {"question": "What is the role of the filter in the convolution operation?", "response": {"1811.08257v1-Figure2-1.png": [" Yes", " The filter in the convolution operation is used to process the image, and it is designed to enhance or modify the image's features."]}, "referred_figures_names": ["1811.08257v1-Figure2-1.png"], "answer": "The filter is used to extract features from the input image. It is a small matrix that is applied to each pixel in the image, and the result is a new pixel value."}, "8": {"question": "Which operation has the lowest online time?", "response": {"1811.08257v1-Table3-1.png": [" No", " ReLU has the lowest online time."]}, "referred_figures_names": ["1811.08257v1-Table3-1.png"], "answer": "ReLU"}}