{"0": {"question": "Which method has the highest T-Diff on average for the Vid4 dataset?", "response": {"1811.09393v4-Figure15-1.png": [" Yes", " The method with the highest T-Diff on average for the Vid4 dataset is the one with the highest average T-Diff."]}, "referred_figures_names": ["1811.09393v4-Figure15-1.png"], "answer": "TecoGAN."}, "1": {"question": "Which GAN model is able to generate the most realistic blinking motions?", "response": {"1811.09393v4-Figure8-1.png": [" Yes", " RecycleGAN"]}, "referred_figures_names": ["1811.09393v4-Figure8-1.png"], "answer": "TecoGAN"}, "2": {"question": "Which of the VSR models in the figure achieves the best balance of spatial detail and temporal coherence?", "response": {"1811.09393v4-Figure14-1.png": [" Yes", " The VSR model that achieves the best balance of spatial detail and temporal coherence is the one with the red-dashed-box region in the image."]}, "referred_figures_names": ["1811.09393v4-Figure14-1.png"], "answer": "TecoGAN"}, "3": {"question": "Which method achieves the highest PSNR on the Vid4 data set?", "response": {"1811.09393v4-Table2-1.png": [" Yes", " The highest PSNR on the Vid4 data set is achieved by the t-diff method."]}, "referred_figures_names": ["1811.09393v4-Table2-1.png"], "answer": "DUF"}, "4": {"question": " What is the role of the warped triplets in the conditional VSR Ds,t?", "response": {"1811.09393v4-Figure4-1.png": [" Yes", " The warped triplets in the conditional VSR Ds,t play a crucial role in the image processing and analysis. They are used to generate the image data and are essential for the proper functioning of the image processing system. The warped triplets are typically generated using mathematical algorithms and are then used to manipulate the image data, allowing for various image processing tasks such as image enhancement, object detection, and image segmentation."]}, "referred_figures_names": ["1811.09393v4-Figure4-1.png"], "answer": " The warped triplets provide additional information about the motion and appearance of the scene, which helps the VSR Ds,t to generate more accurate and realistic results."}, "5": {"question": "How does the PP loss improve the temporal coherence of the video sequence?", "response": {"1811.09393v4-Figure3-1.png": [" Yes", " The PP loss is a constraint that reduces the L2 distance between the forward and backward passes in the video sequence. This helps to improve temporal coherence by removing drifting artifacts and ensuring that the output sequence is symmetric."]}, "referred_figures_names": ["1811.09393v4-Figure3-1.png"], "answer": "The PP loss constrains the output sequence to be symmetric by reducing the L2 distance between corresponding frames in the forward and backward passes. This helps to reduce drifting artifacts and improve temporal coherence."}, "6": {"question": "What is the role of the Motion Compensation block in the Frame-Recurrent Generator?", "response": {"1811.09393v4-Figure2-1.png": [" Yes", " The Motion Compensation block in the Frame-Recurrent Generator is responsible for generating the output image by incorporating the motion information of the input image. This helps in producing more realistic and natural-looking images."]}, "referred_figures_names": ["1811.09393v4-Figure2-1.png"], "answer": "The Motion Compensation block estimates the motion between the previous frame and the current frame, and uses this information to warp the previous frame to the current frame. This helps the generator to produce more realistic images by taking into account the temporal information in the video sequence."}, "7": {"question": "Which method produces the least amount of artifacts?", "response": {"1811.09393v4-Figure23-1.png": [" No", " TecoGAN"]}, "referred_figures_names": ["1811.09393v4-Figure23-1.png"], "answer": "TecoGAN\u2296."}, "8": {"question": "Which method produces the most realistic results for the Vid4 scenes?", "response": {"1811.09393v4-Figure12-1.png": [" Yes", " The method that produces the most realistic results for the Vid4 scenes is TecoGAN."]}, "referred_figures_names": ["1811.09393v4-Figure12-1.png"], "answer": "TecoGAN."}, "9": {"question": "What is the learning rate for the generator in the DsOnly model?", "response": {"1811.09393v4-Table6-1.png": [" Yes", " The learning rate for the generator in the DsOnly model is 0.05."]}, "referred_figures_names": ["1811.09393v4-Table6-1.png"], "answer": "5.00E-05"}, "10": {"question": "Why does flow estimation become less accurate near image boundaries?", "response": {"1811.09393v4-Figure22-1.png": [" Yes", " Flow estimation becomes less accurate near image boundaries because the structures moving into the view can cause problems, as seen at the bottom of the images. Additionally, objects moving out of the view can also cause difficulties in accurately estimating the flow."]}, "referred_figures_names": ["1811.09393v4-Figure22-1.png"], "answer": "Flow estimation becomes less accurate near image boundaries because there is less information available to estimate the flow. This is because the pixels at the boundaries are only surrounded by pixels on one side, whereas pixels in the interior of the image are surrounded by pixels on all sides."}, "11": {"question": "Which method has the best perceptual performance according to the tOF score?", "response": {"1811.09393v4-Figure18-1.png": [" Yes", " According to the tOF score, the method with the best perceptual performance is ENet."]}, "referred_figures_names": ["1811.09393v4-Figure18-1.png"], "answer": "TecoGAN."}, "12": {"question": "Which of the methods generated the sharpest details?", "response": {"1811.09393v4-Figure11-1.png": [" Yes", " The TecoGAN model generated the sharpest details in both scenes."]}, "referred_figures_names": ["1811.09393v4-Figure11-1.png"], "answer": "TecoGAN"}, "13": {"question": "What is the purpose of the UVT cycle link?", "response": {"1811.09393v4-Figure5-1.png": [" Yes", " The purpose of the UVT cycle link is to provide a continuous flow of energy in the form of electricity."]}, "referred_figures_names": ["1811.09393v4-Figure5-1.png"], "answer": "The UVT cycle link is used to transfer knowledge between two recurrent generators."}, "14": {"question": "What is the purpose of the user study?", "response": {"1811.09393v4-Figure19-1.png": [" Yes", " The purpose of the user study is to analyze the reference videos and understand the context of the image."]}, "referred_figures_names": ["1811.09393v4-Figure19-1.png"], "answer": "The user study is designed to test which of two images is closer to a reference video."}}