{"0": {"question": "How does the number of state-action pairs affect the reward landscape for the surrogate and true reward functions?", "response": {"1811.02553v4-Figure17-1.png": [" Yes", " The number of state-action pairs affects the reward landscape by determining the complexity of the model and the number of parameters that need to be learned. A larger number of state-action pairs can lead to a more complex model, which may require more data and computational resources to train effectively. On the other hand, a smaller number of state-action pairs may lead to a simpler model, which may be easier to train and less prone to overfitting. The optimal number of state-"]}, "referred_figures_names": ["1811.02553v4-Figure17-1.png"], "answer": "As the number of state-action pairs increases, the reward landscape for both the surrogate and true reward functions becomes smoother and more accurate."}, "1": {"question": "How does the number of state-action pairs affect the optimization landscape for the PPO algorithm?", "response": {"1811.02553v4-Figure13-1.png": [" Yes", " The number of state-action pairs affects the optimization landscape for the PPO algorithm by determining the complexity of the reward landscape. In the image, there are two graphs showing the relationship between the number of state-action pairs and the optimization landscape. The graphs indicate that as the number of state-action pairs increases, the optimization landscape becomes more complex, making it more challenging to optimize the algorithm. This highlights the importance of carefully selecting the number of state-action pairs to achieve a"]}, "referred_figures_names": ["1811.02553v4-Figure13-1.png"], "answer": "As the number of state-action pairs increases, the optimization landscape becomes more complex and has more local optima. This makes it more difficult for the PPO algorithm to find the global optimum."}, "2": {"question": "How do TRPO and PPO compare in terms of convergence to the true gradient?", "response": {"1811.02553v4-Figure10-1.png": [" Yes", " The image shows a comparison of the convergence of TRPO and PPO to the true gradient. The x-axis represents the number of state-action pairs used to obtain the gradient estimates, while the y-axis represents the cosine similarity between the true gradient and the gradient estimates. The colored lines represent the convergence of different trained agents, and the dotted vertical black line indicates the sample regime used for gradient estimation in standard practical implementations of policy gradient methods. The image provides a visual representation of the"]}, "referred_figures_names": ["1811.02553v4-Figure10-1.png"], "answer": "TRPO generally converges faster to the true gradient than PPO."}, "3": {"question": "How does the landscape concentration of the humanoid-v2 PPO policy change with respect to the number of state-action pairs?", "response": {"1811.02553v4-Figure20-1.png": [" Yes", " The landscape concentration of the humanoid-v2 PPO policy changes as the number of state-action pairs increases."]}, "referred_figures_names": ["1811.02553v4-Figure20-1.png"], "answer": "The landscape concentration increases with the number of state-action pairs."}, "4": {"question": "How does the quality of gradient estimation change as the number of state-action pairs used in estimation increases?", "response": {"1811.02553v4-Figure9-1.png": [" Yes", " The quality of gradient estimation improves as the number of state-action pairs used in estimation increases."]}, "referred_figures_names": ["1811.02553v4-Figure9-1.png"], "answer": "The quality of gradient estimation increases as the number of state-action pairs used in estimation increases."}}