{"0": {"question": "What is the sample complexity lower bound for recovering a tree-structured sparse signal using standard compressed sensing?", "response": {"1811.06635v1-Table1-1.png": [" Yes", " The sample complexity lower bound for recovering a tree-structured sparse signal using standard compressed sensing is given by the formula:\n\nd \\* s \\* log(B) \\* log(K)\n\nwhere d is the dimension of the true signal, s is the signal sparsity, B is the weight budget in the weighted graph model, K is the block sparsity, and J is the number of entries in a block."]}, "referred_figures_names": ["1811.06635v1-Table1-1.png"], "answer": "\u03a9(s)"}}