{"0": {"question": "How do the different methods compare in terms of their ability to generate realistic faces?", "response": {"1812.06589v2-Figure6-1.png": [" Yes", " The image shows a series of faces with red dots on them. The faces are displayed in two different ways, one with a red dot and the other without a red dot. The image is captioned with the text \"Qualitative results of ablation.\" This suggests that the image might be related to medical research or a study on the effectiveness of different methods in generating realistic faces. The comparison between the two methods could be based on the quality of the faces, the level of detail"]}, "referred_figures_names": ["1812.06589v2-Figure6-1.png"], "answer": "The baseline method generates faces that are blurry and unrealistic, while the other methods generate faces that are more realistic."}, "1": {"question": "What is the effect of adding DA to the baseline method?", "response": {"1812.06589v2-Table3-1.png": [" Yes", " The effect of adding DA to the baseline method is to improve the performance of the model."]}, "referred_figures_names": ["1812.06589v2-Table3-1.png"], "answer": "Adding DA to the baseline method improves the PSNR and SSIM values, while slightly decreasing the LMD value."}, "2": {"question": "Which method performed the best on the GRID dataset?", "response": {"1812.06589v2-Table2-1.png": [" Yes", " The method that performed the best on the GRID dataset is the one that is being evaluated on the GRID dataset."]}, "referred_figures_names": ["1812.06589v2-Table2-1.png"], "answer": "AMIE (Ours)"}, "3": {"question": "What is the role of the frame discriminator in the proposed method?", "response": {"1812.06589v2-Figure2-1.png": [" Yes", " The frame discriminator is responsible for identifying the frame of the image that contains the face of the man."]}, "referred_figures_names": ["1812.06589v2-Figure2-1.png"], "answer": "The frame discriminator is used to detect whether the generated frame and audio are matched or not."}, "4": {"question": "How does the dynamic attention block improve the transition of generated video for arbitrary identities?", "response": {"1812.06589v2-Figure4-1.png": [" Yes", " The dynamic attention block improves the transition of generated video for arbitrary identities by incorporating multiple attention maps into the video generation process. This allows the model to focus on different aspects of the video, such as facial expressions, body language, and other visual cues, and generate more realistic and engaging video content."]}, "referred_figures_names": ["1812.06589v2-Figure4-1.png"], "answer": "The dynamic attention block decouples the lip-related and identity-related information, allowing the network to focus on the most important area for generating realistic talking faces."}, "5": {"question": "Which method, AMIE or MINE, produces generated frames that are closer in distribution to the real frames?", "response": {"1812.06589v2-Figure3-1.png": [" Yes", " AMIE"]}, "referred_figures_names": ["1812.06589v2-Figure3-1.png"], "answer": "MINE"}, "6": {"question": " What are the limitations of the Zhou \\textit{et al.} and Chen \\textit{et al.} methods for generating talking-face videos, as compared to the method proposed in the paper?", "response": {"1812.06589v2-Figure5-1.png": [" Yes", " The limitations of the Zhou \\textit{et al.} and Chen \\textit{et al.} methods for generating talking-face videos, as compared to the method proposed in the paper, include the lack of a real-time video input, the use of a single image as the input, and the inability to generate videos with multiple facial expressions. The proposed method, on the other hand, can generate videos with multiple facial expressions in real-time, using a video input as the"]}, "referred_figures_names": ["1812.06589v2-Figure5-1.png"], "answer": " The Zhou \\textit{et al.} method suffers from a \"zoom-in-and-out\" effect, while the Chen \\textit{et al.} method produces lip shapes that differ from the real ones."}, "7": {"question": "Which method performed the best according to the LMD metric?", "response": {"1812.06589v2-Table1-1.png": [" Yes", " The best method according to the LMD metric is the one with the highest score."]}, "referred_figures_names": ["1812.06589v2-Table1-1.png"], "answer": "AMIE (Ours)"}}