{"0": {"question": "How does the Multi-DPP module increase diversity within the selected time-steps?", "response": {"1812.00108v4-Figure2-1.png": [" Yes", " The Multi-DPP module increases diversity within the selected time-steps by applying a combination of cross-entropy and representative views. Cross-entropy is used to learn representative view(s) at each time-step, while the representative views are selected to ensure that the diversity of the selected time-steps is maximized. This helps to improve the accuracy of the model and to better represent the data being analyzed."]}, "referred_figures_names": ["1812.00108v4-Figure2-1.png"], "answer": "The Multi-DPP module increases diversity within the selected time-steps by using a determinantal point process (DPP) to select a subset of diverse time-steps from the input sequence."}, "1": {"question": "How does the performance of the model change as the number of views increases?", "response": {"1812.00108v4-Table3-1.png": [" Yes", " The performance of the model increases as the number of views increases."]}, "referred_figures_names": ["1812.00108v4-Table3-1.png"], "answer": "The performance of the model generally improves as the number of views increases. For example, when the model is trained and tested on two-view data, the F1-score is 29.67. However, when the model is trained and tested on three-view data, the F1-score increases to 30.2. This suggests that the model is able to learn more effectively from data with more views."}, "2": {"question": "Which method achieved the highest F1 score on the Lobby dataset?", "response": {"1812.00108v4-Table2-1.png": [" Yes", " The highest F1 score on the Lobby dataset was achieved by the Random Walk method."]}, "referred_figures_names": ["1812.00108v4-Table2-1.png"], "answer": "Ours-supervised achieved the highest F1 score on the Lobby dataset with a score of 93.4."}}