{"0": {"question": "What is the relationship between the camera yaw angle and the silhouette distance?", "response": {"1812.00281v3-Figure16-1.png": [" No", " The camera yaw angle is related to the silhouette distance, as the angle of the camera affects the perspective and the distance at which the subject is captured. The closer the camera is to the subject, the wider the angle will be, and the farther away the camera is, the narrower the angle will be. This relationship is important in photography, as it helps to capture the subject in the desired perspective and distance."]}, "referred_figures_names": ["1812.00281v3-Figure16-1.png"], "answer": "The silhouette distance generally increases as the camera yaw angle increases."}, "1": {"question": "How does HUMBI compare to other datasets in terms of the number of subjects?", "response": {"1812.00281v3-Figure2-1.png": [" Yes", " HUMBI has a larger number of subjects compared to other datasets."]}, "referred_figures_names": ["1812.00281v3-Figure2-1.png"], "answer": "HUMBI has the highest number of subjects compared to the other datasets."}, "2": {"question": "Which dataset has the most concentrated distribution of gaze and head pose?", "response": {"1812.00281v3-Figure6-1.png": [" Yes", " The dataset with the most concentrated distribution of gaze and head pose is the UT-Multiview dataset."]}, "referred_figures_names": ["1812.00281v3-Figure6-1.png"], "answer": "MPII-Gaze"}, "3": {"question": "What are the differences between the results of the monocular 3D body prediction network trained with different dataset combinations?", "response": {"1812.00281v3-Figure15-1.png": [" Yes", " The differences between the results of the monocular 3D body prediction network trained with different dataset combinations are shown in the image. The top and bottom show the results tested on UP-3D and HUMBI Body, respectively. The image displays a variety of body poses and outfits, which are used to train the network. The network's performance can be affected by the quality and diversity of the training data, so the results may vary depending on the dataset used."]}, "referred_figures_names": ["1812.00281v3-Figure15-1.png"], "answer": "The results of the monocular 3D body prediction network trained with different dataset combinations show that the Up3d+HUMBI dataset combination produces the most accurate results. This is evident in the images where the predicted 3D body poses are closer to the ground-truth poses than the other dataset combinations."}, "4": {"question": "What are the different stages of HUMBI body and cloth reconstruction?", "response": {"1812.00281v3-Figure11-1.png": [" Yes", " The image shows the different stages of HUMBI body and cloth reconstruction. The left side of the image shows the initial stage, where a woman is standing next to a mannequin. The center of the image displays the next stage, where a woman is standing next to a mannequin with a blue shirt on. The right side of the image shows the final stage, where a woman is standing next to a mannequin with a blue shirt on. The image also shows"]}, "referred_figures_names": ["1812.00281v3-Figure11-1.png"], "answer": "The different stages of HUMBI body and cloth reconstruction are: \n1. Input image of the person (Ibody)\n2. Keypoint estimation (Kbody)\n3. Occupancy map generation (Obody)\n4. Body model fitting (Mbody)\n5. Cloth model fitting (Mcloth)"}, "5": {"question": "Which dataset performs best when used alone for training a 3D body keypoint prediction model, and how does its performance compare to models trained on combined datasets?", "response": {"1812.00281v3-Table7-1.png": [" Yes", " The table shows the results of the evaluation of 3D body keypoint prediction models. The table has four columns, each representing a different dataset. The first column is labeled \"Training,\" and the second column is labeled \"Testing.\" The third column is labeled \"Training + Testing,\" and the fourth column is labeled \"Training + Testing + Humibi.\" The table shows the average AUC of PCK calculated over an error range of 0"]}, "referred_figures_names": ["1812.00281v3-Table7-1.png"], "answer": "HUMBI performs best when used alone for training, with an average AUC of 0.399. While this is lower than the average AUC of models trained on combined datasets (0.433 for H36M+HUMBI and 0.413 for MI3D+HUMBI), HUMBI still achieves the highest score among the individual datasets."}, "6": {"question": "Which training data configuration resulted in the lowest prediction error for both UP-3D and HUMBI test sets?", "response": {"1812.00281v3-Table8-1.png": [" Yes", " The lowest prediction error for both UP-3D and HUMBI test sets was achieved using the training data configuration of UP-3D."]}, "referred_figures_names": ["1812.00281v3-Table8-1.png"], "answer": "Training with UP-3D + HUMBI resulted in the lowest prediction error for both UP-3D and HUMBI test sets."}, "7": {"question": "How does the number of cameras used affect the accuracy of the garment reconstruction?", "response": {"1812.00281v3-Figure8-1.png": [" Yes", " The number of cameras used affects the accuracy of the garment reconstruction by providing more detailed information about the subject. In the image, there are multiple cameras, which allows for a more comprehensive understanding of the subject's features, leading to a more accurate reconstruction."]}, "referred_figures_names": ["1812.00281v3-Figure8-1.png"], "answer": "The accuracy of the garment reconstruction increases as the number of cameras used increases."}, "8": {"question": "How does HUMBI capture diverse appearance of human expressions?", "response": {"1812.00281v3-Figure3-1.png": [" Yes", " HUMBI captures diverse appearance of human expressions by using 107 high-definition cameras to capture the expressions of 772 distinctive subjects across gender, ethnicity, age, clothing style, and physical condition."]}, "referred_figures_names": ["1812.00281v3-Figure3-1.png"], "answer": "HUMBI includes 772 distinctive subjects across gender, ethnicity, age, clothing style, and physical condition, which generates diverse appearance of human expressions."}, "9": {"question": "What is the difference between the \"median appearance\" and the \"view-specific appearance\"?", "response": {"1812.00281v3-Figure4-1.png": [" Yes", " The median appearance is the average or typical appearance of the object, while the view-specific appearance is the specific appearance of the object as it appears in a particular view."]}, "referred_figures_names": ["1812.00281v3-Figure4-1.png"], "answer": "The median appearance is the average of all the multiview images, while the view-specific appearance is a single image that is rendered from a specific viewpoint."}, "10": {"question": "What is the purpose of the decoder in the 3D mesh prediction pipeline?", "response": {"1812.00281v3-Figure12-1.png": [" Yes", " The purpose of the decoder in the 3D mesh prediction pipeline is to reconstruct the 3D mesh from the predicted 2D mesh."]}, "referred_figures_names": ["1812.00281v3-Figure12-1.png"], "answer": "The decoder is responsible for generating the final 3D mesh from the intermediate representations produced by the regression network."}, "11": {"question": "Which dataset provides data for **both** facial expressions and full-body motion capture, including clothing, in a natural setting (not synthesized)? ", "response": {"1812.00281v3-Table1-1.png": [" Yes", " The dataset that provides data for both facial expressions and full-body motion capture, including clothing, in a natural setting (not synthesized) is the \"Human body expression datasets\" dataset."]}, "referred_figures_names": ["1812.00281v3-Table1-1.png"], "answer": "HUMBI is the only dataset that provides data for both facial expressions and full-body motion capture, including clothing, in a natural setting. "}}