{"0": {"question": "Which model performed the best on the test data?", "response": {"1906.06589v3-Table10-1.png": [" Yes", " The model that performed the best on the test data is the one with the highest accuracy score."]}, "referred_figures_names": ["1906.06589v3-Table10-1.png"], "answer": "P-FC"}, "1": {"question": "How does the size of the reference set ($X_\\textsf{ref}$) used for DMP training differ between the Purchase/Texas datasets and the CIFAR datasets? Explain the rationale behind this difference.", "response": {"1906.06589v3-Table1-1.png": [" Yes", " The size of the reference set used for DMP training differs between the Purchase/Texas datasets and the CIFAR datasets. In the Purchase/Texas datasets, the reference set consists of all the data, while in the CIFAR datasets, the reference set consists of only a portion of the data. The rationale behind this difference is that the CIFAR datasets are designed to be more challenging for the adversary, so a smaller reference set is used to make"]}, "referred_figures_names": ["1906.06589v3-Table1-1.png"], "answer": "For Purchase and Texas datasets, $X_\\textsf{ref}$ is specifically selected and contains 10,000 data points. In contrast, for CIFAR datasets, the entire remaining data (25,000 points) after selecting $D_\\textsf{tr}$ is used as $X_\\textsf{ref}$. This difference is due to the smaller size of the CIFAR datasets. Using the entire remaining data as $X_\\textsf{ref}$ ensures sufficient data for effective DMP training in these cases."}, "2": {"question": "What is the relationship between the average X_ref entropy and the generalization gap?", "response": {"1906.06589v3-Figure2-1.png": [" Yes", " The lower the entropy of predictions of unprotected model on Xref, the higher the membership privacy."]}, "referred_figures_names": ["1906.06589v3-Figure2-1.png"], "answer": "The generalization gap increases as the average X_ref entropy increases."}}