{"0": {"question": "Which estimator performs best in the presence of noisy confounders and how does it compare to the Covariate Control (CC) estimator?", "response": {"1906.10843v1-Table5-1.png": [" Yes", " The estimator that performs best in the presence of noisy confounders is the Entropy Balancing (EB) estimator. It outperforms all other estimators, including the Covariate Control (CC) estimator, in terms of accuracy."]}, "referred_figures_names": ["1906.10843v1-Table5-1.png"], "answer": "The Entropy Balancing (EB) estimator performs best across all measures (Bias, MAE, and MSE) when confounders are noisy. While the CC estimator also performs well, it exhibits slightly higher bias and MAE compared to EB."}, "1": {"question": "Which ATE estimator is most affected by the presence of noisy confounders?", "response": {"1906.10843v1-Figure6-1.png": [" Yes", " The ATE estimator that is most affected by the presence of noisy confounders is the one that uses the weighted average of the two estimators."]}, "referred_figures_names": ["1906.10843v1-Figure6-1.png"], "answer": "Outcome Regression (OR)"}, "2": {"question": "Which estimator has the smallest bias and best MSE performance in the case of fully observed confounders?", "response": {"1906.10843v1-Figure7-1.png": [" Yes", " The estimator that has the smallest bias and best MSE performance in the case of fully observed confounders is CC."]}, "referred_figures_names": ["1906.10843v1-Figure7-1.png"], "answer": "The Entropy Balancing (EB) and Covariate Control (CC) estimators."}}