{"0": {"question": "What is the role of the LSTM-MDN network in the training phase?", "response": {"1603.03833v4-Figure3-1.png": ["Caption: Figure 3: The training and evaluation phase. During the training the LSTM network is unrolled for 50 time-steps. The gripper pose and status (open/close) et and the pose of relevant objects qt at time-step t is used as input and output of the network to calculate and backpropagate the error to update the weights. During the evaluation phase, the mixture density parameters are used to form a mixture of Gaussians and draw a sample from it. The sample is used to control the robot arm.. Is the input image and caption helpful to answer the following question. Answer in one word - Yes or No. Question: What is the role of the LSTM-MDN network in the training phase?. 1928674", "Caption: Figure 3: The training and evaluation phase. During the training the LSTM network is unrolled for 50 time-steps. The gripper pose and status (open/close) et and the pose of relevant objects qt at time-step t is used as input and output of the network to calculate and backpropagate the error to update the weights. During the evaluation phase, the mixture density parameters are used to form a mixture of Gaussians and draw a sample from it. The sample is used to control the robot arm.. Please provide a brief answer to the following question after looking into the input image and caption. Question: What is the role of the LSTM-MDN network in the training phase?. Training the LSTM-MDN network"]}, "referred_figures_names": ["1603.03833v4-Figure3-1.png"], "answer": "The LSTM-MDN network is used to learn the relationship between the gripper pose and status, the pose of relevant objects, and the joint angles of the robot arm."}, "1": {"question": "Why is the number of demonstrations after the shift not available for the \"Push to Pose\" task?", "response": {"1603.03833v4-Table1-1.png": ["Caption: Table 1: The size of the datasets for the two studied tasks. Is the input image and caption helpful to answer the following question. Answer in one word - Yes or No. Question: Why is the number of demonstrations after the shift not available for the \"Push to Pose\" task?. 0", "Caption: Table 1: The size of the datasets for the two studied tasks. Please provide a brief answer to the following question after looking into the input image and caption. Question: Why is the number of demonstrations after the shift not available for the \"Push to Pose\" task?. Because it was not recorded"]}, "referred_figures_names": ["1603.03833v4-Table1-1.png"], "answer": "The passage mentions that additional trajectories were generated for the \"Pick and Place\" task by reducing the frequency of the recorded demonstrations. This process was not applied to the \"Push to Pose\" task, therefore no \"Demonstrations after shift\" are listed for it."}, "2": {"question": "How does the frequency reduction process create multiple trajectories from a single demonstration?", "response": {"1603.03833v4-Figure2-1.png": ["Caption: Figure 2: Creating multiple trajectories from a demonstration recorded at a higher frequency.. Is the input image and caption helpful to answer the following question. Answer in one word - Yes or No. Question: How does the frequency reduction process create multiple trajectories from a single demonstration?. 108497635-yes no yes it is not possible for this information alone to determine whether that statement holds true based on what has been provided so far, but i can say with confidence there are more than two answers available", "Caption: Figure 2: Creating multiple trajectories from a demonstration recorded at a higher frequency.. Please provide a brief answer to the following question after looking into the input image and caption. Question: How does the frequency reduction process create multiple trajectories from a single demonstration?. Frequency downsampling"]}, "referred_figures_names": ["1603.03833v4-Figure2-1.png"], "answer": " The frequency reduction process takes a high-frequency trajectory and samples it at a lower frequency, resulting in multiple trajectories with different starting and ending points. "}, "3": {"question": "What is the role of the virtual environment in the proposed approach?", "response": {"1603.03833v4-Figure1-1.png": ["Caption: Figure 1: The general flow of our approach. The demonstrations of the ADL manipulation tasks are collected in a virtual environment. The collected trajectories are used to train the neural network controller.. Is the input image and caption helpful to answer the following question. Answer in one word - Yes or No. Question: What is the role of the virtual environment in the proposed approach?. 2018-07s35964", "Caption: Figure 1: The general flow of our approach. The demonstrations of the ADL manipulation tasks are collected in a virtual environment. The collected trajectories are used to train the neural network controller.. Please provide a brief answer to the following question after looking into the input image and caption. Question: What is the role of the virtual environment in the proposed approach?. To collect the demonstrations of the ADL manipulation tasks"]}, "referred_figures_names": ["1603.03833v4-Figure1-1.png"], "answer": "The virtual environment is used to collect demonstrations of the task from the user. This allows for safe and efficient data collection."}, "4": {"question": "What is the difference between the pick and place task in simulation and the real world?", "response": {"1603.03833v4-Figure4-1.png": ["Caption: A sequence of images showing the autonomous execution of pick and place in simulation (first row), pick and place in real world (second row), pushing in simulation (third row), and pushing in real world (fourth row). The robot is controlled by a mixture density network with 3 layers of LSTM.. Is the input image and caption helpful to answer the following question. Answer in one word - Yes or No. Question: What is the difference between the pick and place task in simulation and the real world?. 1098765432 times more difficult | no, it's just different", "Caption: A sequence of images showing the autonomous execution of pick and place in simulation (first row), pick and place in real world (second row), pushing in simulation (third row), and pushing in real world (fourth row). The robot is controlled by a mixture density network with 3 layers of LSTM.. Please provide a brief answer to the following question after looking into the input image and caption. Question: What is the difference between the pick and place task in simulation and the real world?. The main difference between the pick and place task in simulation and the real world is that the former takes place in a virtual environment, while the latter occurs in a physical environment."]}, "referred_figures_names": ["1603.03833v4-Figure4-1.png"], "answer": "In the simulation, the robot is able to pick up the object and place it in the desired location without any errors. However, in the real world, the robot makes some errors, such as dropping the object or placing it in the wrong location."}, "5": {"question": "What are the three different network architectures used in the comparison study?", "response": {"1603.03833v4-Figure5-1.png": ["Caption: Figure 5: Alternative network architectures used in the comparison study: Feedforward-MSE, LSTM-MSE and Feedforward-MDN. Is the input image and caption helpful to answer the following question. Answer in one word - Yes or No. Question: What are the three different network architectures used in the comparison study?. 1024x768 feed forward MLPs with a single layer of neurons (MLP) for each class; 3 layers stacking all classes' features into an MDNF model using two fully connected hidden units per feature", "Caption: Figure 5: Alternative network architectures used in the comparison study: Feedforward-MSE, LSTM-MSE and Feedforward-MDN. Please provide a brief answer to the following question after looking into the input image and caption. Question: What are the three different network architectures used in the comparison study?. Feedforward-MSE"]}, "referred_figures_names": ["1603.03833v4-Figure5-1.png"], "answer": "Feedforward-MSE, LSTM-MSE, and Feedforward-MDN."}}