{"0": {"question": "Which agent values the entire share $Z_j$?", "response": {"1603.00286v5-Figure3-1.png": ["Caption: Fig. 3 Solid boxes represent the value-density of agent j within Zj ; each dotted box represents a value-density of some other agent in the same group as agent j. In this example, dn d e = 5.. Is the input image and caption helpful to answer the following question. Answer in one word - Yes or No. Question: Which agent values the entire share $Z_j$?. 10% is correct number for that scenario\nYes it does not matter which agents are included because all will have equal access/value on their own shares (and thus also those belonging others) regardless if they belong together with them into any groups at", "Caption: Fig. 3 Solid boxes represent the value-density of agent j within Zj ; each dotted box represents a value-density of some other agent in the same group as agent j. In this example, dn d e = 5.. Please provide a brief answer to the following question after looking into the input image and caption. Question: Which agent values the entire share $Z_j$?. Agent j"]}, "referred_figures_names": ["1603.00286v5-Figure3-1.png"], "answer": "Agent $j$."}, "1": {"question": "What is the purpose of the blank space labeled Z'5?", "response": {"1603.00286v5-Figure4-1.png": ["Caption: Fig. 4 Allocation-completion with n = 4 original pieces and b = 1 blank, denoted Z\u20325.. Is the input image and caption helpful to answer the following question. Answer in one word - Yes or No. Question: What is the purpose of the blank space labeled Z'5?. 0", "Caption: Fig. 4 Allocation-completion with n = 4 original pieces and b = 1 blank, denoted Z\u20325.. Please provide a brief answer to the following question after looking into the input image and caption. Question: What is the purpose of the blank space labeled Z'5?. The purpose of the blank space labeled Z'5 is to be filled in by the user."]}, "referred_figures_names": ["1603.00286v5-Figure4-1.png"], "answer": "The blank space labeled Z'5 is used to complete the allocation of the original pieces."}, "2": {"question": "What can you say about the relationship between the complexity of a cake shape and the minimum number of blanks required for a complete partition into smaller pieces?", "response": {"1603.00286v5-Table1-1.png": ["Caption: Table 1 Worst-case number of blanks in a maximal arrangement of pairwise-disjoint Spieces contained in a cake C. From Akopyan and Segal-Halevi (2018).. Is the input image and caption helpful to answer the following question. Answer in one word - Yes or No. Question: What can you say about the relationship between the complexity of a cake shape and the minimum number of blanks required for a complete partition into smaller pieces?. 365", "Caption: Table 1 Worst-case number of blanks in a maximal arrangement of pairwise-disjoint Spieces contained in a cake C. From Akopyan and Segal-Halevi (2018).. Please provide a brief answer to the following question after looking into the input image and caption. Question: What can you say about the relationship between the complexity of a cake shape and the minimum number of blanks required for a complete partition into smaller pieces?. There is no relationship between the complexity of a cake shape and the minimum number of blanks required for a complete partition into smaller pieces."]}, "referred_figures_names": ["1603.00286v5-Table1-1.png"], "answer": "The complexity of the cake shape generally leads to a higher minimum number of blanks required for a complete partition."}, "3": {"question": " \n\nWhy does the author state that there is a qualitative difference between 2-D and 1-D division?", "response": {"1603.00286v5-Figure1-1.png": ["Caption: Fig. 1 With geometric constraints, an efficient allocation might leave some cake unallocated. All figures were made with GeoGebra 5 (Hohenwarter et al., 2013).. Is the input image and caption helpful to answer the following question. Answer in one word - Yes or No. Question:  \n\nWhy does the author state that there is a qualitative difference between 2-D and 1-D division?. 48% of people answered yes no answers are possible for this quiz type book format only", "Caption: Fig. 1 With geometric constraints, an efficient allocation might leave some cake unallocated. All figures were made with GeoGebra 5 (Hohenwarter et al., 2013).. Please provide a brief answer to the following question after looking into the input image and caption. Question:  \n\nWhy does the author state that there is a qualitative difference between 2-D and 1-D division?. The author states that there is a qualitative difference between 2-D and 1-D division because in 2-D division, it is possible to divide the cake into more than two pieces, whereas in 1-D division, it is not possible to divide the cake into more than two pieces."]}, "referred_figures_names": ["1603.00286v5-Figure1-1.png"], "answer": " \n\nIn 2-D division, there may be unallocated cake even when there are geometric constraints on the pieces, as shown in Figure 1. This is not the case in 1-D division, where the entire cake can always be allocated."}, "4": {"question": "What is the minimum number of sides that a rectilinear polygon with four reflex vertices must have?", "response": {"1603.00286v5-Figure2-1.png": ["Caption: Fig. 2 A rectilinear polygon with T = 4 reflex vertices (circled).. Is the input image and caption helpful to answer the following question. Answer in one word - Yes or No. Question: What is the minimum number of sides that a rectilinear polygon with four reflex vertices must have?. 50168793-c", "Caption: Fig. 2 A rectilinear polygon with T = 4 reflex vertices (circled).. Please provide a brief answer to the following question after looking into the input image and caption. Question: What is the minimum number of sides that a rectilinear polygon with four reflex vertices must have?. Four"]}, "referred_figures_names": ["1603.00286v5-Figure2-1.png"], "answer": "Six."}}