{"0": {"question": "Which policy resulted in the highest average cost?", "response": {"1605.07496v3-Table1-1.png": ["Caption: Comparison of the performance of ALOQ, MAP and RQ-ALOQ policies when p(\u03b8) must be estimated. Is the input image and caption helpful to answer the following question. Answer in one word - Yes or No. Question: Which policy resulted in the highest average cost?. 10% Policy (Aloq Policies Cost Range)", "Caption: Comparison of the performance of ALOQ, MAP and RQ-ALOQ policies when p(\u03b8) must be estimated. Please provide a brief answer to the following question after looking into the input image and caption. Question: Which policy resulted in the highest average cost?. ALOQ"]}, "referred_figures_names": ["1605.07496v3-Table1-1.png"], "answer": "MAP Policy"}, "1": {"question": "Which of the algorithms performs the best on the robotic arm joint breakage task?", "response": {"1605.07496v3-Figure3-1.png": ["Caption: Performance and learned configurations on the robotic arm joint breakage task.. Is the input image and caption helpful to answer the following question. Answer in one word - Yes or No. Question: Which of the algorithms performs the best on the robotic arm joint breakage task?. 1024x768\nNo, it is not possible for me as a human being with my current knowledge base at this time (as I am writing) determine which algorithm would perform better than another based solely upon their respective resolution", "Caption: Performance and learned configurations on the robotic arm joint breakage task.. Please provide a brief answer to the following question after looking into the input image and caption. Question: Which of the algorithms performs the best on the robotic arm joint breakage task?. LSTM\n\nAnswer: The LSTM (Long Short-Term Memory) algorithm performs the best on the robotic arm joint breakage task."]}, "referred_figures_names": ["1605.07496v3-Figure3-1.png"], "answer": "ALOQ."}, "2": {"question": "Which algorithm performs the best in the Joint Breakage experiment?", "response": {"1605.07496v3-Table2-1.png": ["Caption: Quartiles of the expected cost of the final \u03c0\u0302\u2217 estimated by each algorithm across 20 independent runs for the Robotic Arm Simulator experiments.. Is the input image and caption helpful to answer the following question. Answer in one word - Yes or No. Question: Which algorithm performs the best in the Joint Breakage experiment?. \u03bb\u03b1\u03b2\u03bf\u03b3\u03c1\u03ac\u03c6\u03c9\u03c3\u03b9\u03c2", "Caption: Quartiles of the expected cost of the final \u03c0\u0302\u2217 estimated by each algorithm across 20 independent runs for the Robotic Arm Simulator experiments.. Please provide a brief answer to the following question after looking into the input image and caption. Question: Which algorithm performs the best in the Joint Breakage experiment?. Algol"]}, "referred_figures_names": ["1605.07496v3-Table2-1.png"], "answer": "ALOQ"}, "3": {"question": "Which algorithm performed better on the arm breakage task?", "response": {"1605.07496v3-Figure4-1.png": ["Caption: Performance of Reinforce and TRPO on the Robotic Arm Simulator experiments.. Is the input image and caption helpful to answer the following question. Answer in one word - Yes or No. Question: Which algorithm performed better on the arm breakage task?. 0123456789TRPOTRQOEAECBRLFGHJKLMNOPRSUYVWXZ", "Caption: Performance of Reinforce and TRPO on the Robotic Arm Simulator experiments.. Please provide a brief answer to the following question after looking into the input image and caption. Question: Which algorithm performed better on the arm breakage task?. TRPO"]}, "referred_figures_names": ["1605.07496v3-Figure4-1.png"], "answer": "Both TRPO and Reinforce performed similarly on the arm breakage task."}, "4": {"question": "Between WSN and ALOQ, which method is the most efficient in terms of runtime for both F-SRE1 and F-SRE2?", "response": {"1605.07496v3-Figure11-1.png": ["Caption: Comparison of runtime of all methods on the FSRE test functions.. Is the input image and caption helpful to answer the following question. Answer in one word - Yes or No. Question: Between WSN and ALOQ, which method is the most efficient in terms of runtime for both F-SRE1 and F-SRE2?. 05689734\nNo", "Caption: Comparison of runtime of all methods on the FSRE test functions.. Please provide a brief answer to the following question after looking into the input image and caption. Question: Between WSN and ALOQ, which method is the most efficient in terms of runtime for both F-SRE1 and F-SRE2?. ALOQ"]}, "referred_figures_names": ["1605.07496v3-Figure11-1.png"], "answer": "ALOQ is significantly more efficient than WSN."}, "5": {"question": "Which method performs the best on the F-SRE1 test function?", "response": {"1605.07496v3-Figure10-1.png": ["Caption: Comparison of performance of all methods on the F-SRE test functions (higher is better) .. Is the input image and caption helpful to answer the following question. Answer in one word - Yes or No. Question: Which method performs the best on the F-SRE1 test function?. 025678943\nQuestion no longer exists yes it does perform well with a value around that number but not quite as good at lower values than some other algorithms tested herein are you sure? I am unsure if this", "Caption: Comparison of performance of all methods on the F-SRE test functions (higher is better) .. Please provide a brief answer to the following question after looking into the input image and caption. Question: Which method performs the best on the F-SRE1 test function?. 1"]}, "referred_figures_names": ["1605.07496v3-Figure10-1.png"], "answer": "ALOQ"}, "6": {"question": "How does the predicted return change as a function of \u03b8 for a fixed value of \u03c0 = 1.5?", "response": {"1605.07496v3-Figure1-1.png": ["Caption: ALOQ models the return f as a function of (\u03c0, \u03b8); (a) the predicted mean based on some observed data; (b) the predicted return of \u03c0 = 1.5 for different \u03b8, together with the uncertainty associated with them, given p(\u03b8); (c) ALOQ marginalises out \u03b8 and computes f\u0304(\u03c0) and its associated uncertainty, which is used to actively select \u03c0.. Is the input image and caption helpful to answer the following question. Answer in one word - Yes or No. Question: How does the predicted return change as a function of \u03b8 for a fixed value of \u03c0 = 1.5?. 0% no | 28 % yes\nNo", "Caption: ALOQ models the return f as a function of (\u03c0, \u03b8); (a) the predicted mean based on some observed data; (b) the predicted return of \u03c0 = 1.5 for different \u03b8, together with the uncertainty associated with them, given p(\u03b8); (c) ALOQ marginalises out \u03b8 and computes f\u0304(\u03c0) and its associated uncertainty, which is used to actively select \u03c0.. Please provide a brief answer to the following question after looking into the input image and caption. Question: How does the predicted return change as a function of \u03b8 for a fixed value of \u03c0 = 1.5?. The predicted return of \u03c0 = 1.5 for different \u03b8, together with the uncertainty associated with them, given p(\u03b8); (c) ALOQ marginalises out \u03b8 and computes f\u0304(\u03c0) and its associated uncertainty, which is used to actively select \u03c0."]}, "referred_figures_names": ["1605.07496v3-Figure1-1.png"], "answer": "The predicted return decreases as \u03b8 increases, with a minimum at around \u03b8 = 0.5."}, "7": {"question": "What is the difference between the \"True max\" and the \"ALOQ\" curves?", "response": {"1605.07496v3-Figure9-1.png": ["Caption: Contour plot of F-SRE1 and F-SRE2 (values in SRE region have been reduced by a factor of 10).. Is the input image and caption helpful to answer the following question. Answer in one word - Yes or No. Question: What is the difference between the \"True max\" and the \"ALOQ\" curves?. 35% True Maximum occurs at lower values than ALOQ for both cases, but it's more pronounced on case B compared with CaseA\nNo true maximum value exists below ALDO threshold level which means that there are no significant", "Caption: Contour plot of F-SRE1 and F-SRE2 (values in SRE region have been reduced by a factor of 10).. Please provide a brief answer to the following question after looking into the input image and caption. Question: What is the difference between the \"True max\" and the \"ALOQ\" curves?. The ALOQ curve is lower than the True max curve"]}, "referred_figures_names": ["1605.07496v3-Figure9-1.png"], "answer": "The \"True max\" curve is the true maximum of the function, while the \"ALOQ\" curve is an approximation of the maximum. The \"ALOQ\" curve is lower than the \"True max\" curve, indicating that it underestimates the maximum value of the function."}, "8": {"question": "Which method performs the best on the Branin function?", "response": {"1605.07496v3-Figure7-1.png": ["Caption: Comparison of performance of all methods on the modified Branin and Hartmann 6 test functions used by Williams, Santner, and Notz.. Is the input image and caption helpful to answer the following question. Answer in one word - Yes or No. Question: Which method performs the best on the Branin function?. 108529743\nQuestion Type: Multiple Choice Quizlet", "Caption: Comparison of performance of all methods on the modified Branin and Hartmann 6 test functions used by Williams, Santner, and Notz.. Please provide a brief answer to the following question after looking into the input image and caption. Question: Which method performs the best on the Branin function?. Exponential moving average"]}, "referred_figures_names": ["1605.07496v3-Figure7-1.png"], "answer": "One Step ALOQ"}}