{"0": {"question": "How does the performance of the Filtering algorithm compare to the performance of MLE with noise?", "response": {"1606.07384v2-Figure1-1.png": ["Caption: Experiments with synthetic data: error is reported against the size of the conditional probability table (lower is better). The error is the estimated total variation distance to the ground truth Bayes net. We use the error of MLE without noise as our benchmark. We plot the performance of our algorithm (Filtering), empirical mean with noise (MLE), and RANSAC. We report two settings: the underlying structure of the Bayes net is a random tree (left) or a random graph (right).. Is the input image and caption helpful to answer the following question. Answer in one word - Yes or No. Question: How does the performance of the Filtering algorithm compare to the performance of MLE with noise?. 1920x856 pixels, no | yes", "Caption: Experiments with synthetic data: error is reported against the size of the conditional probability table (lower is better). The error is the estimated total variation distance to the ground truth Bayes net. We use the error of MLE without noise as our benchmark. We plot the performance of our algorithm (Filtering), empirical mean with noise (MLE), and RANSAC. We report two settings: the underlying structure of the Bayes net is a random tree (left) or a random graph (right).. Please provide a brief answer to the following question after looking into the input image and caption. Question: How does the performance of the Filtering algorithm compare to the performance of MLE with noise?. Empirical mean with noise"]}, "referred_figures_names": ["1606.07384v2-Figure1-1.png"], "answer": "The Filtering algorithm performs better than MLE with noise in both the random tree and random graph settings."}, "1": {"question": "Which method performs the best when there is a high fraction of corrupted samples?", "response": {"1606.07384v2-Figure2-1.png": ["Caption: Experiments with semi-synthetic data: error is reported against the fraction of corrupted samples (lower is better). The error is the estimated total variation distance to the ALARM network. We use the sampling error without noise as a benchmark, and compare the performance of our algorithm (Filtering), empirical mean with noise (MLE), and RANSAC.. Is the input image and caption helpful to answer the following question. Answer in one word - Yes or No. Question: Which method performs the best when there is a high fraction of corrupted samples?. 10%", "Caption: Experiments with semi-synthetic data: error is reported against the fraction of corrupted samples (lower is better). The error is the estimated total variation distance to the ALARM network. We use the sampling error without noise as a benchmark, and compare the performance of our algorithm (Filtering), empirical mean with noise (MLE), and RANSAC.. Please provide a brief answer to the following question after looking into the input image and caption. Question: Which method performs the best when there is a high fraction of corrupted samples?. Empirical mean with noise"]}, "referred_figures_names": ["1606.07384v2-Figure2-1.png"], "answer": "RANSAC"}}