{"0": {"question": "Which system from Ortiz et al. achieved the highest BLEU and METEOR scores, and how does it compare to the CCA inference algorithm in terms of performance?", "response": {"1608.02784v2-Table2-1.png": ["Caption: Table 2: Scene description evaluation results on the test set, comparing the systems from Ortiz et al. to our CCA inference algorithm (the first six results are reported from the Ortiz et al. paper). The CCA result uses m = 120 and \u03b7 = 0.05, tuned on the development set. See text for details about each of the first six baselines.. Is the input image and caption helpful to answer the following question. Answer in one word - Yes or No. Question: Which system from Ortiz et al. achieved the highest BLEU and METEOR scores, and how does it compare to the CCA inference algorithm in terms of performance?. 368974-Bleu_m\\_eta=0p5", "Caption: Table 2: Scene description evaluation results on the test set, comparing the systems from Ortiz et al. to our CCA inference algorithm (the first six results are reported from the Ortiz et al. paper). The CCA result uses m = 120 and \u03b7 = 0.05, tuned on the development set. See text for details about each of the first six baselines.. Please provide a brief answer to the following question after looking into the input image and caption. Question: Which system from Ortiz et al. achieved the highest BLEU and METEOR scores, and how does it compare to the CCA inference algorithm in terms of performance?. Ortiz et al. achieved the highest BLEU and METEOR scores with a system that used m = 120 and \u03b7 = 0.05, tuned on the development set. The CCA result used m = 120 and \u03b7 = 0.05, tuned on the development set."]}, "referred_figures_names": ["1608.02784v2-Table2-1.png"], "answer": "The SMT system from Ortiz et al. achieved the highest BLEU score (43.7) and METEOR score (35.6) among their tested systems. While the SMT system outperforms the CCA inference algorithm in terms of BLEU score, the CCA algorithm achieves a slightly higher METEOR score (25.6 vs 25.5)."}, "1": {"question": "What is the difference between the outputs of the machine translation system (SMT) and the CCA inference?", "response": {"1608.02784v2-Figure6-1.png": ["Caption: Examples of outputs from the machine translation system and from CCA inference. The top three images give examples where the CCA inference outputs were rated highly by human evaluations (4 or 5), and the SMT ones were rated poorly (1 or 2). The bottom three pictures give the reverse case.. Is the input image and caption helpful to answer the following question. Answer in one word - Yes or No. Question: What is the difference between the outputs of the machine translation system (SMT) and the CCA inference?. 0, 39% match on contextual cues\n67%, 8%.", "Caption: Examples of outputs from the machine translation system and from CCA inference. The top three images give examples where the CCA inference outputs were rated highly by human evaluations (4 or 5), and the SMT ones were rated poorly (1 or 2). The bottom three pictures give the reverse case.. Please provide a brief answer to the following question after looking into the input image and caption. Question: What is the difference between the outputs of the machine translation system (SMT) and the CCA inference?. The SMT outputs were rated poorly by human evaluations while the CCA inference outputs were rated highly by human evaluations."]}, "referred_figures_names": ["1608.02784v2-Figure6-1.png"], "answer": "The SMT outputs are literal translations of the images, while the CCA outputs take into account the context of the images and generate more natural-sounding descriptions."}, "2": {"question": "Which system, CCA or SMT, generally performs better when the caption is of low quality (average rank less than 3)?", "response": {"1608.02784v2-Table3-1.png": ["Caption: Table 3: Average ranking by human judges for cases in which the caption has an average rank of 3 or higher (for both CCA and SMT) and when its average rank is lower than 3. \u201cM\u201d stands for SMT average rank and \u201cC\u201d stands for CCA average rank.. Is the input image and caption helpful to answer the following question. Answer in one word - Yes or No. Question: Which system, CCA or SMT, generally performs better when the caption is of low quality (average rank less than 3)?. 10%", "Caption: Table 3: Average ranking by human judges for cases in which the caption has an average rank of 3 or higher (for both CCA and SMT) and when its average rank is lower than 3. \u201cM\u201d stands for SMT average rank and \u201cC\u201d stands for CCA average rank.. Please provide a brief answer to the following question after looking into the input image and caption. Question: Which system, CCA or SMT, generally performs better when the caption is of low quality (average rank less than 3)?. SMT"]}, "referred_figures_names": ["1608.02784v2-Table3-1.png"], "answer": "It is difficult to definitively say which system performs better for low-quality captions based solely on the provided data. However, we can observe some trends:\n\n1. When the SMT average rank is below 3, the CCA average rank is also lower (1.64 vs. 1.77).\n2. When the SMT average rank is 3 or higher, the CCA average rank is significantly higher (3.54 vs. 3.46).\n\nThis suggests that CCA might perform relatively better for low-quality captions, but more data and analysis are needed for a conclusive answer."}, "3": {"question": "What is the purpose of the singular value decomposition step in the CCA algorithm?", "response": {"1608.02784v2-Figure1-1.png": ["Caption: The CCA learning algorithm.. Is the input image and caption helpful to answer the following question. Answer in one word - Yes or No. Question: What is the purpose of the singular value decomposition step in the CCA algorithm?. 1024x768 resolutions", "Caption: The CCA learning algorithm.. Please provide a brief answer to the following question after looking into the input image and caption. Question: What is the purpose of the singular value decomposition step in the CCA algorithm?. Determine if two vectors are linearly dependent or independent"]}, "referred_figures_names": ["1608.02784v2-Figure1-1.png"], "answer": "The singular value decomposition step is used to find the projection matrices U and V."}, "4": {"question": "What is the relationship between the input space and the output space in CCA inference?", "response": {"1608.02784v2-Figure2-1.png": ["Caption: Figure 2: Demonstration of CCA inference. An object from the input space X (the image on the left x) is mapped to a unit vector. Then, we find the closest unit vector which has an embodiment in the output space, Y . That embodiment is the text on the right, y. It also also holds that \u03c1(u(x), v(y)) = cos \u03b8.. Is the input image and caption helpful to answer the following question. Answer in one word - Yes or No. Question: What is the relationship between the input space and the output space in CCA inference?. 109657843", "Caption: Figure 2: Demonstration of CCA inference. An object from the input space X (the image on the left x) is mapped to a unit vector. Then, we find the closest unit vector which has an embodiment in the output space, Y . That embodiment is the text on the right, y. It also also holds that \u03c1(u(x), v(y)) = cos \u03b8.. Please provide a brief answer to the following question after looking into the input image and caption. Question: What is the relationship between the input space and the output space in CCA inference?. Closeness"]}, "referred_figures_names": ["1608.02784v2-Figure2-1.png"], "answer": "The input space and the output space are related by a cosine similarity measure."}, "5": {"question": "What is the role of the temperature variable t in the CCA decoding algorithm?", "response": {"1608.02784v2-Figure3-1.png": ["Caption: The CCA decoding algorithm.. Is the input image and caption helpful to answer the following question. Answer in one word - Yes or No. Question: What is the role of the temperature variable t in the CCA decoding algorithm?. 1024x768", "Caption: The CCA decoding algorithm.. Please provide a brief answer to the following question after looking into the input image and caption. Question: What is the role of the temperature variable t in the CCA decoding algorithm?. Temperature"]}, "referred_figures_names": ["1608.02784v2-Figure3-1.png"], "answer": "The temperature variable t controls the probability of accepting a new candidate solution y. As t decreases, the probability of accepting a worse solution decreases."}, "6": {"question": "What is the relationship between BLEU score and human ranking for CCA and SMT systems?", "response": {"1608.02784v2-Figure4-1.png": ["Caption: Figure 4: Scatter plot of SMT (statistical machine translation) and CCA BLEU scores versus human ratings.. Is the input image and caption helpful to answer the following question. Answer in one word - Yes or No. Question: What is the relationship between BLEU score and human ranking for CCA and SMT systems?. 10% better than random guesses at predicting correct translations from English into French using a statistical model trained on parallel text data, but still worse overall compared with professional quality results obtained by native speakers who are paid $25/hour", "Caption: Figure 4: Scatter plot of SMT (statistical machine translation) and CCA BLEU scores versus human ratings.. Please provide a brief answer to the following question after looking into the input image and caption. Question: What is the relationship between BLEU score and human ranking for CCA and SMT systems?. Positive"]}, "referred_figures_names": ["1608.02784v2-Figure4-1.png"], "answer": "The correlation between BLEU scores and human ranking is not high for either CCA or SMT systems."}}