{"0": {"question": "Which network architecture has the highest accuracy on the CIFAR-10 dataset?", "response": {"1611.07718v2-Table3-1.png": ["Caption: Classification error comparison with state-of-the-arts. The results of DenseNets are based on the networks without bottlenecks. The DMRNet-Wide is the wide version of a DMRNet, 4\u00d7 wider, i.e., the widths of the threes stages are 64, 128, and 256, respectively.. Is the input image and caption helpful to answer the following question. Answer in one word - Yes or No. Question: Which network architecture has the highest accuracy on the CIFAR-10 dataset?. 3D Convolutional Neural Network (CNN)\nYes", "Caption: Classification error comparison with state-of-the-arts. The results of DenseNets are based on the networks without bottlenecks. The DMRNet-Wide is the wide version of a DMRNet, 4\u00d7 wider, i.e., the widths of the threes stages are 64, 128, and 256, respectively.. Please provide a brief answer to the following question after looking into the input image and caption. Question: Which network architecture has the highest accuracy on the CIFAR-10 dataset?. DenseNet-Wide"]}, "referred_figures_names": ["1611.07718v2-Table3-1.png"], "answer": "DMRNet-Wide"}, "1": {"question": "What is the difference between a deep residual network and a network built by stacking inception-like blocks?", "response": {"1611.07718v2-Figure2-1.png": ["Caption: (a) a deep residual network; (b) a network built by stacking inception-like blocks; (c) our deep merge-and-run neural network built by stacking merge-and-run blocks. The trapezoid shape indicates that down-sampling occurs in the corresponding layer, and the dashed line denotes a projection shortcut as in [7].. Is the input image and caption helpful to answer the following question. Answer in one word - Yes or No. Question: What is the difference between a deep residual network and a network built by stacking inception-like blocks?. 1024x568 pixels\nYes | no", "Caption: (a) a deep residual network; (b) a network built by stacking inception-like blocks; (c) our deep merge-and-run neural network built by stacking merge-and-run blocks. The trapezoid shape indicates that down-sampling occurs in the corresponding layer, and the dashed line denotes a projection shortcut as in [7].. Please provide a brief answer to the following question after looking into the input image and caption. Question: What is the difference between a deep residual network and a network built by stacking inception-like blocks?. A deep residual network is a type of convolutional neural network, while a network built by stacking inception-like blocks is also a type of convolutional neural network."]}, "referred_figures_names": ["1611.07718v2-Figure2-1.png"], "answer": "Deep residual networks have skip connections that allow the gradient to flow directly from one layer to another, while networks built by stacking inception-like blocks do not."}, "2": {"question": "What is the difference between the residual block and the merge-and-run block?", "response": {"1611.07718v2-Figure1-1.png": ["Caption: Illustrating the building blocks: (a) Two residual blocks; (b) An inception-like block; (c) A merge-and-run block. (a) corresponds to two blocks in ResNets and assembles two residual branches sequentially while (b) and (c) both assemble the same two residual branches in parallel. (b) and (c) adopt two different skip connections: identity mappings and our proposed merge-andrun mappings. The dot circle denotes the average operation, and the solid circle denotes the sum operation.. Is the input image and caption helpful to answer the following question. Answer in one word - Yes or No. Question: What is the difference between the residual block and the merge-and-run block?. 1098765432 times yes | no\n|Answer In One Word :Yes", "Caption: Illustrating the building blocks: (a) Two residual blocks; (b) An inception-like block; (c) A merge-and-run block. (a) corresponds to two blocks in ResNets and assembles two residual branches sequentially while (b) and (c) both assemble the same two residual branches in parallel. (b) and (c) adopt two different skip connections: identity mappings and our proposed merge-andrun mappings. The dot circle denotes the average operation, and the solid circle denotes the sum operation.. Please provide a brief answer to the following question after looking into the input image and caption. Question: What is the difference between the residual block and the merge-and-run block?. The main difference between the residual block and the merge-and-run block is that the merge-and-run block uses a different skip connection than the identity mapping used in the residual block."]}, "referred_figures_names": ["1611.07718v2-Figure1-1.png"], "answer": "The residual block assembles two residual branches sequentially, while the merge-and-run block assembles the same two residual branches in parallel."}, "3": {"question": "How does the training loss of DMRNet compare to that of ResNet on the CIFAR-10 dataset with L = 30?", "response": {"1611.07718v2-Figure7-1.png": ["Caption: Comparing the optimization of ResNets and the DMRNets with the same number of layers/parameters. The vertical axis corresponds to training losses and testing errors, and the horizontal axis corresponds to #epochs.. Is the input image and caption helpful to answer the following question. Answer in one word - Yes or No. Question: How does the training loss of DMRNet compare to that of ResNet on the CIFAR-10 dataset with L = 30?. 25% less than resnet at epoch=48 (Residual Network)", "Caption: Comparing the optimization of ResNets and the DMRNets with the same number of layers/parameters. The vertical axis corresponds to training losses and testing errors, and the horizontal axis corresponds to #epochs.. Please provide a brief answer to the following question after looking into the input image and caption. Question: How does the training loss of DMRNet compare to that of ResNet on the CIFAR-10 dataset with L = 30?."]}, "referred_figures_names": ["1611.07718v2-Figure7-1.png"], "answer": "The training loss of DMRNet is lower than that of ResNet on the CIFAR-10 dataset with L = 30."}, "4": {"question": "Which network has the shortest average path length when L = 9?", "response": {"1611.07718v2-Figure3-1.png": ["Caption: Comparing the distributions of the path lengths for three networks. Different networks: (avg length \u00b1 std). Left: L = 9. Right: L = 24.. Is the input image and caption helpful to answer the following question. Answer in one word - Yes or No. Question: Which network has the shortest average path length when L = 9?. 10 meter long cable with a standard deviation between two cables that are both about twice as thick but only half again longer than each other's diameter? The left side is correct, it would be shorter by an order magnitude compared to right which", "Caption: Comparing the distributions of the path lengths for three networks. Different networks: (avg length \u00b1 std). Left: L = 9. Right: L = 24.. Please provide a brief answer to the following question after looking into the input image and caption. Question: Which network has the shortest average path length when L = 9?. Left"]}, "referred_figures_names": ["1611.07718v2-Figure3-1.png"], "answer": "DMRNet"}, "5": {"question": "Which model has the lowest Top-1 validation error on ImageNet?", "response": {"1611.07718v2-Table4-1.png": ["Caption: The validation (single 224\u00d7224 center crop) and training errors (%) of ResNet-101 (44.5M) and our DMRNet (43.3M) on ImageNet.. Is the input image and caption helpful to answer the following question. Answer in one word - Yes or No. Question: Which model has the lowest Top-1 validation error on ImageNet?. 8976a", "Caption: The validation (single 224\u00d7224 center crop) and training errors (%) of ResNet-101 (44.5M) and our DMRNet (43.3M) on ImageNet.. Please provide a brief answer to the following question after looking into the input image and caption. Question: Which model has the lowest Top-1 validation error on ImageNet?. ResNet-101"]}, "referred_figures_names": ["1611.07718v2-Table4-1.png"], "answer": "ResNet-101 from the reference paper reports top-1 validation error of 23.60 which is lower than ResNet-101 reevaluated (26.41) and DMRNet (23.66)"}, "6": {"question": "Does sharing the first convolutional layer and the last fully connected layer improve the accuracy of the merge-and-run mapping?", "response": {"1611.07718v2-Table5-1.png": ["Caption: Comparison between merge-and-run mappings and identity mappings. Sharing = share the first conv. and the last FC.. Is the input image and caption helpful to answer the following question. Answer in one word - Yes or No. Question: Does sharing the first convolutional layer and the last fully connected layer improve the accuracy of the merge-and-run mapping?. 1024x768 359 \u00b1 10% 1e+05 1s \u221av=10cm \u03bb=0.001 \u03c3=0.001", "Caption: Comparison between merge-and-run mappings and identity mappings. Sharing = share the first conv. and the last FC.. Please provide a brief answer to the following question after looking into the input image and caption. Question: Does sharing the first convolutional layer and the last fully connected layer improve the accuracy of the merge-and-run mapping?. Yes"]}, "referred_figures_names": ["1611.07718v2-Table5-1.png"], "answer": "Yes."}, "7": {"question": "How does the classification error of a residual network change as the average path length increases?", "response": {"1611.07718v2-Figure6-1.png": ["Caption: Illustrating how the testing errors of residual networks change as the average path length increases. The results are reported on CIFAR-10.. Is the input image and caption helpful to answer the following question. Answer in one word - Yes or No. Question: How does the classification error of a residual network change as the average path length increases?. 25% increase for each additional layer added, but it plateaus at around five layers before increasing again with more than sixteen neurons per hidden unit (layer).", "Caption: Illustrating how the testing errors of residual networks change as the average path length increases. The results are reported on CIFAR-10.. Please provide a brief answer to the following question after looking into the input image and caption. Question: How does the classification error of a residual network change as the average path length increases?. Increases"]}, "referred_figures_names": ["1611.07718v2-Figure6-1.png"], "answer": "The classification error of a residual network generally increases as the average path length increases."}}