{"0": {"question": "How does GeoCUTS perform compared to other clusterings for highly active users?", "response": {"1611.03780v2-Table2-1.png": ["Caption: B-metrics across clusterings, reported with a multiplicative constant of 100. We see that GeoCUTS performs comparably to other clusterings for highly active users, and somewhat better for highly mobile users.. Is the input image and caption helpful to answer the following question. Answer in one word - Yes or No. Question: How does GeoCUTS perform compared to other clusterings for highly active users?. 25% worse than others on average\nYes", "Caption: B-metrics across clusterings, reported with a multiplicative constant of 100. We see that GeoCUTS performs comparably to other clusterings for highly active users, and somewhat better for highly mobile users.. Please provide a brief answer to the following question after looking into the input image and caption. Question: How does GeoCUTS perform compared to other clusterings for highly active users?. Reported with a multiplicative constant of 100."]}, "referred_figures_names": ["1611.03780v2-Table2-1.png"], "answer": "GeoCUTS performs comparably to other clusterings for highly active users."}, "1": {"question": "How is the Hilbert space-filling curve constructed?", "response": {"1611.03780v2-Figure1-1.png": ["Caption: Hilbert space-filling curves are constructed recursively up to any desired resolution.. Is the input image and caption helpful to answer the following question. Answer in one word - Yes or No. Question: How is the Hilbert space-filling curve constructed?. 1024x768 pixels\nYes, it's a recursive process that can be done with an arbitrary number of lines per pixel on each iteration until reaching your specified size limit for display purposes (either by printing them out phys", "Caption: Hilbert space-filling curves are constructed recursively up to any desired resolution.. Please provide a brief answer to the following question after looking into the input image and caption. Question: How is the Hilbert space-filling curve constructed?. Recursively"]}, "referred_figures_names": ["1611.03780v2-Figure1-1.png"], "answer": "The Hilbert space-filling curve is constructed recursively. The curve starts with a simple square, and then at each subsequent iteration, the curve is subdivided into four smaller squares. The curve is then drawn through each of these squares in a specific order."}, "2": {"question": "How does the performance of GeoCUTS compare to the Grid method in identifying highly mobile clusters when the number of clusters is increased from approximately 25 to 50?", "response": {"1611.03780v2-Table4-1.png": ["Caption: Table 4: Percentage of queries from clusters with a Q-metric \u2265 x% for different numbers of clusters in France.. Is the input image and caption helpful to answer the following question. Answer in one word - Yes or No. Question: How does the performance of GeoCUTS compare to the Grid method in identifying highly mobile clusters when the number of clusters is increased from approximately 25 to 50?. 168973\nYes, it has been found that as you increase more than two times your original cluster size by adding new data points (either through an update process like ours) which are not part of any existing community but", "Caption: Table 4: Percentage of queries from clusters with a Q-metric \u2265 x% for different numbers of clusters in France.. Please provide a brief answer to the following question after looking into the input image and caption. Question: How does the performance of GeoCUTS compare to the Grid method in identifying highly mobile clusters when the number of clusters is increased from approximately 25 to 50?."]}, "referred_figures_names": ["1611.03780v2-Table4-1.png"], "answer": "GeoCUTS consistently outperforms the Grid method in identifying highly mobile clusters, regardless of the number of clusters. However, the performance of both methods decreases as the number of clusters increases."}, "3": {"question": "What is the relationship between the query graph and the interference graph?", "response": {"1611.03780v2-Figure2-1.png": ["Caption: Diagram of the bipartite user-region graph and the resulting \u201cfolded\u201d interference graph between regions. The edge weights of the folded graph correspond to the unnormalized weights qkk (cf. Equation 1).. Is the input image and caption helpful to answer the following question. Answer in one word - Yes or No. Question: What is the relationship between the query graph and the interference graph?. 2nd degree relation ship with a common region/user\nYes, they are related by their shared users but have different relationships based on queries being made from each node within those respective graphs; however there may be some overlap as well depending upon how you", "Caption: Diagram of the bipartite user-region graph and the resulting \u201cfolded\u201d interference graph between regions. The edge weights of the folded graph correspond to the unnormalized weights qkk (cf. Equation 1).. Please provide a brief answer to the following question after looking into the input image and caption. Question: What is the relationship between the query graph and the interference graph?. Regions"]}, "referred_figures_names": ["1611.03780v2-Figure2-1.png"], "answer": " The interference graph is a folded version of the query graph. The nodes in the interference graph represent regions, and the edges represent the interference between regions. The edge weights in the interference graph are calculated from the edge weights in the query graph."}, "4": {"question": "Which metropolitan area is predicted by the GeoCUTS algorithm to include San Francisco, Berkeley, and Palo Alto, but not Sacramento?", "response": {"1611.03780v2-Figure4-1.png": ["Caption: Figure 4: The GeoCUTS algorithm applied to user queries from the United States. The algorithm automatically identifies metropolitan areas, correctly predicting, for example, that the Bay Area includes San Francisco, Berkeley, and Palo Alto, but not Sacramento.. Is the input image and caption helpful to answer the following question. Answer in one word - Yes or No. Question: Which metropolitan area is predicted by the GeoCUTS algorithm to include San Francisco, Berkeley, and Palo Alto, but not Sacramento?. 103967258-a", "Caption: Figure 4: The GeoCUTS algorithm applied to user queries from the United States. The algorithm automatically identifies metropolitan areas, correctly predicting, for example, that the Bay Area includes San Francisco, Berkeley, and Palo Alto, but not Sacramento.. Please provide a brief answer to the following question after looking into the input image and caption. Question: Which metropolitan area is predicted by the GeoCUTS algorithm to include San Francisco, Berkeley, and Palo Alto, but not Sacramento?. Bay Area"]}, "referred_figures_names": ["1611.03780v2-Figure4-1.png"], "answer": "The Bay Area."}, "5": {"question": "Which metropolitan areas are correctly identified by the GeoCUTS algorithm in France?", "response": {"1611.03780v2-Figure5-1.png": ["Caption: Figure 5: The GeoCUTS algorithm applied to user queries from France. It correctly identifies metropolitan areas such as Paris, Bordeaux, and Lyon, and regions such as Alsace and Normandy.. Is the input image and caption helpful to answer the following question. Answer in one word - Yes or No. Question: Which metropolitan areas are correctly identified by the GeoCUTS algorithm in France?. 10% of them yes no more than that number is correct it's hard for me to say without knowing what you mean exactly but I would guess around a third might be accurate based on my knowledge about geography", "Caption: Figure 5: The GeoCUTS algorithm applied to user queries from France. It correctly identifies metropolitan areas such as Paris, Bordeaux, and Lyon, and regions such as Alsace and Normandy.. Please provide a brief answer to the following question after looking into the input image and caption. Question: Which metropolitan areas are correctly identified by the GeoCUTS algorithm in France?. Bordeaux, Paris, Lyon"]}, "referred_figures_names": ["1611.03780v2-Figure5-1.png"], "answer": "Paris, Bordeaux, and Lyon."}, "6": {"question": "Which clustering algorithm produced the smallest cut size for highly active users in the US dataset, and how much smaller was it compared to the cut size produced by grid partitioning?", "response": {"1611.03780v2-Table3-1.png": ["Caption: Table 3: Cut size comparison against different clustering algorithms for highly active (HA) and highly mobile (HM) users within the US. \u201cGrid\u201d denotes the grid partition, \u201cLE\u201d denotes the Linear Embedding algorithm [4], and \u201cHilbert\u201d denotes partitions along a Hilbert curve [21]. We see that GeoCUTS and Linear Embedding give the best cut size.. Is the input image and caption helpful to answer the following question. Answer in one word - Yes or No. Question: Which clustering algorithm produced the smallest cut size for highly active users in the US dataset, and how much smaller was it compared to the cut size produced by grid partitioning?. 05% less than Grid Partition\nYes! The correct response is \"Table\" as well; this refers specifically to table number three of your document which contains information about various clusterings methods used on data from the United States with respected parameters", "Caption: Table 3: Cut size comparison against different clustering algorithms for highly active (HA) and highly mobile (HM) users within the US. \u201cGrid\u201d denotes the grid partition, \u201cLE\u201d denotes the Linear Embedding algorithm [4], and \u201cHilbert\u201d denotes partitions along a Hilbert curve [21]. We see that GeoCUTS and Linear Embedding give the best cut size.. Please provide a brief answer to the following question after looking into the input image and caption. Question: Which clustering algorithm produced the smallest cut size for highly active users in the US dataset, and how much smaller was it compared to the cut size produced by grid partitioning?. GeoCUTS produced the smallest cut size for highly active users in the US dataset, and it was significantly smaller than the cut size produced by grid partitioning."]}, "referred_figures_names": ["1611.03780v2-Table3-1.png"], "answer": "Both GeoCUTS and Linear Embedding produced the smallest cut size for highly active users, with a cut size of 4%. This is 11% smaller than the cut size produced by grid partitioning, which had a cut size of 15%."}, "7": {"question": "Which method performs best for highly active users in the US?", "response": {"1611.03780v2-Table1-1.png": ["Caption: (a) Average and query-weighted average (Query-w. avg) of Q-metric, (b) Percentage of queries from clusters with a Q-metric of at least x%. \u223c 200 clusters were used for the US and \u223c 50 for France. For both highly active and highly mobile graphs, GeoCUTS performs comparably to DMAs and outperforms the baseline grid clustering.. Is the input image and caption helpful to answer the following question. Answer in one word - Yes or No. Question: Which method performs best for highly active users in the US?. 1987634", "Caption: (a) Average and query-weighted average (Query-w. avg) of Q-metric, (b) Percentage of queries from clusters with a Q-metric of at least x%. \u223c 200 clusters were used for the US and \u223c 50 for France. For both highly active and highly mobile graphs, GeoCUTS performs comparably to DMAs and outperforms the baseline grid clustering.. Please provide a brief answer to the following question after looking into the input image and caption. Question: Which method performs best for highly active users in the US?. GeoCUTS"]}, "referred_figures_names": ["1611.03780v2-Table1-1.png"], "answer": "Both GeoCUTS and DMA perform equally well for highly active users in the US."}}