{"0": {"question": "What is the function of the ReOrth Layer in the Projection Block of the Grassmann Network architecture?", "response": {"1611.05742v3-Figure1-1.png": ["Caption: Conceptual illustration of the proposed Grassmann Network (GrNet) architecture. The rectangles in blue represent three basic blocks, i.e., Projection, Pooling and Output blocks, respectively.. Is the input image and caption helpful to answer the following question. Answer in one word - Yes or No. Question: What is the function of the ReOrth Layer in the Projection Block of the Grassmann Network architecture?. 100% correct", "Caption: Conceptual illustration of the proposed Grassmann Network (GrNet) architecture. The rectangles in blue represent three basic blocks, i.e., Projection, Pooling and Output blocks, respectively.. Please provide a brief answer to the following question after looking into the input image and caption. Question: What is the function of the ReOrth Layer in the Projection Block of the Grassmann Network architecture?. ReOrth Layer"]}, "referred_figures_names": ["1611.05742v3-Figure1-1.png"], "answer": "The ReOrth Layer re-orthogonalizes the output of the FRMap Layer."}, "1": {"question": "Which pooling method is the most accurate for the AFEW database?", "response": {"1611.05742v3-Figure2-1.png": ["Caption: (a) Results of using single and multiple FRMap (S-FRMap, M-FRMap), ProjPoolings across or within projections (A-ProjPooling, W-ProjPooling) for the three used databases. (b) (c) Convergence and accuracy curves of SPDNet and the proposed GrNet for the AFEW.. Is the input image and caption helpful to answer the following question. Answer in one word - Yes or No. Question: Which pooling method is the most accurate for the AFEW database?. 10% Accuracy Curve\n25% Squeeze Net Pooler with Residual Layer\n73% Multiplexed Feature Pooled Networks Across Projectors Using Different Spatial Pyram", "Caption: (a) Results of using single and multiple FRMap (S-FRMap, M-FRMap), ProjPoolings across or within projections (A-ProjPooling, W-ProjPooling) for the three used databases. (b) (c) Convergence and accuracy curves of SPDNet and the proposed GrNet for the AFEW.. Please provide a brief answer to the following question after looking into the input image and caption. Question: Which pooling method is the most accurate for the AFEW database?. W-ProjPooling"]}, "referred_figures_names": ["1611.05742v3-Figure2-1.png"], "answer": "W-ProjPooling"}, "2": {"question": "Which method performs best on the PaSC dataset for the handheld testing scenario (PaSC2), and how does its performance compare to other methods?", "response": {"1611.05742v3-Table1-1.png": ["Caption: Table 1: Results for the AFEW, HDM05 and PaSC datasets. PaSC1/PaSC2 are the control/handheld testings.. Is the input image and caption helpful to answer the following question. Answer in one word - Yes or No. Question: Which method performs best on the PaSC dataset for the handheld testing scenario (PaSC2), and how does its performance compare to other methods?. 3D Convolutional Neural Networks with a ResNet-like architecture? It is not possible at this time due to lack of information about these models' results from our experiments using them as baselines against all three tested stateofart algorithms", "Caption: Table 1: Results for the AFEW, HDM05 and PaSC datasets. PaSC1/PaSC2 are the control/handheld testings.. Please provide a brief answer to the following question after looking into the input image and caption. Question: Which method performs best on the PaSC dataset for the handheld testing scenario (PaSC2), and how does its performance compare to other methods?. SVM"]}, "referred_figures_names": ["1611.05742v3-Table1-1.png"], "answer": "The method that performs best on the PaSC dataset for the handheld testing scenario (PaSC2) is SPDNet, with an accuracy of 72.83%. This performance is slightly higher than GrNet-2Blocks (72.76%) and significantly higher than other methods like VGGDeepFace (68.24%) and DeepO2P (60.14%)."}}