{"0": {"question": "Which method performed best according to the P@1 metric for the QA-Expert task, and how much better did it perform compared to the average P@1 score of the D2V method? ", "response": {"1611.04363v2-Table1-1.png": ["Caption: Table 1: Performance comparison of different methods.. Is the input image and caption helpful to answer the following question. Answer in one word - Yes or No. Question: Which method performed best according to the P@1 metric for the QA-Expert task, and how much better did it perform compared to the average P@1 score of the D2V method? . 05689743; 0.0% worse than avg\nYes/No no yes", "Caption: Table 1: Performance comparison of different methods.. Please provide a brief answer to the following question after looking into the input image and caption. Question: Which method performed best according to the P@1 metric for the QA-Expert task, and how much better did it perform compared to the average P@1 score of the D2V method? ."]}, "referred_figures_names": ["1611.04363v2-Table1-1.png"], "answer": "The WeakFG method achieved the highest P@1 score for the QA-Expert task with a score of 52.8. This is 23.2% higher than the average P@1 score of the D2V method, which was 29.6. "}, "1": {"question": "What is the relationship between the decline probability of an expert and whether or not they have a \"friend\" who has already declined?", "response": {"1611.04363v2-Figure1-1.png": ["Caption: Figure 1: Decline probability of an expert conditioned on whether or not the expert has a correlated \u201cfriend\u201d who has already declined on two datasets: QA-Expert and Paper-Reviewer, and our online evaluation of journal reviewer recommendation.. Is the input image and caption helpful to answer the following question. Answer in one word - Yes or No. Question: What is the relationship between the decline probability of an expert and whether or not they have a \"friend\" who has already declined?. 0% (No)\nYes I am interested only if it's yes!", "Caption: Figure 1: Decline probability of an expert conditioned on whether or not the expert has a correlated \u201cfriend\u201d who has already declined on two datasets: QA-Expert and Paper-Reviewer, and our online evaluation of journal reviewer recommendation.. Please provide a brief answer to the following question after looking into the input image and caption. Question: What is the relationship between the decline probability of an expert and whether or not they have a \"friend\" who has already declined?. Correlated"]}, "referred_figures_names": ["1611.04363v2-Figure1-1.png"], "answer": "The decline probability of an expert is higher if they have a \"friend\" who has already declined."}}