{"0": {"question": "What are the main differences between the educational philosophies of the Bonaparte and Voltaire schools?", "response": {"1611.04684v1-Table1-1.png": ["Caption: A difficult example from QA. Is the input image and caption helpful to answer the following question. Answer in one word - Yes or No. Question: What are the main differences between the educational philosophies of the Bonaparte and Voltaire schools?. 1 is a good school for children? yes no unknown not applicable none all three answers apply", "Caption: A difficult example from QA. Please provide a brief answer to the following question after looking into the input image and caption. Question: What are the main differences between the educational philosophies of the Bonaparte and Voltaire schools?. The Bonaparte school believes that children should be taught to be obedient while the Voltaire school believes that children should be taught to think for themselves"]}, "referred_figures_names": ["1611.04684v1-Table1-1.png"], "answer": "The Bonaparte school focuses on outdoor physical activities, maneuvers, and strategies, with a specialization in horse riding, lances, and swords. They aim to develop students into good leaders. The Voltaire school, on the other hand, encourages independent thinking and focuses on indoor activities. They aim to instill good moral values and develop students into philosophical thinkers."}, "1": {"question": "Which model performs the best for response selection, and how can we tell?", "response": {"1611.04684v1-Table4-1.png": ["Caption: Table 4: Evaluation results on response selection. Is the input image and caption helpful to answer the following question. Answer in one word - Yes or No. Question: Which model performs the best for response selection, and how can we tell?. 10% of respondents answered yes with a score range from r2 = .3567 (model A) up through RMSEP=98e-06 using MLP\\_RMS as metric; 90", "Caption: Table 4: Evaluation results on response selection. Please provide a brief answer to the following question after looking into the input image and caption. Question: Which model performs the best for response selection, and how can we tell?."]}, "referred_figures_names": ["1611.04684v1-Table4-1.png"], "answer": "The KEHNN model performs the best for response selection. This is evident because it achieves the highest scores across all metrics (R$2$@1, R${10}$@1, R${10}$@2, and R${10}$@5) compared to all other models in the table."}, "2": {"question": "Which model performs best on the Ubuntu dataset for text lengths between 60 and 90 words?", "response": {"1611.04684v1-Table5-1.png": ["Caption: Accuracy on different length of text. Is the input image and caption helpful to answer the following question. Answer in one word - Yes or No. Question: Which model performs best on the Ubuntu dataset for text lengths between 60 and 90 words?. 128-layer LSTM with a QA layer that uses an attention mechanism based solely upon character embeddings (Lstm\\_Qa)", "Caption: Accuracy on different length of text. Please provide a brief answer to the following question after looking into the input image and caption. Question: Which model performs best on the Ubuntu dataset for text lengths between 60 and 90 words?. LSTM"]}, "referred_figures_names": ["1611.04684v1-Table5-1.png"], "answer": "KEHNN"}, "3": {"question": "What is the role of the knowledge gates in the KEHNN architecture?", "response": {"1611.04684v1-Figure1-1.png": ["Caption: Architecture of KEHNN. Is the input image and caption helpful to answer the following question. Answer in one word - Yes or No. Question: What is the role of the knowledge gates in the KEHNN architecture?. 1024x768", "Caption: Architecture of KEHNN. Please provide a brief answer to the following question after looking into the input image and caption. Question: What is the role of the knowledge gates in the KEHNN architecture?. Knowledge extraction"]}, "referred_figures_names": ["1611.04684v1-Figure1-1.png"], "answer": "The knowledge gates are responsible for selecting relevant information from the knowledge base and incorporating it into the model's hidden state."}, "4": {"question": "How does the average number of answers per question differ between the training and development sets? What might be a possible explanation for this difference?", "response": {"1611.04684v1-Table2-1.png": ["Caption: Table 2: Statistics of the answer selection data set. Is the input image and caption helpful to answer the following question. Answer in one word - Yes or No. Question: How does the average number of answers per question differ between the training and development sets? What might be a possible explanation for this difference?. 106453798, 106453798 are two numbers that appear twice on table below them; what is their relationship with each other ? They have no relation because they're just random values", "Caption: Table 2: Statistics of the answer selection data set. Please provide a brief answer to the following question after looking into the input image and caption. Question: How does the average number of answers per question differ between the training and development sets? What might be a possible explanation for this difference?."]}, "referred_figures_names": ["1611.04684v1-Table2-1.png"], "answer": "The training set has a higher average number of answers per question (6.36) compared to the development set (5.48). This suggests that questions in the training set tend to have more potential answers associated with them than those in the development set."}}