{"0": {"question": "What is the equation that describes the motion of a mass attached to a spring?", "response": {"1612.02803v5-Figure1-1.png": ["Caption: An illustration of the harmonic oscillators: A massive particle connects to a massless spring. (Top) Undamped harmonic oscillator; (Bottom) Damped harmonic oscillator.. Is the input image and caption helpful to answer the following question. Answer in one word - Yes or No. Question: What is the equation that describes the motion of a mass attached to a spring?. 2x + y = k/m \\* sin(theta)/k\nYes, it's correct! The formula for describing an undamaged pendulum swinging at its natural frequency would be x^3 / m * cos", "Caption: An illustration of the harmonic oscillators: A massive particle connects to a massless spring. (Top) Undamped harmonic oscillator; (Bottom) Damped harmonic oscillator.. Please provide a brief answer to the following question after looking into the input image and caption. Question: What is the equation that describes the motion of a mass attached to a spring?. Hooke's Law"]}, "referred_figures_names": ["1612.02803v5-Figure1-1.png"], "answer": "The equation that describes the motion of a mass attached to a spring is:\n```\nm d^2 X / dt^2 + kX = 0\n```\nwhere:\n* m is the mass of the object\n* X is the displacement of the object from its equilibrium position\n* k is the spring constant\n* t is time"}}