{"0": {"question": "How does the shape of the IRLS weight function change as the shape parameter \u03b1 increases?", "response": {"1701.03077v10-Figure7-1.png": ["Caption: Our general loss\u2019s IRLS weight function (left) and \u03a8function (right) for different values of the shape parameter \u03b1.. Is the input image and caption helpful to answer the following question. Answer in one word - Yes or No. Question: How does the shape of the IRLS weight function change as the shape parameter \u03b1 increases?. 10% more complex than previous value but less so with increasing alpha\nNo, it becomes simpler by decreasing alpha's effect on its complexity is not linearly proportional relationship between two variables that are related through a common factor such as an inverse", "Caption: Our general loss\u2019s IRLS weight function (left) and \u03a8function (right) for different values of the shape parameter \u03b1.. Please provide a brief answer to the following question after looking into the input image and caption. Question: How does the shape of the IRLS weight function change as the shape parameter \u03b1 increases?. Smaller"]}, "referred_figures_names": ["1701.03077v10-Figure7-1.png"], "answer": "The IRLS weight function becomes more peaked and concentrated around zero as the shape parameter \u03b1 increases."}, "1": {"question": "How do the reconstructed faces in the \"Mean Reconstruction\" differ from those in the \"Sampled Reconstruction\"?", "response": {"1701.03077v10-Figure12-1.png": ["Caption: As is common practice, the VAE samples shown in this paper are samples from the latent space (left) but not from the final conditional distribution (right). Here we contrast decoded means and samples from VAEs using our different output spaces, all using our general distribution.. Is the input image and caption helpful to answer the following question. Answer in one word - Yes or No. Question: How do the reconstructed faces in the \"Mean Reconstruction\" differ from those in the \"Sampled Reconstruction\"?. 1024x768", "Caption: As is common practice, the VAE samples shown in this paper are samples from the latent space (left) but not from the final conditional distribution (right). Here we contrast decoded means and samples from VAEs using our different output spaces, all using our general distribution.. Please provide a brief answer to the following question after looking into the input image and caption. Question: How do the reconstructed faces in the \"Mean Reconstruction\" differ from those in the \"Sampled Reconstruction\"?. The reconstructed faces in the \"Mean Reconstruction\" are based on the mean of the latent space, while the reconstructed faces in the \"Sampled Reconstruction\" are based on samples from the latent space"]}, "referred_figures_names": ["1701.03077v10-Figure12-1.png"], "answer": "The reconstructed faces in the \"Mean Reconstruction\" are smoother and less detailed than those in the \"Sampled Reconstruction\". This is because the mean reconstruction is based on the average of all the possible reconstructions, while the sampled reconstruction is based on a single sample from the distribution."}, "2": {"question": "How does the performance of the adaptive model compare to the fixed model with different values of \u03b1?", "response": {"1701.03077v10-Figure9-1.png": ["Caption: Figure 9. Here we compare the validation set ELBO of our adaptive \u201cWavelets + YUV\u201d VAE model with the ELBO achieved when setting all wavelet coefficients to have the same fixed shape parameter \u03b1. We see that allowing our distribution to individually adapt its shape parameter to each coefficient outperforms any single fixed shape parameter.. Is the input image and caption helpful to answer the following question. Answer in one word - Yes or No. Question: How does the performance of the adaptive model compare to the fixed model with different values of \u03b1?. 108467253-cbaaaeeaaeddcdbddfebbbaddeeeabbdccdcacbcabc", "Caption: Figure 9. Here we compare the validation set ELBO of our adaptive \u201cWavelets + YUV\u201d VAE model with the ELBO achieved when setting all wavelet coefficients to have the same fixed shape parameter \u03b1. We see that allowing our distribution to individually adapt its shape parameter to each coefficient outperforms any single fixed shape parameter.. Please provide a brief answer to the following question after looking into the input image and caption. Question: How does the performance of the adaptive model compare to the fixed model with different values of \u03b1?. The adaptive model outperforms the fixed model with different values of \u03b1."]}, "referred_figures_names": ["1701.03077v10-Figure9-1.png"], "answer": "The adaptive model consistently outperforms the fixed model for all values of \u03b1."}, "3": {"question": "On which dataset did the gRCC* algorithm achieve the largest relative improvement over the RCC algorithm, and by approximately how much did it improve?", "response": {"1701.03077v10-Table4-1.png": ["Caption: Table 4. Results on the clustering task of [32] where we compare their \u201cRCC\u201d algorithm to our \u201cgRCC*\u201d generalization in terms of AMI on several datasets. We also report the AMI increase of \u201cgRCC*\u201d with respect to \u201cRCC\u201d. Baselines are taken from [32].. Is the input image and caption helpful to answer the following question. Answer in one word - Yes or No. Question: On which dataset did the gRCC* algorithm achieve the largest relative improvement over the RCC algorithm, and by approximately how much did it improve?. 10%\nNo", "Caption: Table 4. Results on the clustering task of [32] where we compare their \u201cRCC\u201d algorithm to our \u201cgRCC*\u201d generalization in terms of AMI on several datasets. We also report the AMI increase of \u201cgRCC*\u201d with respect to \u201cRCC\u201d. Baselines are taken from [32].. Please provide a brief answer to the following question after looking into the input image and caption. Question: On which dataset did the gRCC* algorithm achieve the largest relative improvement over the RCC algorithm, and by approximately how much did it improve?. Datasets 10, 11, 12, 13, 14, 15, 16, 17, 18, 19, 20, 21, 22, 23, 24, 25, 26, 27, 28, 29, 30, 31, 32, 33, 34, 35, 36, 37, 38, 39, 40, 41, 42, 43, 44, 45, 46, 47, 48, 49, 50, 51, 52, 53, 54, 55, 56, 57, 58, 59, 60, 61, 62, 63, 64, 65, 66, 67, 68, 69, 70, 71, 72,"]}, "referred_figures_names": ["1701.03077v10-Table4-1.png"], "answer": "The gRCC* algorithm achieved the largest relative improvement over the RCC algorithm on the YTF dataset, with a relative improvement of approximately 31.9%."}, "4": {"question": "What is the relationship between the shape parameter \u03b1 and the shape of the loss function?", "response": {"1701.03077v10-Figure1-1.png": ["Caption: Our general loss function (left) and its gradient (right) for different values of its shape parameter \u03b1. Several values of \u03b1 reproduce existing loss functions: L2 loss (\u03b1 = 2), Charbonnier loss (\u03b1 = 1), Cauchy loss (\u03b1 = 0), Geman-McClure loss (\u03b1 = \u22122), and Welsch loss (\u03b1 = \u2212\u221e).. Is the input image and caption helpful to answer the following question. Answer in one word - Yes or No. Question: What is the relationship between the shape parameter \u03b1 and the shape of the loss function?. 3/4", "Caption: Our general loss function (left) and its gradient (right) for different values of its shape parameter \u03b1. Several values of \u03b1 reproduce existing loss functions: L2 loss (\u03b1 = 2), Charbonnier loss (\u03b1 = 1), Cauchy loss (\u03b1 = 0), Geman-McClure loss (\u03b1 = \u22122), and Welsch loss (\u03b1 = \u2212\u221e).. Please provide a brief answer to the following question after looking into the input image and caption. Question: What is the relationship between the shape parameter \u03b1 and the shape of the loss function?. inverse relationship"]}, "referred_figures_names": ["1701.03077v10-Figure1-1.png"], "answer": "The shape parameter \u03b1 controls the shape of the loss function. As \u03b1 increases, the loss function becomes more peaked, and as \u03b1 decreases, the loss function becomes more flat."}, "5": {"question": "What is the effect of replacing the loss function in the \"Baseline\" network with the \"adaptive\" loss over wavelet coefficients?", "response": {"1701.03077v10-Figure4-1.png": ["Caption: Monocular depth estimation results on the KITTI benchmark using the \u201cBaseline\u201d network of [42]. Replacing only the network\u2019s loss function with our \u201cadaptive\u201d loss over wavelet coefficients results in significantly improved depth estimates.. Is the input image and caption helpful to answer the following question. Answer in one word - Yes or No. Question: What is the effect of replacing the loss function in the \"Baseline\" network with the \"adaptive\" loss over wavelet coefficients?. 10% better accuracy for mono-cameral systems, such as those used by Google's self driving cars\nYes! The correct answers are yes (9/3) no (-5/-6).", "Caption: Monocular depth estimation results on the KITTI benchmark using the \u201cBaseline\u201d network of [42]. Replacing only the network\u2019s loss function with our \u201cadaptive\u201d loss over wavelet coefficients results in significantly improved depth estimates.. Please provide a brief answer to the following question after looking into the input image and caption. Question: What is the effect of replacing the loss function in the \"Baseline\" network with the \"adaptive\" loss over wavelet coefficients?. Improved depth estimation"]}, "referred_figures_names": ["1701.03077v10-Figure4-1.png"], "answer": "Replacing the loss function in the \"Baseline\" network with the \"adaptive\" loss over wavelet coefficients results in significantly improved depth estimates."}, "6": {"question": "Which method for setting the shape parameter of the proposed loss function achieved the best performance in terms of average error? How much improvement did it offer compared to the reproduced baseline?", "response": {"1701.03077v10-Table2-1.png": ["Caption: Table 2. Results on unsupervised monocular depth estimation using the KITTI dataset [13], building upon the model from [42] (\u201cBaseline\u201d). By replacing the per-pixel loss used by [42] with several variants of our own per-wavelet general loss function in which our loss\u2019s shape parameters are fixed, annealed, or adaptive, we see a significant performance improvement. The top three techniques are colored red, orange, and yellow for each metric.. Is the input image and caption helpful to answer the following question. Answer in one word - Yes or No. Question: Which method for setting the shape parameter of the proposed loss function achieved the best performance in terms of average error? How much improvement did it offer compared to the reproduced baseline?. 098% better than Baselines | +56mm RMS Error", "Caption: Table 2. Results on unsupervised monocular depth estimation using the KITTI dataset [13], building upon the model from [42] (\u201cBaseline\u201d). By replacing the per-pixel loss used by [42] with several variants of our own per-wavelet general loss function in which our loss\u2019s shape parameters are fixed, annealed, or adaptive, we see a significant performance improvement. The top three techniques are colored red, orange, and yellow for each metric.. Please provide a brief answer to the following question after looking into the input image and caption. Question: Which method for setting the shape parameter of the proposed loss function achieved the best performance in terms of average error? How much improvement did it offer compared to the reproduced baseline?. The method that achieved the best performance in terms of average error is the \"Adaptive\" variant of the per-wavelet general loss function."]}, "referred_figures_names": ["1701.03077v10-Table2-1.png"], "answer": "The \"adaptive $\\power \\in (0, 2)$\" strategy, where each wavelet coefficient has its own shape parameter that is optimized during training, achieved the best performance in terms of average error. It reduced the average error by approximately 17% compared to the reproduced baseline."}, "7": {"question": "Why did the authors choose to use a nonlinearity to curve \u03b1 before fitting the cubic hermite spline?", "response": {"1701.03077v10-Figure8-1.png": ["Caption: Because our distribution\u2019s log partition function log(Z (\u03b1)) is difficult to evaluate for arbitrary inputs, we approximate it using cubic hermite spline interpolation in a transformed space: first we curve \u03b1 by a continuously differentiable nonlinearity that increases knot density near \u03b1 = 2 and decreases knot density when \u03b1 > 4 (top) and then we fit an evenly-sampled cubic hermite spline in that curved space (bottom). The dots shown in the bottom plot are a subset of the knots used by our cubic spline, and are presented here to demonstrate how this approach allocates spline knots with respect to \u03b1.. Is the input image and caption helpful to answer the following question. Answer in one word - Yes or No. Question: Why did the authors choose to use a nonlinearity to curve \u03b1 before fitting the cubic hermite spline?. 1985", "Caption: Because our distribution\u2019s log partition function log(Z (\u03b1)) is difficult to evaluate for arbitrary inputs, we approximate it using cubic hermite spline interpolation in a transformed space: first we curve \u03b1 by a continuously differentiable nonlinearity that increases knot density near \u03b1 = 2 and decreases knot density when \u03b1 > 4 (top) and then we fit an evenly-sampled cubic hermite spline in that curved space (bottom). The dots shown in the bottom plot are a subset of the knots used by our cubic spline, and are presented here to demonstrate how this approach allocates spline knots with respect to \u03b1.. Please provide a brief answer to the following question after looking into the input image and caption. Question: Why did the authors choose to use a nonlinearity to curve \u03b1 before fitting the cubic hermite spline?."]}, "referred_figures_names": ["1701.03077v10-Figure8-1.png"], "answer": "The authors chose to use a nonlinearity to curve \u03b1 before fitting the cubic hermite spline because it allows for increased knot density near \u03b1 = 2 and decreased knot density when \u03b1 > 4. This helps to better approximate the log partition function, which is difficult to evaluate for arbitrary inputs."}, "8": {"question": "What is the range of values for the shape parameter \u03b1?", "response": {"1701.03077v10-Figure13-1.png": ["Caption: The final shape parameters \u03b1 for our unsupervised monocular depth estimation model trained on KITTI data. The parameters are visualized in the same \u201cYUV + Wavelet\u201d output space as was used during training, where black is \u03b1 = 0 and white is \u03b1 = 2.. Is the input image and caption helpful to answer the following question. Answer in one word - Yes or No. Question: What is the range of values for the shape parameter \u03b1?. 1-3598476\nYes", "Caption: The final shape parameters \u03b1 for our unsupervised monocular depth estimation model trained on KITTI data. The parameters are visualized in the same \u201cYUV + Wavelet\u201d output space as was used during training, where black is \u03b1 = 0 and white is \u03b1 = 2.. Please provide a brief answer to the following question after looking into the input image and caption. Question: What is the range of values for the shape parameter \u03b1?. 0 to 2"]}, "referred_figures_names": ["1701.03077v10-Figure13-1.png"], "answer": "The range of values for the shape parameter \u03b1 is from 0 to 2."}, "9": {"question": "How does the performance of gFGR change as the shape parameter \u03b1 increases?", "response": {"1701.03077v10-Figure5-1.png": ["Caption: Performance (lower is better) of our gFGR algorithm on the task of [41] as we vary our shape parameter \u03b1, with the lowest-error point indicated by a circle. FGR (equivalent to gFGR with \u03b1 = \u22122) is shown as a dashed line and a square, and shapeannealed gFGR for each noise level is shown as a dotted line.. Is the input image and caption helpful to answer the following question. Answer in one word - Yes or No. Question: How does the performance of gFGR change as the shape parameter \u03b1 increases?. 0% chance it improves\nNo way possible that this could happen based upon current information provided within contextual framework given at time frame when data was collected from experimenters who have conducted such tests using these algorithms over many years nowadays; however", "Caption: Performance (lower is better) of our gFGR algorithm on the task of [41] as we vary our shape parameter \u03b1, with the lowest-error point indicated by a circle. FGR (equivalent to gFGR with \u03b1 = \u22122) is shown as a dashed line and a square, and shapeannealed gFGR for each noise level is shown as a dotted line.. Please provide a brief answer to the following question after looking into the input image and caption. Question: How does the performance of gFGR change as the shape parameter \u03b1 increases?. The performance of gFGR decreases as the shape parameter \u03b1 increases."]}, "referred_figures_names": ["1701.03077v10-Figure5-1.png"], "answer": "The performance of gFGR generally improves as the shape parameter \u03b1 increases."}, "10": {"question": "Which image representation results in the sharpest and highest-quality samples?", "response": {"1701.03077v10-Figure3-1.png": ["Caption: Random samples from our variational autoencoders. We use either normal, Cauchy, Student\u2019s t, or our general distributions (columns) to model the coefficients of three different image representations (rows). Because our distribution can adaptively interpolate between Cauchy-like or normal-like behavior for each coefficient individually, using it results in sharper and higher-quality samples (particularly when using DCT or wavelet representations) and does a better job of capturing low-frequency image content than Student\u2019s t-distribution.. Is the input image and caption helpful to answer the following question. Answer in one word - Yes or No. Question: Which image representation results in the sharpest and highest-quality samples?. \u200bYes! The correct option is \"normal\". This statement describes how an algorithm called Variation AutoEncoder uses Normal Distribution as its output instead of other options like Gaussian Mixture Modeling which would result into lower quality images with less detail compared to", "Caption: Random samples from our variational autoencoders. We use either normal, Cauchy, Student\u2019s t, or our general distributions (columns) to model the coefficients of three different image representations (rows). Because our distribution can adaptively interpolate between Cauchy-like or normal-like behavior for each coefficient individually, using it results in sharper and higher-quality samples (particularly when using DCT or wavelet representations) and does a better job of capturing low-frequency image content than Student\u2019s t-distribution.. Please provide a brief answer to the following question after looking into the input image and caption. Question: Which image representation results in the sharpest and highest-quality samples?. The one that uses DCT or wavelet representations."]}, "referred_figures_names": ["1701.03077v10-Figure3-1.png"], "answer": "DCT and wavelet representations."}, "11": {"question": "Which dataset shows the greatest sensitivity to the choice of $\\power$?", "response": {"1701.03077v10-Figure6-1.png": ["Caption: Figure 6. Performance (higher is better) of our gRCC algorithm on the clustering task of [32], for different values of our shape parameter \u03b1, with the highest-accuracy point indicated by a dot. Because the baseline RCC algorithm is equivalent to gRCC with \u03b1 = \u22122, we highlight that \u03b1 value with a dashed line and a square.. Is the input image and caption helpful to answer the following question. Answer in one word - Yes or No. Question: Which dataset shows the greatest sensitivity to the choice of $\\power$?. 1085794\nYes", "Caption: Figure 6. Performance (higher is better) of our gRCC algorithm on the clustering task of [32], for different values of our shape parameter \u03b1, with the highest-accuracy point indicated by a dot. Because the baseline RCC algorithm is equivalent to gRCC with \u03b1 = \u22122, we highlight that \u03b1 value with a dashed line and a square.. Please provide a brief answer to the following question after looking into the input image and caption. Question: Which dataset shows the greatest sensitivity to the choice of $\\power$?. MNIST"]}, "referred_figures_names": ["1701.03077v10-Figure6-1.png"], "answer": "RCV1"}, "12": {"question": "How does the shape of the negative log-likelihood (NLL) and probability density functions change as the value of \u03b1 increases?", "response": {"1701.03077v10-Figure2-1.png": ["Caption: The negative log-likelihoods (left) and probability densities (right) of the distribution corresponding to our loss function when it is defined (\u03b1 \u2265 0). NLLs are simply losses (Fig. 1) shifted by a log partition function. Densities are bounded by a scaled Cauchy distribution.. Is the input image and caption helpful to answer the following question. Answer in one word - Yes or No. Question: How does the shape of the negative log-likelihood (NLL) and probability density functions change as the value of \u03b1 increases?. \u200bNo, they remain constant for all values within their range\nYes", "Caption: The negative log-likelihoods (left) and probability densities (right) of the distribution corresponding to our loss function when it is defined (\u03b1 \u2265 0). NLLs are simply losses (Fig. 1) shifted by a log partition function. Densities are bounded by a scaled Cauchy distribution.. Please provide a brief answer to the following question after looking into the input image and caption. Question: How does the shape of the negative log-likelihood (NLL) and probability density functions change as the value of \u03b1 increases?. The negative log-likelihoods (left) and probability densities (right) of the distribution corresponding to our loss function when it is defined (\u03b1 \u2265 0)."]}, "referred_figures_names": ["1701.03077v10-Figure2-1.png"], "answer": " As the value of \u03b1 increases, the NLL functions become more peaked and the probability density functions become more concentrated around the mean."}, "13": {"question": "How do the results of the baseline and the proposed method compare in terms of accuracy?", "response": {"1701.03077v10-Figure17-1.png": ["Caption: Additional monocular depth estimation results, in the same format as Figure 16.. Is the input image and caption helpful to answer the following question. Answer in one word - Yes or No. Question: How do the results of the baseline and the proposed method compare in terms of accuracy?. 08275934-crop_image.jpg", "Caption: Additional monocular depth estimation results, in the same format as Figure 16.. Please provide a brief answer to the following question after looking into the input image and caption. Question: How do the results of the baseline and the proposed method compare in terms of accuracy?. Accurate"]}, "referred_figures_names": ["1701.03077v10-Figure17-1.png"], "answer": "The proposed method appears to be more accurate than the baseline method. The depth maps generated by the proposed method are more detailed and realistic than those generated by the baseline method."}, "14": {"question": "How does the choice of distribution affect the quality of the reconstructions?", "response": {"1701.03077v10-Figure15-1.png": ["Caption: Reconstructions from our family of trained variational autoencoders, in which we use one of three different image representations for modeling images (super-columns) and use either normal, Cauchy, Student\u2019s t, or our general distributions for modeling the coefficients of each representation (sub-columns). The leftmost column shows the images which are used as input to each autoencoder. Reconstructions from models using general distributions tend to be sharper and more detailed than reconstructions from the corresponding model that uses normal distributions, particularly for the DCT or wavelet representations, though this difference is less pronounced than what is seen when comparing samples from these models. The DCT and wavelet models trained with Cauchy distributions or Student\u2019s t-distributions systematically fail to preserve the background of the input image, as was noted when observing samples from these distributions.. Is the input image and caption helpful to answer the following question. Answer in one word - Yes or No. Question: How does the choice of distribution affect the quality of the reconstructions?. \u200bYes\n```", "Caption: Reconstructions from our family of trained variational autoencoders, in which we use one of three different image representations for modeling images (super-columns) and use either normal, Cauchy, Student\u2019s t, or our general distributions for modeling the coefficients of each representation (sub-columns). The leftmost column shows the images which are used as input to each autoencoder. Reconstructions from models using general distributions tend to be sharper and more detailed than reconstructions from the corresponding model that uses normal distributions, particularly for the DCT or wavelet representations, though this difference is less pronounced than what is seen when comparing samples from these models. The DCT and wavelet models trained with Cauchy distributions or Student\u2019s t-distributions systematically fail to preserve the background of the input image, as was noted when observing samples from these distributions.. Please provide a brief answer to the following question after looking into the input image and caption. Question: How does the choice of distribution affect the quality of the reconstructions?."]}, "referred_figures_names": ["1701.03077v10-Figure15-1.png"], "answer": "Reconstructions from models using general distributions tend to be sharper and more detailed than reconstructions from the corresponding model that uses normal distributions."}}