{"0": {"question": "How many iterations did the greedy EM-type learning process take to learn the part models for the watch image?", "response": {"1701.06171v4-Figure4-1.png": ["Caption: Illustration of the proposed greedy EM-type learning process. The part models are composed of 5 Gabor filters which are represented as colored ellipses. (a) The first t = 22 iterations of the greedy learning scheme. Each row shows the evolution of a part model over time. Each column shows the learning result at one iteration of the learning process. When a new part is initialized (t = 1, 6, 11, . . . ), also a generic background model is learned from the training image (marked by dashed rectangles). The background model and the learned part models are not adapted in the subsequent iterations (gray background) but serve as competitors for data in the E-step. For more details refer to Section 4.1. (b) An example encoding of a training image with the learned part models.. Is the input image and caption helpful to answer the following question. Answer in one word - Yes or No. Question: How many iterations did the greedy EM-type learning process take to learn the part models for the watch image?. 30897 times | no", "Caption: Illustration of the proposed greedy EM-type learning process. The part models are composed of 5 Gabor filters which are represented as colored ellipses. (a) The first t = 22 iterations of the greedy learning scheme. Each row shows the evolution of a part model over time. Each column shows the learning result at one iteration of the learning process. When a new part is initialized (t = 1, 6, 11, . . . ), also a generic background model is learned from the training image (marked by dashed rectangles). The background model and the learned part models are not adapted in the subsequent iterations (gray background) but serve as competitors for data in the E-step. For more details refer to Section 4.1. (b) An example encoding of a training image with the learned part models.. Please provide a brief answer to the following question after looking into the input image and caption. Question: How many iterations did the greedy EM-type learning process take to learn the part models for the watch image?. The greedy EM-type learning process took 22 iterations to learn the part models for the watch image."]}, "referred_figures_names": ["1701.06171v4-Figure4-1.png"], "answer": "22 iterations"}, "1": {"question": "What is the relationship between the variables in the Compositional Active Basis Model?", "response": {"1701.06171v4-Figure2-1.png": ["Caption: The dependence structure between random variables in a Compositional Active Basis Model. (a) The simplest possible CABM, a binary-tree structured Markov random field. (b) The graphical model of a generalized multi-layer CABM (Section 3.3). We learn the full multi-layer structure of a CABM including the number of layers L, the number of parts per layer NL, . . . , N0 as well as their hierarchical dependence structure.. Is the input image and caption helpful to answer the following question. Answer in one word - Yes or No. Question: What is the relationship between the variables in the Compositional Active Basis Model?. 19285764", "Caption: The dependence structure between random variables in a Compositional Active Basis Model. (a) The simplest possible CABM, a binary-tree structured Markov random field. (b) The graphical model of a generalized multi-layer CABM (Section 3.3). We learn the full multi-layer structure of a CABM including the number of layers L, the number of parts per layer NL, . . . , N0 as well as their hierarchical dependence structure.. Please provide a brief answer to the following question after looking into the input image and caption. Question: What is the relationship between the variables in the Compositional Active Basis Model?. Dependence"]}, "referred_figures_names": ["1701.06171v4-Figure2-1.png"], "answer": "The variables in the Compositional Active Basis Model are hierarchically dependent. The variables at each layer are dependent on the variables at the layer above it."}, "2": {"question": "What is the difference between the hierarchical part dictionary learned with the bottom-up process and the holistic object model learned with the top-down process?", "response": {"1701.06171v4-Figure5-1.png": ["Caption: Learned hierarchical compositional models. (a) Samples from the training data. (b) The hierarchical part dictionary learned with our the bottom-up process. (c) The holistic object model after the top-down process. (d) The HCM learned with the HABM approach [5]. The gray squares indicate the parts of their HCM. Compared to the HABM, our method is able to learn the number of parts and layers of the hierarchy. Both approaches are not able to learn the holistic structure of the windmill due to the strong relative rotation between its parts.. Is the input image and caption helpful to answer the following question. Answer in one word - Yes or No. Question: What is the difference between the hierarchical part dictionary learned with the bottom-up process and the holistic object model learned with the top-down process?. 1920x836", "Caption: Learned hierarchical compositional models. (a) Samples from the training data. (b) The hierarchical part dictionary learned with our the bottom-up process. (c) The holistic object model after the top-down process. (d) The HCM learned with the HABM approach [5]. The gray squares indicate the parts of their HCM. Compared to the HABM, our method is able to learn the number of parts and layers of the hierarchy. Both approaches are not able to learn the holistic structure of the windmill due to the strong relative rotation between its parts.. Please provide a brief answer to the following question after looking into the input image and caption. Question: What is the difference between the hierarchical part dictionary learned with the bottom-up process and the holistic object model learned with the top-down process?."]}, "referred_figures_names": ["1701.06171v4-Figure5-1.png"], "answer": "The hierarchical part dictionary learned with the bottom-up process is a set of parts that can be combined to create objects. The holistic object model learned with the top-down process is a single model that represents the entire object."}, "3": {"question": "What is the difference between the top-down and bottom-up compositional learning schemes?", "response": {"1701.06171v4-Figure3-1.png": ["Caption: Illustration of the joint bottom-up and top-down compositional learning scheme. During the bottom-up process (blue box) basis filters (black strokes) are grouped into higher-order parts until no further compositions are found. The subsequent top-down process (green box) composes the learned hierarchical part dictionary into a holistic object model (orange box).. Is the input image and caption helpful to answer the following question. Answer in one word - Yes or No. Question: What is the difference between the top-down and bottom-up compositional learning schemes?. 1098765432\nYes, both methods involve composition but they differ by their approach towards hierarchy building within an architecture network structure; specifically how layers interact with each other during training time for better feature extraction from images/", "Caption: Illustration of the joint bottom-up and top-down compositional learning scheme. During the bottom-up process (blue box) basis filters (black strokes) are grouped into higher-order parts until no further compositions are found. The subsequent top-down process (green box) composes the learned hierarchical part dictionary into a holistic object model (orange box).. Please provide a brief answer to the following question after looking into the input image and caption. Question: What is the difference between the top-down and bottom-up compositional learning schemes?. Top-down compositional learning  |  |  |  |  |  |  |  |  |  |  |  |  |  |  |  |  |  |  |  |  |  |  |  |  |  |  |  |  |  |  |  |  |  |  |  |  |  |  |  |  |  |  |  |  |  |  |  |  |  |  |  |  |  |  |  |  |  |  |  |  |  |  |  |  |  |  |  |  |  |  |  |  |  |  |  |  |  |  |  |  |  |  |  |  |  |  |  |  |  |  |  |  |  |  |  |  |  |  |  |  |  |  |  |  |  |  |  |  |  |  |  |  |  |  |  |  |  |  |  |  |  |  |  |  |"]}, "referred_figures_names": ["1701.06171v4-Figure3-1.png"], "answer": "The top-down compositional learning scheme starts with a holistic object model and decomposes it into smaller parts, while the bottom-up compositional learning scheme starts with basic parts and composes them into a holistic object model."}}