{"0": {"question": "How does the observed error compare to the underlying true error as CPU time increases?", "response": {"1702.03584v3-Figure1-1.png": ["Caption: Figure 1: Two error rates as a function of CPU time on UCR Non-Invasive Fetal ECG Thorax1 dataset. Is the input image and caption helpful to answer the following question. Answer in one word - Yes or No. Question: How does the observed error compare to the underlying true error as CPU time increases?. 0% Error rate is not changing with increasing cpu Time, while Observed errors are decreasing at an exponential Rate (red line) that matches the expected decrease for True errors under this model(blue Line). The blue curve represents what would", "Caption: Figure 1: Two error rates as a function of CPU time on UCR Non-Invasive Fetal ECG Thorax1 dataset. Please provide a brief answer to the following question after looking into the input image and caption. Question: How does the observed error compare to the underlying true error as CPU time increases?. Observed error is higher than the underlying true error."]}, "referred_figures_names": ["1702.03584v3-Figure1-1.png"], "answer": "The observed error is initially higher than the underlying true error, but it quickly decreases and converges to the true error as CPU time increases."}, "1": {"question": "How does the performance of SPIRAL-DTW-kMeans compare to k-Shape and CLDS?", "response": {"1702.03584v3-Figure2-1.png": ["Caption: Comparison of our method with existing clustering algorithms over all the 85 UCR time series datasets. Top two: comparison between our method SPIRAL-DTW-kMeans with two state-of-the-art methods k-Shape, and CLDS. Bottom two: comparisons between MSM based methods, our method SPIRAL-MSM-kMeans with Laplace-MSM-kMeans and kMedoids-MSM. Circles below the diagonal indicate datasets over which our method yields better clustering performance in terms of NMI.. Is the input image and caption helpful to answer the following question. Answer in one word - Yes or No. Question: How does the performance of SPIRAL-DTW-kMeans compare to k-Shape and CLDS?. 10%\nYes | No  247693 views", "Caption: Comparison of our method with existing clustering algorithms over all the 85 UCR time series datasets. Top two: comparison between our method SPIRAL-DTW-kMeans with two state-of-the-art methods k-Shape, and CLDS. Bottom two: comparisons between MSM based methods, our method SPIRAL-MSM-kMeans with Laplace-MSM-kMeans and kMedoids-MSM. Circles below the diagonal indicate datasets over which our method yields better clustering performance in terms of NMI.. Please provide a brief answer to the following question after looking into the input image and caption. Question: How does the performance of SPIRAL-DTW-kMeans compare to k-Shape and CLDS?. Better than CLDS. Better than k-Shape. Same as CLDS. Worse than CLDS. Worse than k-Shape"]}, "referred_figures_names": ["1702.03584v3-Figure2-1.png"], "answer": "SPIRAL-DTW-kMeans performs better than k-Shape and CLDS on most datasets."}, "2": {"question": "Which method performs the best in terms of NMI and what percentage of datasets does it outperform the other methods on?", "response": {"1702.03584v3-Table1-1.png": ["Caption: The overall clustering performance of all the proposed and baseline methods. The notation < denotes the number (percentage in parenthesis) of datasets over which the baseline methods perform worse than our method SPIRAL-MSM-kMeans.. Is the input image and caption helpful to answer the following question. Answer in one word - Yes or No. Question: Which method performs the best in terms of NMI and what percentage of datasets does it outperform the other methods on?. 10%\nYes, I think so yes! It is not possible for a single person with just two hands alone without any additional tools like screwdriver set kit etc., but you can use your feet as well if needed while working under", "Caption: The overall clustering performance of all the proposed and baseline methods. The notation < denotes the number (percentage in parenthesis) of datasets over which the baseline methods perform worse than our method SPIRAL-MSM-kMeans.. Please provide a brief answer to the following question after looking into the input image and caption. Question: Which method performs the best in terms of NMI and what percentage of datasets does it outperform the other methods on?. SPIRAL-MSM-kMeans"]}, "referred_figures_names": ["1702.03584v3-Table1-1.png"], "answer": "The SPIRAL-MSM-kMeans method performs the best in terms of NMI with a score of 0.365. It outperforms the other methods on 89.4% of the datasets."}}