{"0": {"question": "Which method, C-Tarone or Binarization, achieves higher precision when the number of features is small and the number of data points is large?", "response": {"1702.08694v3-Figure5-1.png": ["Caption: Figure 5: Results on synthetic data with the minor class ratio r1 = 0.2. The number of features is d = 20 in the left column and the sample size is N = 3,000 in the right column. Both x- and y-axes are in logarithmic scale. C-Tarone is shown in red circles, the binarization approach in blue triangles. Missing points in (b) mean that no significant combination is detected.. Is the input image and caption helpful to answer the following question. Answer in one word - Yes or No. Question: Which method, C-Tarone or Binarization, achieves higher precision when the number of features is small and the number of data points is large?. \u200bYes\nBinatilizatiuon does not achieve a better result than Tarone's algorithm for this specific scenario where there were only two classes present among three hundred thousand samples each having twenty four feature values respectively; both methods have", "Caption: Figure 5: Results on synthetic data with the minor class ratio r1 = 0.2. The number of features is d = 20 in the left column and the sample size is N = 3,000 in the right column. Both x- and y-axes are in logarithmic scale. C-Tarone is shown in red circles, the binarization approach in blue triangles. Missing points in (b) mean that no significant combination is detected.. Please provide a brief answer to the following question after looking into the input image and caption. Question: Which method, C-Tarone or Binarization, achieves higher precision when the number of features is small and the number of data points is large?. C-Tarone"]}, "referred_figures_names": ["1702.08694v3-Figure5-1.png"], "answer": "C-Tarone."}, "1": {"question": "How does the C-Tarone method compare to the binarization method in terms of precision, recall, F-measure, and running time?", "response": {"1702.08694v3-Figure3-1.png": ["Caption: Figure 3: Results on real data. Regarding the scale of precision and F-measure, see the comment at the last paragraph just before Section 3. The y-axis is in logarithmic scale. C-Tarone is shown in red and the binarization approach is shown in blue. Higher (taller) is better in precision, recall, and F-measure, while lower is better in running time.. Is the input image and caption helpful to answer the following question. Answer in one word - Yes or No. Question: How does the C-Tarone method compare to the binarization method in terms of precision, recall, F-measure, and running time?. 1024x768\nYes", "Caption: Figure 3: Results on real data. Regarding the scale of precision and F-measure, see the comment at the last paragraph just before Section 3. The y-axis is in logarithmic scale. C-Tarone is shown in red and the binarization approach is shown in blue. Higher (taller) is better in precision, recall, and F-measure, while lower is better in running time.. Please provide a brief answer to the following question after looking into the input image and caption. Question: How does the C-Tarone method compare to the binarization method in terms of precision, recall, F-measure, and running time?. Lower is better in precision, recall, and F-measure, while higher is better in running time."]}, "referred_figures_names": ["1702.08694v3-Figure3-1.png"], "answer": "The C-Tarone method has higher precision and F-measure than the binarization method in all datasets. The C-Tarone method has better or competitive recall than the binarization method. The running time of the C-Tarone method is competitive with the binarization method."}, "2": {"question": "For a fixed value of $b$, how does the maximum achievable KL divergence and the corresponding minimum achievable p-value change with increasing values of $a$?", "response": {"1702.08694v3-Figure4-1.png": ["Caption: Figure 4: The upper bound B(a, b) of the KL divergence (left) and the corresponding p-value (right) with N = 100 with respect to changes in a when b = 0.3.. Is the input image and caption helpful to answer the following question. Answer in one word - Yes or No. Question: For a fixed value of $b$, how does the maximum achievable KL divergence and the corresponding minimum achievable p-value change with increasing values of $a$?. \u2191\nNo | yes", "Caption: Figure 4: The upper bound B(a, b) of the KL divergence (left) and the corresponding p-value (right) with N = 100 with respect to changes in a when b = 0.3.. Please provide a brief answer to the following question after looking into the input image and caption. Question: For a fixed value of $b$, how does the maximum achievable KL divergence and the corresponding minimum achievable p-value change with increasing values of $a$?. Increasing values of a decrease the maximum achievable KL divergence and increase the minimum achievable p-value."]}, "referred_figures_names": ["1702.08694v3-Figure4-1.png"], "answer": "The maximum achievable KL divergence initially increases with increasing values of $a$ until it reaches a peak. Then, it decreases with increasing values of $a$. The minimum achievable p-value initially decreases with increasing values of $a$ until it reaches a minimum. Then, it increases with increasing values of $a$."}, "3": {"question": "Which dataset would likely require the most computational resources for C-Tarone to analyze?", "response": {"1702.08694v3-Table2-1.png": ["Caption: Table 2: Statistics of real data.. Is the input image and caption helpful to answer the following question. Answer in one word - Yes or No. Question: Which dataset would likely require the most computational resources for C-Tarone to analyze?. 100kfails", "Caption: Table 2: Statistics of real data.. Please provide a brief answer to the following question after looking into the input image and caption. Question: Which dataset would likely require the most computational resources for C-Tarone to analyze?."]}, "referred_figures_names": ["1702.08694v3-Table2-1.png"], "answer": "The \"wdbc\" dataset would likely require the most computational resources for C-Tarone to analyze."}}