{"0": {"question": "What is the relationship between the true market state qt and the noisy version q\u0302t at time t?", "response": {"1703.00899v2-Figure1-1.png": ["Caption: Picturing the continual observation technique for preserving privacy [7, 10]. Each dqt is a trade. The true market state at t is qt = \u2211t j=1 dq j and the goal is to release a noisy version q\u0302t Each arrow originates at t, points backwards to s(t), and is labeled with independent Laplace noise vector zt. Now q\u0302t = qt + zt + zs(t) + zs(s(t)) + \u00b7 \u00b7 \u00b7 . In other words, the noise added at t is a sum of noises obtained by following the arrows all the way back to 0. There are two key properties: Each t has only log T arrows passing above it, and each path backwards takes only log T jumps.. Is the input image and caption helpful to answer the following question. Answer in one word - Yes or No. Question: What is the relationship between the true market state qt and the noisy version q\u0302t at time t?. \u200b", "Caption: Picturing the continual observation technique for preserving privacy [7, 10]. Each dqt is a trade. The true market state at t is qt = \u2211t j=1 dq j and the goal is to release a noisy version q\u0302t Each arrow originates at t, points backwards to s(t), and is labeled with independent Laplace noise vector zt. Now q\u0302t = qt + zt + zs(t) + zs(s(t)) + \u00b7 \u00b7 \u00b7 . In other words, the noise added at t is a sum of noises obtained by following the arrows all the way back to 0. There are two key properties: Each t has only log T arrows passing above it, and each path backwards takes only log T jumps.. Please provide a brief answer to the following question after looking into the input image and caption. Question: What is the relationship between the true market state qt and the noisy version q\u0302t at time t?. The relationship between the true market state qt and the noisy version q\u0302t at time t is that q\u0302t = qt + zt + zs(t) + zs(s(t)) + \u00b7 \u00b7 \u00b7"]}, "referred_figures_names": ["1703.00899v2-Figure1-1.png"], "answer": "The noisy version q\u0302t at time t is equal to the true market state qt plus a sum of Laplace noise vectors obtained by following the arrows all the way back to 0."}}