{"0": {"question": "What is the relationship between the number of Monte Carlo samples (N) and the translation performance of the BR-CSGAN model? Why is there a trade-off when choosing the value of N?", "response": {"1703.04887v4-Table3-1.png": ["Caption: Table 3: The translation performance of the BRCSGAN with different N for Monte Carlo search. \u201d-\u201d means that the proposed model shows no improvement than the pre-trained generator or it can not be trained stably. With N set as 0, it is referred to as the pretrained generator. Similarly, we only report results on the RNNSearch and \u03bb is set as 0.7.. Is the input image and caption helpful to answer the following question. Answer in one word - Yes or No. Question: What is the relationship between the number of Monte Carlo samples (N) and the translation performance of the BR-CSGAN model? Why is there a trade-off when choosing the value of N?. 1925864", "Caption: Table 3: The translation performance of the BRCSGAN with different N for Monte Carlo search. \u201d-\u201d means that the proposed model shows no improvement than the pre-trained generator or it can not be trained stably. With N set as 0, it is referred to as the pretrained generator. Similarly, we only report results on the RNNSearch and \u03bb is set as 0.7.. Please provide a brief answer to the following question after looking into the input image and caption. Question: What is the relationship between the number of Monte Carlo samples (N) and the translation performance of the BR-CSGAN model? Why is there a trade-off when choosing the value of N?."]}, "referred_figures_names": ["1703.04887v4-Table3-1.png"], "answer": "The table and passage show that the translation performance of the BR-CSGAN model generally improves as the number of Monte Carlo samples (N) increases. However, this improvement plateaus after N reaches a certain point (around 20 in this case).\n\nThere is a trade-off when choosing the value of N because increasing N also increases the computational complexity and training time. While a higher N leads to more accurate reward estimations and better performance, it also requires more computational resources and longer training times. Therefore, choosing the optimal N involves balancing the desired performance with the available computational resources and time constraints."}, "1": {"question": "How does the initial accuracy of the discriminator affect the BLEU score?", "response": {"1703.04887v4-Figure2-1.png": ["Caption: BLEU score on the development set for the BR-CSGAN where the discriminators have different initial accuracy. \u201d0.6-acc\u201d means the initial accuracy is 0.6. We report the results on the Chinese-English translation tasks. RNNSearch is taken as the generator.. Is the input image and caption helpful to answer the following question. Answer in one word - Yes or No. Question: How does the initial accuracy of the discriminator affect the BLEU score?. 19257348/1,000,000", "Caption: BLEU score on the development set for the BR-CSGAN where the discriminators have different initial accuracy. \u201d0.6-acc\u201d means the initial accuracy is 0.6. We report the results on the Chinese-English translation tasks. RNNSearch is taken as the generator.. Please provide a brief answer to the following question after looking into the input image and caption. Question: How does the initial accuracy of the discriminator affect the BLEU score?. The higher the initial accuracy of the discriminator, the lower the BLEU score will be."]}, "referred_figures_names": ["1703.04887v4-Figure2-1.png"], "answer": "The BLEU score decreases as the initial accuracy of the discriminator increases."}, "2": {"question": "How does BR-CSGAN compare to MRT in terms of translation performance and what is the likely reason for this difference?", "response": {"1703.04887v4-Table2-1.png": ["Caption: Table 2: BLEU score on Chinese-English and EnglishGerman translation tasks for MRT and BR-CSGAN.. Is the input image and caption helpful to answer the following question. Answer in one word - Yes or No. Question: How does BR-CSGAN compare to MRT in terms of translation performance and what is the likely reason for this difference?. 10%", "Caption: Table 2: BLEU score on Chinese-English and EnglishGerman translation tasks for MRT and BR-CSGAN.. Please provide a brief answer to the following question after looking into the input image and caption. Question: How does BR-CSGAN compare to MRT in terms of translation performance and what is the likely reason for this difference?. BLEU score"]}, "referred_figures_names": ["1703.04887v4-Table2-1.png"], "answer": "BR-CSGAN consistently outperforms MRT on both Chinese-English and English-German translation tasks, achieving higher BLEU scores.\n\nWhile both methods optimize similar objectives, BR-CSGAN uses a reinforcement learning procedure with a dynamic discriminator to maximize rewards for the generator. This dynamic feedback seems to be more effective than the static objective and random sampling approach used by MRT, leading to better translation performance."}, "3": {"question": "Which model and configuration achieves the best performance on the Chinese-English translation task, and how much improvement does it offer compared to the baseline RNNSearch model?", "response": {"1703.04887v4-Table1-1.png": ["Caption: Table 1: BLEU score on Chinese-English and English-German translation tasks. The hyper-parameter \u03bb is selected according to the development set. For the Transformer, following (Vaswani et al., 2017), we report the result of a single model obtained by averaging the 5 checkpoints around the best model selected on the development set.. Is the input image and caption helpful to answer the following question. Answer in one word - Yes or No. Question: Which model and configuration achieves the best performance on the Chinese-English translation task, and how much improvement does it offer compared to the baseline RNNSearch model?. 36894eacbdfaedfcaaaabdbbcddcbccdcdeeefffbebadbeeccecdbcbdbfefcfdb\nYes", "Caption: Table 1: BLEU score on Chinese-English and English-German translation tasks. The hyper-parameter \u03bb is selected according to the development set. For the Transformer, following (Vaswani et al., 2017), we report the result of a single model obtained by averaging the 5 checkpoints around the best model selected on the development set.. Please provide a brief answer to the following question after looking into the input image and caption. Question: Which model and configuration achieves the best performance on the Chinese-English translation task, and how much improvement does it offer compared to the baseline RNNSearch model?. Baseline RNNSearch"]}, "referred_figures_names": ["1703.04887v4-Table1-1.png"], "answer": "The Transformer+BR-CSGAN model with \u03bb=0.8 achieves the best performance on the Chinese-English translation task with an average BLEU score of 42.61. This represents an improvement of 0.81 BLEU points compared to the baseline RNNSearch model."}, "4": {"question": "What is the role of the discriminator (D) in the proposed BR-CSGAN model?", "response": {"1703.04887v4-Figure1-1.png": ["Caption: The Illustration of the proposed BR-CSGAN. Left: D is trained over the real sentence pairs translated by the human and the generated sentence pairs by G. Note that D is a conditional discriminator. Right: G is trained by police gradient where the final reward is provided by D and Q.. Is the input image and caption helpful to answer the following question. Answer in one word - Yes or No. Question: What is the role of the discriminator (D) in the proposed BR-CSGAN model?. 10, yes/no? no\nYes", "Caption: The Illustration of the proposed BR-CSGAN. Left: D is trained over the real sentence pairs translated by the human and the generated sentence pairs by G. Note that D is a conditional discriminator. Right: G is trained by police gradient where the final reward is provided by D and Q.. Please provide a brief answer to the following question after looking into the input image and caption. Question: What is the role of the discriminator (D) in the proposed BR-CSGAN model?. Conditional discriminator"]}, "referred_figures_names": ["1703.04887v4-Figure1-1.png"], "answer": " The discriminator (D) is responsible for distinguishing between real sentence pairs translated by humans and generated sentence pairs produced by the generator (G). It provides feedback to G in the form of rewards, helping G improve its ability to generate realistic sentence pairs."}}