{"0": {"question": "What are the three goals that the proposed algorithm must achieve simultaneously?", "response": {"1703.10730v2-Figure1-1.png": ["Caption: Figure 1: The proposed algorithm is able to synthesize an image from key local patches without geometric priors, e.g., restoring broken pieces of ancient ceramics found in ruins. Convolutional neural networks are trained to predict locations of input patches and generate the entire image based on adversarial learning.. Is the input image and caption helpful to answer the following question. Answer in one word - Yes or No. Question: What are the three goals that the proposed algorithm must achieve simultaneously?. 209873564", "Caption: Figure 1: The proposed algorithm is able to synthesize an image from key local patches without geometric priors, e.g., restoring broken pieces of ancient ceramics found in ruins. Convolutional neural networks are trained to predict locations of input patches and generate the entire image based on adversarial learning.. Please provide a brief answer to the following question after looking into the input image and caption. Question: What are the three goals that the proposed algorithm must achieve simultaneously?. 1) Image synthesis 2) Adversarial learning 3) Predicting locations of input patches"]}, "referred_figures_names": ["1703.10730v2-Figure1-1.png"], "answer": "The three goals that the proposed algorithm must achieve simultaneously are: \n1. To predict the locations of the input patches. \n2. To generate the entire image based on the predicted locations of the input patches. \n3. To do so without any geometric priors."}, "1": {"question": "How does the network's focus change as the training epoch increases?", "response": {"1703.10730v2-Figure7-1.png": ["Caption: Figure 7: Sample generated masks and images at different epochs.. Is the input image and caption helpful to answer the following question. Answer in one word - Yes or No. Question: How does the network's focus change as the training epoch increases?. 10% more blurred, less sharpness\nYes", "Caption: Figure 7: Sample generated masks and images at different epochs.. Please provide a brief answer to the following question after looking into the input image and caption. Question: How does the network's focus change as the training epoch increases?. The network's focus changes as the training epoch increases by focusing more on the details of the image."]}, "referred_figures_names": ["1703.10730v2-Figure7-1.png"], "answer": "The network initially focuses on predicting a good mask. As the epoch increases, the input parts become sharper. Finally, the network concentrates on generating realistic images."}, "2": {"question": "What is the relationship between the input patches and the generated images?", "response": {"1703.10730v2-Figure13-1.png": ["Caption: Image generation results with two input patches. Input 1 and 2 are local patches from the image Real.. Is the input image and caption helpful to answer the following question. Answer in one word - Yes or No. Question: What is the relationship between the input patches and the generated images?. 0", "Caption: Image generation results with two input patches. Input 1 and 2 are local patches from the image Real.. Please provide a brief answer to the following question after looking into the input image and caption. Question: What is the relationship between the input patches and the generated images?. realistic"]}, "referred_figures_names": ["1703.10730v2-Figure13-1.png"], "answer": "The input patches are used to generate the images. The generator network takes the input patches as input and generates new images that are similar to the input patches."}, "3": {"question": "What are the inputs to the image generation network?", "response": {"1703.10730v2-Figure2-1.png": ["Caption: Figure 2: Proposed network architecture. A bar represents a layer in the network. Layers of the same size and the same color have the same convolutional feature maps. Dashed lines in the part encoding network represent shared weights. In addition, E denotes an embedded vector and z is a random noise vector.. Is the input image and caption helpful to answer the following question. Answer in one word - Yes or No. Question: What are the inputs to the image generation network?. 108 images with corresponding text descriptions\nYes", "Caption: Figure 2: Proposed network architecture. A bar represents a layer in the network. Layers of the same size and the same color have the same convolutional feature maps. Dashed lines in the part encoding network represent shared weights. In addition, E denotes an embedded vector and z is a random noise vector.. Please provide a brief answer to the following question after looking into the input image and caption. Question: What are the inputs to the image generation network?. Image"]}, "referred_figures_names": ["1703.10730v2-Figure2-1.png"], "answer": "The inputs to the image generation network are the observed images (x) and a random noise vector (z)."}, "4": {"question": "How does the presence of noise in the input image affect the quality of the generated images?", "response": {"1703.10730v2-Figure9-1.png": ["Caption: Figure 9: Examples of generated results when the input image contains noises. We add a Gaussian noise at each pixel of Input 3. Gen 1 and Gen M1 are generated without noises. Gen 2 and Gen M2 are generated with noises.. Is the input image and caption helpful to answer the following question. Answer in one word - Yes or No. Question: How does the presence of noise in the input image affect the quality of the generated images?. \u200bYes, it is more difficult for an AI model trained on clean data (Gen-M0) than those that have been exposed to some level of randomness/noise beforehand(s). This can be seen by comparing Generations", "Caption: Figure 9: Examples of generated results when the input image contains noises. We add a Gaussian noise at each pixel of Input 3. Gen 1 and Gen M1 are generated without noises. Gen 2 and Gen M2 are generated with noises.. Please provide a brief answer to the following question after looking into the input image and caption. Question: How does the presence of noise in the input image affect the quality of the generated images?."]}, "referred_figures_names": ["1703.10730v2-Figure9-1.png"], "answer": "The presence of noise in the input image can degrade the quality of the generated images, but the proposed algorithm is still able to generate realistic images even with a certain amount of noise."}}