{"0": {"question": "Which dataset exhibits the strongest seasonality?", "response": {"1703.07015v3-Figure3-1.png": ["Caption: Autocorrelation graphs of sampled variables form four datasets.. Is the input image and caption helpful to answer the following question. Answer in one word - Yes or No. Question: Which dataset exhibits the strongest seasonality?. 10a solar energy demand time series data", "Caption: Autocorrelation graphs of sampled variables form four datasets.. Please provide a brief answer to the following question after looking into the input image and caption. Question: Which dataset exhibits the strongest seasonality?. 4a"]}, "referred_figures_names": ["1703.07015v3-Figure3-1.png"], "answer": "The Traffic dataset."}, "1": {"question": "What component of LSTNet is most important for its performance?", "response": {"1703.07015v3-Figure56-1.png": ["Caption: Several observations from these results are worth highlighting:. Is the input image and caption helpful to answer the following question. Answer in one word - Yes or No. Question: What component of LSTNet is most important for its performance?. 1st layer", "Caption: Several observations from these results are worth highlighting:. Please provide a brief answer to the following question after looking into the input image and caption. Question: What component of LSTNet is most important for its performance?. 1st layer"]}, "referred_figures_names": ["1703.07015v3-Figure56-1.png"], "answer": "The AR component."}, "2": {"question": "Which of the two models, LSTw/oAR or LST-Skip, seems to perform better in predicting electricity consumption?", "response": {"1703.07015v3-Figure6-1.png": ["Caption: The predicted time series (red) by LSTw/oAR (a) and by LST-Skip (b) vs. the true data (blue) on Electricity dataset with horizon = 24. Is the input image and caption helpful to answer the following question. Answer in one word - Yes or No. Question: Which of the two models, LSTw/oAR or LST-Skip, seems to perform better in predicting electricity consumption?. 10859736\nNo", "Caption: The predicted time series (red) by LSTw/oAR (a) and by LST-Skip (b) vs. the true data (blue) on Electricity dataset with horizon = 24. Please provide a brief answer to the following question after looking into the input image and caption. Question: Which of the two models, LSTw/oAR or LST-Skip, seems to perform better in predicting electricity consumption?. (b) LST-Skip"]}, "referred_figures_names": ["1703.07015v3-Figure6-1.png"], "answer": "LST-Skip seems to perform better in predicting electricity consumption."}, "3": {"question": "Which model, VAR or LSTNet, is better at capturing both daily and weekly repeating patterns in the data?", "response": {"1703.07015v3-Figure7-1.png": ["Caption: The true time series (blue) and the predicted ones (red) by VAR (a) and by LSTNet (b) for one variable in the Traffic occupation dataset. The X axis indicates the week days and the forecasting horizon = 24. VAR inadequately predicts similar patterns for Fridays and Saturdays, and ones for Sundays andMondays, while LSTNet successfully captures both the daily and weekly repeating patterns.. Is the input image and caption helpful to answer the following question. Answer in one word - Yes or No. Question: Which model, VAR or LSTNet, is better at capturing both daily and weekly repeating patterns in the data?. 10976358-XL", "Caption: The true time series (blue) and the predicted ones (red) by VAR (a) and by LSTNet (b) for one variable in the Traffic occupation dataset. The X axis indicates the week days and the forecasting horizon = 24. VAR inadequately predicts similar patterns for Fridays and Saturdays, and ones for Sundays andMondays, while LSTNet successfully captures both the daily and weekly repeating patterns.. Please provide a brief answer to the following question after looking into the input image and caption. Question: Which model, VAR or LSTNet, is better at capturing both daily and weekly repeating patterns in the data?. LSTNet"]}, "referred_figures_names": ["1703.07015v3-Figure7-1.png"], "answer": "LSTNet"}, "4": {"question": "Which dataset has the highest temporal resolution, meaning it provides data points at the most frequent intervals?", "response": {"1703.07015v3-Table1-1.png": ["Caption: Table 1: Dataset Statistics, whereT is length of time series,D is number of variables, L is the sample rate.. Is the input image and caption helpful to answer the following question. Answer in one word - Yes or No. Question: Which dataset has the highest temporal resolution, meaning it provides data points at the most frequent intervals?. 20th century solar energy production from a single location with hourly measurements over three years (365 days) for each year?", "Caption: Table 1: Dataset Statistics, whereT is length of time series,D is number of variables, L is the sample rate.. Please provide a brief answer to the following question after looking into the input image and caption. Question: Which dataset has the highest temporal resolution, meaning it provides data points at the most frequent intervals?. The one with the highest sample rate"]}, "referred_figures_names": ["1703.07015v3-Table1-1.png"], "answer": "The solar dataset has the highest temporal resolution."}, "5": {"question": "What are the different types of layers in the LSTNet model and how are they connected?", "response": {"1703.07015v3-Figure2-1.png": ["Caption: Figure 2: An overview of the Long- and Short-term Time-series network (LSTNet). Is the input image and caption helpful to answer the following question. Answer in one word - Yes or No. Question: What are the different types of layers in the LSTNet model and how are they connected?. 3D layered networks with convolutional, recurrent neural nets for time series data analysis using a combination of long short term memory units that can be stacked on top each other like building blocks\nYes", "Caption: Figure 2: An overview of the Long- and Short-term Time-series network (LSTNet). Please provide a brief answer to the following question after looking into the input image and caption. Question: What are the different types of layers in the LSTNet model and how are they connected?. Convolutional"]}, "referred_figures_names": ["1703.07015v3-Figure2-1.png"], "answer": "The LSTNet model has four main types of layers:\n\n1. Convolutional layer: This layer extracts local dependency patterns from the input data. \n2. Recurrent and recurrent-skip layer: These layers capture long-term dependencies in the data. \n3. Fully connected and element-wise sum output layer: This layer combines the outputs from the convolutional and recurrent layers to produce the final prediction.\n4. Autoregressive layer: This layer provides a linear bypass to the non-linear neural network part of the model. \n\nThe convolutional layer receives the input data and passes its output to the recurrent and recurrent-skip layers. These layers then pass their output to the fully connected and element-wise sum output layer. The autoregressive layer receives the input data directly and its output is also fed into the fully connected and element-wise sum output layer."}, "6": {"question": "How does the performance of LSTNet-attn vary with the horizon on the Solar-Energy dataset?", "response": {"1703.07015v3-Figure5-1.png": ["Caption: Results of LSTNet in the ablation tests on the Solar-Energy, Traffic and Electricity dataset. Is the input image and caption helpful to answer the following question. Answer in one word - Yes or No. Question: How does the performance of LSTNet-attn vary with the horizon on the Solar-Energy dataset?. 1024x768 pixels is a good choice for this problem? Yes", "Caption: Results of LSTNet in the ablation tests on the Solar-Energy, Traffic and Electricity dataset. Please provide a brief answer to the following question after looking into the input image and caption. Question: How does the performance of LSTNet-attn vary with the horizon on the Solar-Energy dataset?. Yes"]}, "referred_figures_names": ["1703.07015v3-Figure5-1.png"], "answer": "The performance of LSTNet-attn generally improves as the horizon increases on the Solar-Energy dataset. This is evident from the fact that both the RMSE and correlation values improve with increasing horizon."}}