{"0": {"question": "What does the parameter network do to the initial surface?", "response": {"1704.07854v4-Figure3-1.png": ["Caption: An example of our parameter learning approach. F.l.t.r.: the initial undeformed surface, the surface deformed by the weighting from the trained parameter network, and the reference surface only. The reference surface is shown again in the middle in light brown for comparison. The weighted deformations especially match the left liquid arm well, while there are not enough degrees of freedom in the pre-computed deformations to independently raise the surface on the right side.. Is the input image and caption helpful to answer the following question. Answer in one word - Yes or No. Question: What does the parameter network do to the initial surface?. 1920x835", "Caption: An example of our parameter learning approach. F.l.t.r.: the initial undeformed surface, the surface deformed by the weighting from the trained parameter network, and the reference surface only. The reference surface is shown again in the middle in light brown for comparison. The weighted deformations especially match the left liquid arm well, while there are not enough degrees of freedom in the pre-computed deformations to independently raise the surface on the right side.. Please provide a brief answer to the following question after looking into the input image and caption. Question: What does the parameter network do to the initial surface?. The parameter network deforms the initial surface."]}, "referred_figures_names": ["1704.07854v4-Figure3-1.png"], "answer": "The parameter network weights the initial surface, causing it to deform."}, "1": {"question": "How do the parameter network and the deformation network differ in terms of complexity and function?", "response": {"1704.07854v4-Figure12-1.png": ["Caption: Figure 12: Overview of our two neural networks. While the parameter network (left) is simple, consisting of two fully connected layers, its cost functions allows it to learn how to apply multiple long-range, non-linear deformation fields. The deformation network (right), which makes use of several de-convolutional layers, instead learns to generate dense deformation fields to refine the final surface.. Is the input image and caption helpful to answer the following question. Answer in one word - Yes or No. Question: How do the parameter network and the deformation network differ in terms of complexity and function?. 09786453_v1a", "Caption: Figure 12: Overview of our two neural networks. While the parameter network (left) is simple, consisting of two fully connected layers, its cost functions allows it to learn how to apply multiple long-range, non-linear deformation fields. The deformation network (right), which makes use of several de-convolutional layers, instead learns to generate dense deformation fields to refine the final surface.. Please provide a brief answer to the following question after looking into the input image and caption. Question: How do the parameter network and the deformation network differ in terms of complexity and function?. The parameter network is more complex and consists of two fully connected layers, while the deformation network uses several de-convolutional layers and generates dense deformation fields to refine the final surface."]}, "referred_figures_names": ["1704.07854v4-Figure12-1.png"], "answer": "The parameter network is a simple structure with two fully connected layers, while the deformation network is more complex and contains two fully connected layers followed by two or more four-dimensional de-convolution layers. The parameter network learns how to apply multiple long-range, non-linear deformation fields, while the deformation network learns to generate dense deformation fields to refine the final surface."}, "2": {"question": "Which gradient approximation method leads to a more stable and lower loss value during training?", "response": {"1704.07854v4-Figure15-1.png": ["Caption: Training with different gradient approximations: validation loss with a simplified advection (red), and the correct gradient from forward advection (green). The simplified version does not converge.. Is the input image and caption helpful to answer the following question. Answer in one word - Yes or No. Question: Which gradient approximation method leads to a more stable and lower loss value during training?. 1024x768 Gradient Approximation Methods for Forward Advective Heat Conduciton Problem on GPU using CUDA by Jake VanderPlas, et al., which is also known", "Caption: Training with different gradient approximations: validation loss with a simplified advection (red), and the correct gradient from forward advection (green). The simplified version does not converge.. Please provide a brief answer to the following question after looking into the input image and caption. Question: Which gradient approximation method leads to a more stable and lower loss value during training?. Forward advection"]}, "referred_figures_names": ["1704.07854v4-Figure15-1.png"], "answer": "The corrected gradient method leads to a more stable and lower loss value during training."}, "3": {"question": "How does the flow of water change as the central wall obstacle is shifted to the right?", "response": {"1704.07854v4-Figure9-1.png": ["Caption: a) Three example configurations from our stairs data set. b) The interactive version of the stair setup shown in the demo app. Notice how the flow around the central wall obstacle changes. As the wall is shifted right, the flow increases corresonpondingly.. Is the input image and caption helpful to answer the following question. Answer in one word - Yes or No. Question: How does the flow of water change as the central wall obstacle is shifted to the right?. \u200bYes", "Caption: a) Three example configurations from our stairs data set. b) The interactive version of the stair setup shown in the demo app. Notice how the flow around the central wall obstacle changes. As the wall is shifted right, the flow increases corresonpondingly.. Please provide a brief answer to the following question after looking into the input image and caption. Question: How does the flow of water change as the central wall obstacle is shifted to the right?. The flow of water increases as the central wall obstacle is shifted to the right."]}, "referred_figures_names": ["1704.07854v4-Figure9-1.png"], "answer": "The flow of water increases as the central wall obstacle is shifted to the right."}, "4": {"question": "Which of the two scenes, Drop or Staris, requires more computation time for rendering?", "response": {"1704.07854v4-Table1-1.png": ["Caption: Performance and setup details of our 4D data sets in the Android app measured on a Samsung S8 device. The \u201ddefo. align\u201d step contains alignment and rescaling of the deformations.. Is the input image and caption helpful to answer the following question. Answer in one word - Yes or No. Question: Which of the two scenes, Drop or Staris, requires more computation time for rendering?. 10x\nNo", "Caption: Performance and setup details of our 4D data sets in the Android app measured on a Samsung S8 device. The \u201ddefo. align\u201d step contains alignment and rescaling of the deformations.. Please provide a brief answer to the following question after looking into the input image and caption. Question: Which of the two scenes, Drop or Staris, requires more computation time for rendering?. Drop"]}, "referred_figures_names": ["1704.07854v4-Table1-1.png"], "answer": "Staris"}, "5": {"question": "What is the relationship between the resolution of the simulation and the training time?", "response": {"1704.07854v4-Table2-1.png": ["Caption: Overview of our 2D and 4D simulation and machine learning setups. Timings were measured on a Xeon E5-1630 with 3.7GHz. Res, SDF and Defo denote resolutions for simulation, training, and the NN deformation, respectively; Sim and Train denote simulation and training runtimes. sp, sd, \u03b31, \u03b32 denote training steps for parameters, training steps for deformation, and regularization parameters, respectively.. Is the input image and caption helpful to answer the following question. Answer in one word - Yes or No. Question: What is the relationship between the resolution of the simulation and the training time?. 9/8ths", "Caption: Overview of our 2D and 4D simulation and machine learning setups. Timings were measured on a Xeon E5-1630 with 3.7GHz. Res, SDF and Defo denote resolutions for simulation, training, and the NN deformation, respectively; Sim and Train denote simulation and training runtimes. sp, sd, \u03b31, \u03b32 denote training steps for parameters, training steps for deformation, and regularization parameters, respectively.. Please provide a brief answer to the following question after looking into the input image and caption. Question: What is the relationship between the resolution of the simulation and the training time?. Increasing the resolution of the simulation increases the training time."]}, "referred_figures_names": ["1704.07854v4-Table2-1.png"], "answer": " The higher the resolution of the simulation, the longer the training time. "}, "6": {"question": "What is the role of the parameter network in the weighting and refinement stage?", "response": {"1704.07854v4-Figure2-1.png": ["Caption: This illustration gives an overview of our algorithm. It works in two stages, a weighting and refinement stage, each of which employs a neural network to infer a weighting function and a dense deformation field, respectively.. Is the input image and caption helpful to answer the following question. Answer in one word - Yes or No. Question: What is the role of the parameter network in the weighting and refinement stage?. 1920s fashion trends\nYes! The purpose behind using multiple networks for this task can be understood by examining their roles within both phases (weighted layer inference) as well as between them during fine-tuning/refiner", "Caption: This illustration gives an overview of our algorithm. It works in two stages, a weighting and refinement stage, each of which employs a neural network to infer a weighting function and a dense deformation field, respectively.. Please provide a brief answer to the following question after looking into the input image and caption. Question: What is the role of the parameter network in the weighting and refinement stage?. Weighting"]}, "referred_figures_names": ["1704.07854v4-Figure2-1.png"], "answer": "The parameter network is used to infer a weighting function."}, "7": {"question": "Which of the methods is able to reconstruct the shape of the liquid properly?", "response": {"1704.07854v4-Figure16-1.png": ["Caption: Different example surfaces from the 2D parameter space of Fig. 13. From left to right: surfaces reconstructed with PCA (purple), weighted deformations using a trained parameter network (pink), the reference surfaces (brown), and on the far right the output of our full method with a deformation network (teal). Note that none of the other methods is able to reconstruct both arms of liquid in the first row, as well as the left sheet in the bottom row. The reference surfaces are shown in light brown in the background for each version.. Is the input image and caption helpful to answer the following question. Answer in one word - Yes or No. Question: Which of the methods is able to reconstruct the shape of the liquid properly?. \u200bYes\nDescription Image Description A white paper titled \"Deep Learning-Based Surface Reconstruction\" presents an overview about various surface reconstructions techniques used by researchers today; it also includes some examples such as Principal Component", "Caption: Different example surfaces from the 2D parameter space of Fig. 13. From left to right: surfaces reconstructed with PCA (purple), weighted deformations using a trained parameter network (pink), the reference surfaces (brown), and on the far right the output of our full method with a deformation network (teal). Note that none of the other methods is able to reconstruct both arms of liquid in the first row, as well as the left sheet in the bottom row. The reference surfaces are shown in light brown in the background for each version.. Please provide a brief answer to the following question after looking into the input image and caption. Question: Which of the methods is able to reconstruct the shape of the liquid properly?. The reference surfaces are shown in light brown in the background for each version."]}, "referred_figures_names": ["1704.07854v4-Figure16-1.png"], "answer": "Only the full method with a deformation network is able to produce a perfect reconstruction."}, "8": {"question": "How do the initial conditions of the simulations vary?", "response": {"1704.07854v4-Figure13-1.png": ["Caption: The left image illustrates the initial conditions of our two dimensional parameter space setup. It consists of a set of two-dimensional liquid simulations, which vary the position of the liquid drop along x as \u03b11, and its size as \u03b12. The right half shows the data used for training at t = 30. Note the significant amount of variance in positions of small scale features such as the thin sheets. Both images show only a subset of the whole data.. Is the input image and caption helpful to answer the following question. Answer in one word - Yes or No. Question: How do the initial conditions of the simulations vary?. \u200bYes\nTitle: \"Two Dimensional Liquid Simulations\" Author(s): Unknown Artist/Author", "Caption: The left image illustrates the initial conditions of our two dimensional parameter space setup. It consists of a set of two-dimensional liquid simulations, which vary the position of the liquid drop along x as \u03b11, and its size as \u03b12. The right half shows the data used for training at t = 30. Note the significant amount of variance in positions of small scale features such as the thin sheets. Both images show only a subset of the whole data.. Please provide a brief answer to the following question after looking into the input image and caption. Question: How do the initial conditions of the simulations vary?. The initial conditions of the simulations vary along the x-axis (\u03b11) and the size of the liquid drop along the y-axis (\u03b12)."]}, "referred_figures_names": ["1704.07854v4-Figure13-1.png"], "answer": "The initial conditions of the simulations vary in two dimensions: the position of the liquid drop along the x-axis (\u03b11) and the size of the drop (\u03b12)."}}