{"0": {"question": "What is the relationship between the Silver Snatch and the Gold Snatch?", "response": {"1704.04539v2-Figure5-1.png": ["Caption: Linear regression lines for silver and fullcycle.. Is the input image and caption helpful to answer the following question. Answer in one word - Yes or No. Question: What is the relationship between the Silver Snatch and the Gold Snatch?. 0123456789", "Caption: Linear regression lines for silver and fullcycle.. Please provide a brief answer to the following question after looking into the input image and caption. Question: What is the relationship between the Silver Snatch and the Gold Snatch?. 100% 0% 100% 0% 100% 0% 100% 0% 100% 0% 100% 0% 100% 0% 100% 0% 100% 0% 100% 0% 100% 0% 100% 0% 100% 0% 100% 0% 100% 0% 100% 0% 100% 0% 100% 0% 100% 0% 100% 0% 100% 0% 100% 0% 100% 0% 100% 0% 100% 0% 100% 0% 100% 0% 100% 0% 100% 0% 100% 0% 100% 0% 100% 0%"]}, "referred_figures_names": ["1704.04539v2-Figure5-1.png"], "answer": "The Silver Snatch and the Gold Snatch are positively correlated. As the Gold Snatch increases, the Silver Snatch also increases."}, "1": {"question": "Which system performs best on the IT domain in terms of full-cycle Smatch score, and how does its performance compare to the projection-based system in the same domain?", "response": {"1704.04539v2-Table1-1.png": ["Caption: Table 1: Silver, gold and full-cycle Smatch scores for projection-based and MT-based systems.. Is the input image and caption helpful to answer the following question. Answer in one word - Yes or No. Question: Which system performs best on the IT domain in terms of full-cycle Smatch score, and how does its performance compare to the projection-based system in the same domain?. 20% better than Projection based System with a Full Cycle Score (FCS) = +35%. The table shows that the EZS method is significantly more accurate compared to other methods such as PBMNES when", "Caption: Table 1: Silver, gold and full-cycle Smatch scores for projection-based and MT-based systems.. Please provide a brief answer to the following question after looking into the input image and caption. Question: Which system performs best on the IT domain in terms of full-cycle Smatch score, and how does its performance compare to the projection-based system in the same domain?. Projection-based system"]}, "referred_figures_names": ["1704.04539v2-Table1-1.png"], "answer": "The GT system achieves the highest full-cycle Smatch score in the IT domain with a score of 59. This is 14 points higher than the projection-based system in the same domain, which scored 45."}, "2": {"question": "Which translation system performs the best and how does its performance compare to Google Translate (GT)? Is the comparison with GT completely fair? Explain your answer.", "response": {"1704.04539v2-Table2-1.png": ["Caption: Table 2: BLEU scores for Moses, Nematus and Google Translate (GT) on the (out-of-domain) LDC2015E86 test set. Is the input image and caption helpful to answer the following question. Answer in one word - Yes or No. Question: Which translation system performs the best and how does its performance compare to Google Translate (GT)? Is the comparison with GT completely fair? Explain your answer.. 3947 yes no", "Caption: Table 2: BLEU scores for Moses, Nematus and Google Translate (GT) on the (out-of-domain) LDC2015E86 test set. Please provide a brief answer to the following question after looking into the input image and caption. Question: Which translation system performs the best and how does its performance compare to Google Translate (GT)? Is the comparison with GT completely fair? Explain your answer.. no"]}, "referred_figures_names": ["1704.04539v2-Table2-1.png"], "answer": "According to Table 2, Moses achieves the highest BLEU scores among the listed translation systems (Moses, Nematus) across all language pairs. However, its performance still falls behind Google Translate (GT) in every case.\n\nThe comparison with GT might not be entirely fair because, as GT has the advantage of being trained on a significantly larger dataset. This suggests that GT's performance advantage might be partially due to its training data rather than solely its inherent capabilities."}, "3": {"question": "What is the difference between the parsing trees for \"I like eating\" and \"I like grapes\"?", "response": {"1704.04539v2-Figure4-1.png": ["Caption: Parsing examples in several languages involving common translational divergence phenomena: (a) contains a categorical divergence, (b) and (e) conflational divergences, (c) a structural divergence, (d) an head swapping and (f) a thematic divergence.. Is the input image and caption helpful to answer the following question. Answer in one word - Yes or No. Question: What is the difference between the parsing trees for \"I like eating\" and \"I like grapes\"?. 1024", "Caption: Parsing examples in several languages involving common translational divergence phenomena: (a) contains a categorical divergence, (b) and (e) conflational divergences, (c) a structural divergence, (d) an head swapping and (f) a thematic divergence.. Please provide a brief answer to the following question after looking into the input image and caption. Question: What is the difference between the parsing trees for \"I like eating\" and \"I like grapes\"?. 1"]}, "referred_figures_names": ["1704.04539v2-Figure4-1.png"], "answer": "The parsing tree for \"I like eating\" has only one argument, while the parsing tree for \"I like grapes\" has two arguments."}}