{"0": {"question": "Can you estimate the percentage of entity pairs in the NYT training set that have a corresponding relational fact in the Knowledge Base (KB)?", "response": {"1704.05958v2-Table1-1.png": ["Caption: Table 1: Statistics of the NYT dataset.. Is the input image and caption helpful to answer the following question. Answer in one word - Yes or No. Question: Can you estimate the percentage of entity pairs in the NYT training set that have a corresponding relational fact in the Knowledge Base (KB)?. 0% is not an option no yes", "Caption: Table 1: Statistics of the NYT dataset.. Please provide a brief answer to the following question after looking into the input image and caption. Question: Can you estimate the percentage of entity pairs in the NYT training set that have a corresponding relational fact in the Knowledge Base (KB)?. Yes"]}, "referred_figures_names": ["1704.05958v2-Table1-1.png"], "answer": "Approximately 6.66%."}, "1": {"question": "Why is conventional distant supervision problematic?", "response": {"1704.05958v2-Figure1-1.png": ["Caption: The wrong labeling problem of distant supervision, and how to combat it with global statistics. Left: conventional distant supervision. Each of the textual relations will be labeled with both KB relations, while only one is correct (blue and solid), and the other is wrong (red and dashed). Right: distant supervision with global statistics. The two textual relations can be clearly distinguished by their co-occurrence distribution of KB relations. Statistics are based on the annotated ClueWeb data released in (Toutanova et al., 2015).. Is the input image and caption helpful to answer the following question. Answer in one word - Yes or No. Question: Why is conventional distant supervision problematic?. \u200bNo", "Caption: The wrong labeling problem of distant supervision, and how to combat it with global statistics. Left: conventional distant supervision. Each of the textual relations will be labeled with both KB relations, while only one is correct (blue and solid), and the other is wrong (red and dashed). Right: distant supervision with global statistics. The two textual relations can be clearly distinguished by their co-occurrence distribution of KB relations. Statistics are based on the annotated ClueWeb data released in (Toutanova et al., 2015).. Please provide a brief answer to the following question after looking into the input image and caption. Question: Why is conventional distant supervision problematic?. Conventional distant supervision problematic"]}, "referred_figures_names": ["1704.05958v2-Figure1-1.png"], "answer": "Conventional distant supervision can lead to wrong labeling of textual relations with KB relations."}, "2": {"question": "What is the role of the GRU cell in the embedding model?", "response": {"1704.05958v2-Figure3-1.png": ["Caption: Embedding model. Left: A RNN with GRU for embedding. Middle: embedding of textual relation. Right: a separate GRU cell to map a textual relation embedding to a probability distribution over KB relations.. Is the input image and caption helpful to answer the following question. Answer in one word - Yes or No. Question: What is the role of the GRU cell in the embedding model?. 1024", "Caption: Embedding model. Left: A RNN with GRU for embedding. Middle: embedding of textual relation. Right: a separate GRU cell to map a textual relation embedding to a probability distribution over KB relations.. Please provide a brief answer to the following question after looking into the input image and caption. Question: What is the role of the GRU cell in the embedding model?. The role of the GRU cell is to map a textual relation embedding to a probability distribution over KB relations."]}, "referred_figures_names": ["1704.05958v2-Figure3-1.png"], "answer": "The GRU cell is used to map a textual relation embedding to a probability distribution over KB relations."}}