{"0": {"question": "Which model performed best on the \"All\" category of Visual7W, and how did its performance compare to human performance?", "response": {"1704.07121v2-Table3-1.png": ["Caption: Table 3: Test accuracy (%) on Visual7W.. Is the input image and caption helpful to answer the following question. Answer in one word - Yes or No. Question: Which model performed best on the \"All\" category of Visual7W, and how did its performance compare to human performance?. 1024x568qgao-molpqa all 90%", "Caption: Table 3: Test accuracy (%) on Visual7W.. Please provide a brief answer to the following question after looking into the input image and caption. Question: Which model performed best on the \"All\" category of Visual7W, and how did its performance compare to human performance?. Method 1"]}, "referred_figures_names": ["1704.07121v2-Table3-1.png"], "answer": "The MLP-IQA model achieved the highest accuracy in the \"All\" category of Visual7W, with a score of 45.1%. However, this performance still falls significantly short of human performance, which stands at 84.1% for the same category."}, "1": {"question": "Which method performs best overall on VQA-2014val, and how does its performance compare to human performance on the same dataset?", "response": {"1704.07121v2-Table7-1.png": ["Caption: Table 7: Accuracy (%) on VQA\u2212-2014val, which contains 76,034 triplets.. Is the input image and caption helpful to answer the following question. Answer in one word - Yes or No. Question: Which method performs best overall on VQA-2014val, and how does its performance compare to human performance on the same dataset?. 58% accuracy for MLPAA with a difference of only +/-9%.", "Caption: Table 7: Accuracy (%) on VQA\u2212-2014val, which contains 76,034 triplets.. Please provide a brief answer to the following question after looking into the input image and caption. Question: Which method performs best overall on VQA-2014val, and how does its performance compare to human performance on the same dataset?. MPEG-4 QUANTIZATION ACCURACY PERFORMANCE COMPARISON ON VQA-2014VAL"]}, "referred_figures_names": ["1704.07121v2-Table7-1.png"], "answer": "MLP-IQA achieves the highest overall accuracy (46.5%) among the machine learning methods tested on VQA-2014val. However, this performance still falls short of human performance, which reaches an accuracy of 85.5% on the same dataset."}, "2": {"question": "Which model performs the best on qaVG when considering both image understanding (IU) and question understanding (QU) individually, and how does its performance compare to humans?", "response": {"1704.07121v2-Table5-1.png": ["Caption: Table 5: Test accuracy (%) on qaVG.. Is the input image and caption helpful to answer the following question. Answer in one word - Yes or No. Question: Which model performs the best on qaVG when considering both image understanding (IU) and question understanding (QU) individually, and how does its performance compare to humans?. 1024x768 MLPA with a threshold of +3 for IU vs QU?", "Caption: Table 5: Test accuracy (%) on qaVG.. Please provide a brief answer to the following question after looking into the input image and caption. Question: Which model performs the best on qaVG when considering both image understanding (IU) and question understanding (QU) individually, and how does its performance compare to humans?. Method 1"]}, "referred_figures_names": ["1704.07121v2-Table5-1.png"], "answer": "MLP-QA performs the best when considering both IU and QU individually, achieving 89.3% accuracy on IU and 45.6% accuracy on QU. However, its combined performance (IU+QU) of 43.9% is still significantly lower than human performance, which stands at 82.5%."}, "3": {"question": "How can the shortcuts in the Visual7W dataset be remedied?", "response": {"1704.07121v2-Figure1-1.png": ["Caption: Figure 1: An illustration of how the shortcuts in the Visual7W dataset (Zhu et al., 2016) should be remedied. In the original dataset, the correct answer \u201cA train\u201d is easily selected by a machine as it is far often used as the correct answer than the other decoy (negative) answers. (The numbers in the brackets are probability scores computed using eq. (2)). Our two procedures \u2014 QoU and IoU (cf. Sect. 4) \u2014 create alternative decoys such that both the correct answer and the decoys are highly likely by examining either the image or the question alone. In these cases, machines make mistakes unless they consider all information together. Thus, the alternative decoys suggested our procedures are better designed to gauge how well a learning algorithm can understand all information equally well.. Is the input image and caption helpful to answer the following question. Answer in one word - Yes or No. Question: How can the shortcuts in the Visual7W dataset be remedied?. \u200b", "Caption: Figure 1: An illustration of how the shortcuts in the Visual7W dataset (Zhu et al., 2016) should be remedied. In the original dataset, the correct answer \u201cA train\u201d is easily selected by a machine as it is far often used as the correct answer than the other decoy (negative) answers. (The numbers in the brackets are probability scores computed using eq. (2)). Our two procedures \u2014 QoU and IoU (cf. Sect. 4) \u2014 create alternative decoys such that both the correct answer and the decoys are highly likely by examining either the image or the question alone. In these cases, machines make mistakes unless they consider all information together. Thus, the alternative decoys suggested our procedures are better designed to gauge how well a learning algorithm can understand all information equally well.. Please provide a brief answer to the following question after looking into the input image and caption. Question: How can the shortcuts in the Visual7W dataset be remedied?."]}, "referred_figures_names": ["1704.07121v2-Figure1-1.png"], "answer": "The shortcuts in the Visual7W dataset can be remedied by creating alternative decoys that are more likely to be correct, based on either the image or the question alone. This forces the machine to consider all of the information together in order to select the correct answer."}, "4": {"question": "Which dataset presents the biggest challenge for a model trying to distinguish true triplets from decoys, and why?", "response": {"1704.07121v2-Table2-1.png": ["Caption: Table 2: Summary of Visual QA datasets.. Is the input image and caption helpful to answer the following question. Answer in one word - Yes or No. Question: Which dataset presents the biggest challenge for a model trying to distinguish true triplets from decoys, and why?. 100% yes", "Caption: Table 2: Summary of Visual QA datasets.. Please provide a brief answer to the following question after looking into the input image and caption. Question: Which dataset presents the biggest challenge for a model trying to distinguish true triplets from decoys, and why?. VQA 2.0"]}, "referred_figures_names": ["1704.07121v2-Table2-1.png"], "answer": "The VQA dataset presents the biggest challenge."}, "5": {"question": "Which embedding method performed the best overall across all model architectures on the Visual7W dataset with IoU + QoU decoys? Was there a significant difference in performance compared to the other methods?", "response": {"1704.07121v2-Table11-1.png": ["Caption: Table 11: Test accuracy (%) on Visual7W, comparing different embeddings for questions and answers. The results are reported for the IoU +QoU-decoys.. Is the input image and caption helpful to answer the following question. Answer in one word - Yes or No. Question: Which embedding method performed the best overall across all model architectures on the Visual7W dataset with IoU + QoU decoys? Was there a significant difference in performance compared to the other methods?. 20869534\nNo | Yes/Yes", "Caption: Table 11: Test accuracy (%) on Visual7W, comparing different embeddings for questions and answers. The results are reported for the IoU +QoU-decoys.. Please provide a brief answer to the following question after looking into the input image and caption. Question: Which embedding method performed the best overall across all model architectures on the Visual7W dataset with IoU + QoU decoys? Was there a significant difference in performance compared to the other methods?. Yes"]}, "referred_figures_names": ["1704.07121v2-Table11-1.png"], "answer": "The MLP-IQA model achieved the highest accuracy across all embedding methods, reaching 52.5% with GloVe, 51.4% with Translation embeddings, and 52.0% with word2vec. However, the passage notes that there was no significant difference in performance between the different embedding methods."}, "6": {"question": "Which model performs the best on COCOQA dataset when considering the combined accuracy of identifying irrelevant image-question pairs (IU) and irrelevant question-answer pairs (QU)? How does this compare to the performance of the model that only observes answers?", "response": {"1704.07121v2-Table8-1.png": ["Caption: Table 8: Test accuracy (%) on COCOQA.. Is the input image and caption helpful to answer the following question. Answer in one word - Yes or No. Question: Which model performs the best on COCOQA dataset when considering the combined accuracy of identifying irrelevant image-question pairs (IU) and irrelevant question-answer pairs (QU)? How does this compare to the performance of the model that only observes answers?. 10% better than a baseline with no information about questions at all?", "Caption: Table 8: Test accuracy (%) on COCOQA.. Please provide a brief answer to the following question after looking into the input image and caption. Question: Which model performs the best on COCOQA dataset when considering the combined accuracy of identifying irrelevant image-question pairs (IU) and irrelevant question-answer pairs (QU)? How does this compare to the performance of the model that only observes answers?."]}, "referred_figures_names": ["1704.07121v2-Table8-1.png"], "answer": "The MLP-IQA model performs the best when considering the combined accuracy of identifying irrelevant image-question and question-answer pairs, achieving an accuracy of 75.9%. This is significantly higher than the MLP-A model, which only observes answers and achieves a combined accuracy of 26.6%, close to random performance."}, "7": {"question": "On the VQAv2-2017 validation set, which model performs best when considering all three sources of information (images, questions, and answers) and how does its performance compare to the model that only uses answers?", "response": {"1704.07121v2-Table9-1.png": ["Caption: Table 9: Test accuracy (%) on VQA2-2017val.. Is the input image and caption helpful to answer the following question. Answer in one word - Yes or No. Question: On the VQAv2-2017 validation set, which model performs best when considering all three sources of information (images, questions, and answers) and how does its performance compare to the model that only uses answers?. 36854 random forest qaqc", "Caption: Table 9: Test accuracy (%) on VQA2-2017val.. Please provide a brief answer to the following question after looking into the input image and caption. Question: On the VQAv2-2017 validation set, which model performs best when considering all three sources of information (images, questions, and answers) and how does its performance compare to the model that only uses answers?."]}, "referred_figures_names": ["1704.07121v2-Table9-1.png"], "answer": "The model that performs best on VQAv2-2017 val when considering all three sources of information is MLP-IQA. It achieves an accuracy of 61.1% on the \\IU+\\QU -decoys metric, significantly outperforming the model that only uses answers (MLP-A) which achieves only 27.7% on the same metric. This demonstrates the importance of incorporating all available information for accurate prediction."}}