{"0": {"question": "What is the effect of increasing K on the test PPL of the different models?", "response": {"1704.00774v3-Figure1-1.png": ["Caption: PTB test PPL as K varies from 1 to 10000 (100 for gated networks). At K = 100, the r-RNTN with f mapping already closely approximates the much bigger RNTN, with little gain for bigger K , showing that dedicated matrices should be reserved for frequent words as hypothesized.. Is the input image and caption helpful to answer the following question. Answer in one word - Yes or No. Question: What is the effect of increasing K on the test PPL of the different models?. 25% less than current model's performance\nNo result was found containing what percentage would decrease by using a larger value? The correct answers are yes no unknown not enough information given cannot determine without more context/information please try again later", "Caption: PTB test PPL as K varies from 1 to 10000 (100 for gated networks). At K = 100, the r-RNTN with f mapping already closely approximates the much bigger RNTN, with little gain for bigger K , showing that dedicated matrices should be reserved for frequent words as hypothesized.. Please provide a brief answer to the following question after looking into the input image and caption. Question: What is the effect of increasing K on the test PPL of the different models?. Increase"]}, "referred_figures_names": ["1704.00774v3-Figure1-1.png"], "answer": "The test PPL of all the models decreases as K increases."}}