{"0": {"question": "What is the role of the auxiliary discriminator $D_{X_{\\textit{aux}}}$ in the Conditional CycleGAN for identity-guided face generation?", "response": {"1705.09966v2-Figure3-1.png": ["Caption: Fig. 3. Our Conditional CycleGAN for identity-guided face generation. Different from attribute-guided face generation, we incorporate a face verification network as both the source of conditional vector z and the proposed identity loss in an auxiliary discriminator DXaux . The network DXaux is pretrained. Note the discriminators DX and DY are not shown for simplicity.. Is the input image and caption helpful to answer the following question. Answer in one word - Yes or No. Question: What is the role of the auxiliary discriminator $D_{X_{\\textit{aux}}}$ in the Conditional CycleGAN for identity-guided face generation?. 1920x856\nYes!", "Caption: Fig. 3. Our Conditional CycleGAN for identity-guided face generation. Different from attribute-guided face generation, we incorporate a face verification network as both the source of conditional vector z and the proposed identity loss in an auxiliary discriminator DXaux . The network DXaux is pretrained. Note the discriminators DX and DY are not shown for simplicity.. Please provide a brief answer to the following question after looking into the input image and caption. Question: What is the role of the auxiliary discriminator $D_{X_{\\textit{aux}}}$ in the Conditional CycleGAN for identity-guided face generation?. Incorporating a face verification network as both the source of conditional vector z and the proposed identity loss in an auxiliary discriminator DXaux"]}, "referred_figures_names": ["1705.09966v2-Figure3-1.png"], "answer": " The auxiliary discriminator $D_{X_{\\textit{aux}}}$ helps to enforce the identity constraint in the generated image. It takes the generated image or the ground truth image as input and outputs a feature embedding. This embedding is then used to compute the identity loss, which encourages the generated image to have the same identity as the input image."}, "1": {"question": "How does the proposed method compare to the method in~\\cite{kim2017learning}?", "response": {"1705.09966v2-Figure8-1.png": ["Caption: Fig. 8. Comparison results with [9]. Four source images are shown in top row. Images with blue and red bounding boxes indicates transferred results by [9] and results by our method, respectively.. Is the input image and caption helpful to answer the following question. Answer in one word - Yes or No. Question: How does the proposed method compare to the method in~\\cite{kim2017learning}?. 35% more accurate than theirs on average across all faces tested herein\nYes", "Caption: Fig. 8. Comparison results with [9]. Four source images are shown in top row. Images with blue and red bounding boxes indicates transferred results by [9] and results by our method, respectively.. Please provide a brief answer to the following question after looking into the input image and caption. Question: How does the proposed method compare to the method in~\\cite{kim2017learning}?. The proposed method outperforms the method in~\\cite{kim2017learning}"]}, "referred_figures_names": ["1705.09966v2-Figure8-1.png"], "answer": "The proposed method produces more realistic and natural-looking images than the method in~\\cite{kim2017learning}."}, "2": {"question": "Which of the methods among Conditional GAN, Unsupervised GAN and Consitional CycleGAN would you expect to produce images that are most visually similar to the real images in the CelebA dataset?", "response": {"1705.09966v2-Table1-1.png": ["Caption: Table 1. SSIM on CelebA test sets.. Is the input image and caption helpful to answer the following question. Answer in one word - Yes or No. Question: Which of the methods among Conditional GAN, Unsupervised GAN and Consitional CycleGAN would you expect to produce images that are most visually similar to the real images in the CelebA dataset?. 2nd option\nYes", "Caption: Table 1. SSIM on CelebA test sets.. Please provide a brief answer to the following question after looking into the input image and caption. Question: Which of the methods among Conditional GAN, Unsupervised GAN and Consitional CycleGAN would you expect to produce images that are most visually similar to the real images in the CelebA dataset?. Conditional GAN"]}, "referred_figures_names": ["1705.09966v2-Table1-1.png"], "answer": "The Conditional CycleGAN method is expected to produce images most visually similar to the real images."}, "3": {"question": "How does the proposed attribute-guided face generation method compare to conventional face super-resolution methods in terms of identity preservation?", "response": {"1705.09966v2-Figure1-1.png": ["Caption: Fig. 1. Identity-guided face generation. Top: identity-preserving face super-resolution where (a) is the identity image; (b) input photo; (c) image crop from (b) in low resolution; (d) our generated high-res result; (e) ground truth image. Bottom: face transfer, where (f) is the identity image; (g) input low-res image of another person provides overall shape constraint; (h) our generated high-res result where the man\u2019s identity is transferred. To produce the low-res input (g) we down-sample from (i), which is a woman\u2019s face.. Is the input image and caption helpful to answer the following question. Answer in one word - Yes or No. Question: How does the proposed attribute-guided face generation method compare to conventional face super-resolution methods in terms of identity preservation?. \u200bYes | Source Image A shows an example comparison between two images with different levels of detail/pixel size but similar content within each frame's bounding box area for better visualization purposes only as they are not part of any specific dataset used", "Caption: Fig. 1. Identity-guided face generation. Top: identity-preserving face super-resolution where (a) is the identity image; (b) input photo; (c) image crop from (b) in low resolution; (d) our generated high-res result; (e) ground truth image. Bottom: face transfer, where (f) is the identity image; (g) input low-res image of another person provides overall shape constraint; (h) our generated high-res result where the man\u2019s identity is transferred. To produce the low-res input (g) we down-sample from (i), which is a woman\u2019s face.. Please provide a brief answer to the following question after looking into the input image and caption. Question: How does the proposed attribute-guided face generation method compare to conventional face super-resolution methods in terms of identity preservation?. The proposed attribute-guided face generation method outperforms conventional face super-resolution methods in terms of identity preservation."]}, "referred_figures_names": ["1705.09966v2-Figure1-1.png"], "answer": "The proposed attribute-guided face generation method preserves the identity of the person in the high-resolution result, while conventional face super-resolution methods do not necessarily guarantee this."}, "4": {"question": "What role does the low-resolution input play in the identity-guided face generation process?", "response": {"1705.09966v2-Figure9-1.png": ["Caption: Fig. 9. Identity-guided face generation results on low-res input and high-res identity of the same person, i.e., identity-preserving face superresolution. (a) low-res inputs; (b) input identity of the same person; (c) our high-res face outputs (red boxes) from (a); (d) the high-res ground truth of (a).. Is the input image and caption helpful to answer the following question. Answer in one word - Yes or No. Question: What role does the low-resolution input play in the identity-guided face generation process?. 1024x768 resolution images are used as a starting point for generating higher quality faces with more details\nYes", "Caption: Fig. 9. Identity-guided face generation results on low-res input and high-res identity of the same person, i.e., identity-preserving face superresolution. (a) low-res inputs; (b) input identity of the same person; (c) our high-res face outputs (red boxes) from (a); (d) the high-res ground truth of (a).. Please provide a brief answer to the following question after looking into the input image and caption. Question: What role does the low-resolution input play in the identity-guided face generation process?. Low-resolution input"]}, "referred_figures_names": ["1705.09966v2-Figure9-1.png"], "answer": "The low-resolution input provides an overall shape constraint for the generated high-resolution image. The head pose and facial expression of the generated high-res images adopt those in the low-res inputs."}, "5": {"question": "What happens when there is a conflict between the low-res image and the feature vector?", "response": {"1705.09966v2-Figure4-1.png": ["Caption: Fig. 4. From the low-res digit images (a), we can generate high-res digit images (b) to (k) subject to the conditional constrain from the digit class label in the first row.. Is the input image and caption helpful to answer the following question. Answer in one word - Yes or No. Question: What happens when there is a conflict between the low-res image and the feature vector?. 10% of cases it will be rejected by SVM algorithm because they are not similar enough for classification purposes, but this does happen only about once out every ten times you try with different inputs/features\nYes", "Caption: Fig. 4. From the low-res digit images (a), we can generate high-res digit images (b) to (k) subject to the conditional constrain from the digit class label in the first row.. Please provide a brief answer to the following question after looking into the input image and caption. Question: What happens when there is a conflict between the low-res image and the feature vector?. The low-res image does not match the feature vector"]}, "referred_figures_names": ["1705.09966v2-Figure4-1.png"], "answer": "The generated high-res digit follows the given class label."}, "6": {"question": "What is the difference between the input and output of the frontal face generation process?", "response": {"1705.09966v2-Figure13-1.png": ["Caption: Fig. 13. Frontal face generation. Given a low-res template (a), our method can generate corresponding frontal faces from different side faces, e.g., (b) to (c), (d) to (e).. Is the input image and caption helpful to answer the following question. Answer in one word - Yes or No. Question: What is the difference between the input and output of the frontal face generation process?. 2 images are combined into an average result with some variations\nYes", "Caption: Fig. 13. Frontal face generation. Given a low-res template (a), our method can generate corresponding frontal faces from different side faces, e.g., (b) to (c), (d) to (e).. Please provide a brief answer to the following question after looking into the input image and caption. Question: What is the difference between the input and output of the frontal face generation process?. (b) To (c) To (d) To (e)"]}, "referred_figures_names": ["1705.09966v2-Figure13-1.png"], "answer": "The input is a low-resolution frontal face image and a high-resolution side-face image. The output is a high-resolution frontal face image."}, "7": {"question": "How does the proposed method preserve facial details and expression during face swapping?", "response": {"1705.09966v2-Figure11-1.png": ["Caption: Fig. 11. Face swapping results within the high-res domain. (a)(c) are inputs of two different persons; (b)(d) their face swapping results. The black arrows indicate the guidance of identity, i.e. (d) is transformed from (c) under the identity constraint of (a). Similarly, (b) is transformed from (a) under the identity of (c). Note how our method transforms the identity by altering the appearance of eyes, eyebrows, hairs etc, while keeping other factors intact, e.g., head pose, shape of face and facial expression.. Is the input image and caption helpful to answer the following question. Answer in one word - Yes or No. Question: How does the proposed method preserve facial details and expression during face swapping?. \u200bYes\n```", "Caption: Fig. 11. Face swapping results within the high-res domain. (a)(c) are inputs of two different persons; (b)(d) their face swapping results. The black arrows indicate the guidance of identity, i.e. (d) is transformed from (c) under the identity constraint of (a). Similarly, (b) is transformed from (a) under the identity of (c). Note how our method transforms the identity by altering the appearance of eyes, eyebrows, hairs etc, while keeping other factors intact, e.g., head pose, shape of face and facial expression.. Please provide a brief answer to the following question after looking into the input image and caption. Question: How does the proposed method preserve facial details and expression during face swapping?."]}, "referred_figures_names": ["1705.09966v2-Figure11-1.png"], "answer": "The proposed method utilizes Light-CNN as both the source of the identity features and face verification loss. This allows the method to transfer the appearance of eyes, eyebrows, hairs, etc., while keeping other factors intact, e.g., head pose, shape of face, and facial expression."}, "8": {"question": "How does the proposed method compare to icGAN in terms of generating images with different hair colors?", "response": {"1705.09966v2-Figure7-1.png": ["Caption: Fig. 7. Comparison with [13] by swapping facial attributes. Four paired examples are shown. Generally, our method can generate much better images compared to [13].. Is the input image and caption helpful to answer the following question. Answer in one word - Yes or No. Question: How does the proposed method compare to icGAN in terms of generating images with different hair colors?. 20% more realistic than GANs?", "Caption: Fig. 7. Comparison with [13] by swapping facial attributes. Four paired examples are shown. Generally, our method can generate much better images compared to [13].. Please provide a brief answer to the following question after looking into the input image and caption. Question: How does the proposed method compare to icGAN in terms of generating images with different hair colors?. Generally, our method can generate much better images compared to [13]."]}, "referred_figures_names": ["1705.09966v2-Figure7-1.png"], "answer": "The proposed method is able to generate images with different hair colors more accurately than icGAN."}, "9": {"question": "What is the role of the attribute vector $z$ in the Conditional CycleGAN network?", "response": {"1705.09966v2-Figure2-1.png": ["Caption: Fig. 2. Our Conditional CycleGAN for attribute-guided face generation. In contrast to the original CycleGAN, we embed an additional attribute vector z (e.g., blonde hair) which is associated with the input attribute image X to train a generator GY\u2192X as well as the original GX\u2192Y to generate high-res face image X\u0302 given the low-res input Y and the attribute vector z. Note the discriminators DX and DY are not shown for simplicity.. Is the input image and caption helpful to answer the following question. Answer in one word - Yes or No. Question: What is the role of the attribute vector $z$ in the Conditional CycleGAN network?. 1985", "Caption: Fig. 2. Our Conditional CycleGAN for attribute-guided face generation. In contrast to the original CycleGAN, we embed an additional attribute vector z (e.g., blonde hair) which is associated with the input attribute image X to train a generator GY\u2192X as well as the original GX\u2192Y to generate high-res face image X\u0302 given the low-res input Y and the attribute vector z. Note the discriminators DX and DY are not shown for simplicity.. Please provide a brief answer to the following question after looking into the input image and caption. Question: What is the role of the attribute vector $z$ in the Conditional CycleGAN network?. The role of the attribute vector $z$ in the Conditional CycleGAN network is to guide the generation of high-resolution images with specific attributes, such as blonde hair."]}, "referred_figures_names": ["1705.09966v2-Figure2-1.png"], "answer": "The attribute vector $z$ provides additional information about the desired attributes of the generated high-resolution face image $\\hat{X}$. This information is used by the generator networks $G_{X \\to Y}$ and $G_{Y \\to X}$ to generate images that are more consistent with the desired attributes."}}