{"0": {"question": "What is the main difference between the Multilinear Conditioning architecture and the Randomized Multilinear Conditioning architecture?", "response": {"1705.10667v4-Figure1-1.png": ["Caption: Architectures of Conditional Domain Adversarial Networks (CDAN) for domain adaptation, where domain-specific feature representation f and classifier prediction g embody the cross-domain gap to be reduced jointly by the conditional domain discriminatorD. (a) Multilinear (M) Conditioning, applicable to lower-dimensional scenario, where D is conditioned on classifier prediction g via multilinear map f \u2297 g; (b) Randomized Multilinear (RM) Conditioning, fit to higher-dimensional scenario, where D is conditioned on classifier prediction g via randomized multilinear map 1\u221a d (Rf f) (Rgg). Entropy Conditioning (dashed line) leads to CDAN+E that prioritizesD on easy-to-transfer examples.. Is the input image and caption helpful to answer the following question. Answer in one word - Yes or No. Question: What is the main difference between the Multilinear Conditioning architecture and the Randomized Multilinear Conditioning architecture?. 2048x3659 pixels", "Caption: Architectures of Conditional Domain Adversarial Networks (CDAN) for domain adaptation, where domain-specific feature representation f and classifier prediction g embody the cross-domain gap to be reduced jointly by the conditional domain discriminatorD. (a) Multilinear (M) Conditioning, applicable to lower-dimensional scenario, where D is conditioned on classifier prediction g via multilinear map f \u2297 g; (b) Randomized Multilinear (RM) Conditioning, fit to higher-dimensional scenario, where D is conditioned on classifier prediction g via randomized multilinear map 1\u221a d (Rf f) (Rgg). Entropy Conditioning (dashed line) leads to CDAN+E that prioritizesD on easy-to-transfer examples.. Please provide a brief answer to the following question after looking into the input image and caption. Question: What is the main difference between the Multilinear Conditioning architecture and the Randomized Multilinear Conditioning architecture?. The main difference between the Multilinear Conditioning architecture and the Randomized Multilinear Conditioning architecture is the number of dimensions."]}, "referred_figures_names": ["1705.10667v4-Figure1-1.png"], "answer": "The main difference is that the Multilinear Conditioning architecture uses a multilinear map to condition the domain discriminator on the classifier prediction, while the Randomized Multilinear Conditioning architecture uses a randomized multilinear map."}, "1": {"question": "Which of the four methods (ResNet, DANN, CDAN-f, CDAN-fg) is most effective at separating the two classes of data points?", "response": {"1705.10667v4-Figure3-1.png": ["Caption: T-SNE of (a) ResNet, (b) DANN, (c) CDAN-f, (d) CDAN-fg (red: A; blue: W).. Is the input image and caption helpful to answer the following question. Answer in one word - Yes or No. Question: Which of the four methods (ResNet, DANN, CDAN-f, CDAN-fg) is most effective at separating the two classes of data points?. 1024x768 resnets are used for feature learning on images with a size that can be easily handled by current hardware architectures like convolutional neural networks it'll have good generalization performance but not as well separated than", "Caption: T-SNE of (a) ResNet, (b) DANN, (c) CDAN-f, (d) CDAN-fg (red: A; blue: W).. Please provide a brief answer to the following question after looking into the input image and caption. Question: Which of the four methods (ResNet, DANN, CDAN-f, CDAN-fg) is most effective at separating the two classes of data points?. (d) CDAN-fg"]}, "referred_figures_names": ["1705.10667v4-Figure3-1.png"], "answer": "CDAN-fg"}, "2": {"question": "Why might CDAN+E be considered a more versatile method for unsupervised domain adaptation compared to UNIT, CyCADA, and GTA?", "response": {"1705.10667v4-Table4-1.png": ["Caption: Table 4: Accuracy (%) on Digits and VisDA-2017 for unsupervised domain adaptation (ResNet-50). Is the input image and caption helpful to answer the following question. Answer in one word - Yes or No. Question: Why might CDAN+E be considered a more versatile method for unsupervised domain adaptation compared to UNIT, CyCADA, and GTA?. 3689a", "Caption: Table 4: Accuracy (%) on Digits and VisDA-2017 for unsupervised domain adaptation (ResNet-50). Please provide a brief answer to the following question after looking into the input image and caption. Question: Why might CDAN+E be considered a more versatile method for unsupervised domain adaptation compared to UNIT, CyCADA, and GTA?. Because it has a higher accuracy percentage on digits and VisDA-2017 for unsupervised domain adaptation using ResNet-50 than UNIT, CyCADA, and GTA."]}, "referred_figures_names": ["1705.10667v4-Table4-1.png"], "answer": "CDAN+E performs well across all five datasets listed in the table, including both digit and synthetic-to-real datasets, while UNIT, CyCADA, and GTA show strong results only on the digits and synthetic-to-real datasets."}, "3": {"question": "Which sampling strategy for random matrices in CDAN+E leads to the highest average accuracy across all domain adaptation tasks on Office-31? How does this compare to the performance of CDAN+E variants that use random sampling?", "response": {"1705.10667v4-Table5-1.png": ["Caption: Table 5: Accuracy (%) of CDAN variants on Office-31 for unsupervised domain adaptation (ResNet). Is the input image and caption helpful to answer the following question. Answer in one word - Yes or No. Question: Which sampling strategy for random matrices in CDAN+E leads to the highest average accuracy across all domain adaptation tasks on Office-31? How does this compare to the performance of CDAN+E variants that use random sampling?. 20%", "Caption: Table 5: Accuracy (%) of CDAN variants on Office-31 for unsupervised domain adaptation (ResNet). Please provide a brief answer to the following question after looking into the input image and caption. Question: Which sampling strategy for random matrices in CDAN+E leads to the highest average accuracy across all domain adaptation tasks on Office-31? How does this compare to the performance of CDAN+E variants that use random sampling?. Unsupervised Domain Adaptation"]}, "referred_figures_names": ["1705.10667v4-Table5-1.png"], "answer": "The table shows that CDAN+E (w/o random sampling) achieves the highest average accuracy of 87.7% across all domain adaptation tasks. This is slightly higher than the performance of CDAN+E with uniform sampling (87.0%) and Gaussian sampling (86.4%)."}, "4": {"question": "Which model performs the best in terms of test error?", "response": {"1705.10667v4-Figure2-1.png": ["Caption: Analysis of conditioning strategies, distribution discrepancy, and convergence.. Is the input image and caption helpful to answer the following question. Answer in one word - Yes or No. Question: Which model performs the best in terms of test error?. 100%", "Caption: Analysis of conditioning strategies, distribution discrepancy, and convergence.. Please provide a brief answer to the following question after looking into the input image and caption. Question: Which model performs the best in terms of test error?. Model 1"]}, "referred_figures_names": ["1705.10667v4-Figure2-1.png"], "answer": "CDAN (M)"}}