{"0": {"question": "Which method achieves the highest Top-1 Accuracy for multi-shot person re-identification on the BIWI dataset, and how does it compare to the best single-shot method on the same dataset?", "response": {"1705.09882v2-Table1-1.png": ["Caption: Table 1. Single-shot and multi-shot person re-identification performance on the test set of DPI-T, BIWI and IIT PAVIS. Dashes indicate that no published result is available. Is the input image and caption helpful to answer the following question. Answer in one word - Yes or No. Question: Which method achieves the highest Top-1 Accuracy for multi-shot person re-identification on the BIWI dataset, and how does it compare to the best single-shot method on the same dataset?. 20% better than stateofart methods with a significant margin\nYes", "Caption: Table 1. Single-shot and multi-shot person re-identification performance on the test set of DPI-T, BIWI and IIT PAVIS. Dashes indicate that no published result is available. Please provide a brief answer to the following question after looking into the input image and caption. Question: Which method achieves the highest Top-1 Accuracy for multi-shot person re-identification on the BIWI dataset, and how does it compare to the best single-shot method on the same dataset?. Multi-Shot Person Re-identification (MSPR)"]}, "referred_figures_names": ["1705.09882v2-Table1-1.png"], "answer": "The proposed method with RTA attention achieves the highest Top-1 Accuracy for multi-shot person re-identification on the BIWI dataset with a score of 50.0%. This is significantly higher than the best single-shot method on the same dataset, which is our method (CNN) with a score of 25.4%."}, "1": {"question": "How does the proposed split-rate RGB-to-Depth transfer scheme differ from the R3D [90] method of Yosinski et al.?", "response": {"1705.09882v2-Figure4-1.png": ["Caption: Fig. 4. Our split-rate RGB-to-Depth transfer compared with Yosinski et al. [90]. At the top, the two models are trained from scratch with RGB and Depth data. Next we show the \u201cR3D\u201d instances (i.e. the bottom 3 layers\u2019 weights from RGB remain frozen or slowly changing) for both methods, following the notation of [90]. The color of each layer refers to the initialization and the number below is the relative learning rate (the best performing one in bold). The key differences are summarized in the text.. Is the input image and caption helpful to answer the following question. Answer in one word - Yes or No. Question: How does the proposed split-rate RGB-to-Depth transfer scheme differ from the R3D [90] method of Yosinski et al.?. 128", "Caption: Fig. 4. Our split-rate RGB-to-Depth transfer compared with Yosinski et al. [90]. At the top, the two models are trained from scratch with RGB and Depth data. Next we show the \u201cR3D\u201d instances (i.e. the bottom 3 layers\u2019 weights from RGB remain frozen or slowly changing) for both methods, following the notation of [90]. The color of each layer refers to the initialization and the number below is the relative learning rate (the best performing one in bold). The key differences are summarized in the text.. Please provide a brief answer to the following question after looking into the input image and caption. Question: How does the proposed split-rate RGB-to-Depth transfer scheme differ from the R3D [90] method of Yosinski et al.?. The proposed split-rate RGB-to-Depth transfer scheme differs from the R3D [90] method of Yosinski et al. in several ways, summarized as follows:  |  |  |  |  |  |  |  |  |  |  |  |  |  |  |  |  |  |  |  |  |  |  |  |  |  |  |  |  |  |  |  |  |  |  |  |  |  |  |  |  |  |  |  |  |  |  |  |  |  |  |  |  |  |  |  |  |  |  |  |  |  |  |  |  |  |  |  |  |  |  |  |  |  |  |  |  |  |  |  |  |  |  |  |  |  |  |  |  |  |  |  |  |  |  |  |  |  |  |  |  |  |  |  |  |  |"]}, "referred_figures_names": ["1705.09882v2-Figure4-1.png"], "answer": "The proposed split-rate RGB-to-Depth transfer scheme differs from the R3D [90] method in two ways. First, the proposed method uses a different learning rate for the bottom three layers of the network. Second, the proposed method uses a different initialization for the weights of the bottom three layers of the network."}, "2": {"question": "What is the difference between the grayscale depth representation and the result after background subtraction?", "response": {"1705.09882v2-Figure2-1.png": ["Caption: The cropped color image (left), the grayscale depth representation Dg p (center) and the result after background subtraction (right) using the body index information Bp from skeleton tracking.. Is the input image and caption helpful to answer the following question. Answer in one word - Yes or No. Question: What is the difference between the grayscale depth representation and the result after background subtraction?. 1089756432\nYes, it's a yes/no type of quiz with two options for each picture pairing on either side being presented as correct answers by default without any further explanation needed before clicking through", "Caption: The cropped color image (left), the grayscale depth representation Dg p (center) and the result after background subtraction (right) using the body index information Bp from skeleton tracking.. Please provide a brief answer to the following question after looking into the input image and caption. Question: What is the difference between the grayscale depth representation and the result after background subtraction?. Background subtraction"]}, "referred_figures_names": ["1705.09882v2-Figure2-1.png"], "answer": " The grayscale depth representation shows the depth of each pixel in the image, with darker pixels representing closer objects and lighter pixels representing further objects. The result after background subtraction shows only the foreground object, with the background removed."}, "3": {"question": "Which modality achieved the highest top-1 accuracy in the multi-shot evaluation on TUM-GAID?", "response": {"1705.09882v2-Table2-1.png": ["Caption: Top-1 re-identification accuracy (top-1, %) and normalized Area Under the Curve (nAUC, %) on TUM-GAID in newclothes scenario with single-shot (ss) and multi-shot (ms) evaluation. Is the input image and caption helpful to answer the following question. Answer in one word - Yes or No. Question: Which modality achieved the highest top-1 accuracy in the multi-shot evaluation on TUM-GAID?. 20% body depth\nYes", "Caption: Top-1 re-identification accuracy (top-1, %) and normalized Area Under the Curve (nAUC, %) on TUM-GAID in newclothes scenario with single-shot (ss) and multi-shot (ms) evaluation. Please provide a brief answer to the following question after looking into the input image and caption. Question: Which modality achieved the highest top-1 accuracy in the multi-shot evaluation on TUM-GAID?. Multi-shot"]}, "referred_figures_names": ["1705.09882v2-Table2-1.png"], "answer": "Body Depth & Head RGB (ms: LSTM & RTA)"}, "4": {"question": "What is the relationship between the Bernoulli parameter and the image?", "response": {"1705.09882v2-Figure6-1.png": ["Caption: Example sequence with the predicted Bernoulli parameter printed.. Is the input image and caption helpful to answer the following question. Answer in one word - Yes or No. Question: What is the relationship between the Bernoulli parameter and the image?. 1920s fashion model poses?", "Caption: Example sequence with the predicted Bernoulli parameter printed.. Please provide a brief answer to the following question after looking into the input image and caption. Question: What is the relationship between the Bernoulli parameter and the image?. Probability"]}, "referred_figures_names": ["1705.09882v2-Figure6-1.png"], "answer": "The Bernoulli parameter is a measure of the probability of a pixel being foreground or background. The higher the Bernoulli parameter, the more likely the pixel is to be foreground. This is reflected in the images, where the pixels with higher Bernoulli parameters are more likely to be part of the person's silhouette."}, "5": {"question": "Which part of the model is responsible for deciding which frames are most important for the re-identification task?", "response": {"1705.09882v2-Figure3-1.png": ["Caption: Fig. 3. Our model architecture consists of a frame-level feature embedding fCNN , which provides input to both a recurrent layer fLSTM and the Reinforced Temporal Attention (RTA) unit fw (highlighted in red). The classifier is attached to the hidden state ht and its video prediction is the weighted sum of single-frame predictions, where the weights wt for each frame t are predicted by the RTA unit.. Is the input image and caption helpful to answer the following question. Answer in one word - Yes or No. Question: Which part of the model is responsible for deciding which frames are most important for the re-identification task?. 10987654321", "Caption: Fig. 3. Our model architecture consists of a frame-level feature embedding fCNN , which provides input to both a recurrent layer fLSTM and the Reinforced Temporal Attention (RTA) unit fw (highlighted in red). The classifier is attached to the hidden state ht and its video prediction is the weighted sum of single-frame predictions, where the weights wt for each frame t are predicted by the RTA unit.. Please provide a brief answer to the following question after looking into the input image and caption. Question: Which part of the model is responsible for deciding which frames are most important for the re-identification task?. Recurrent Layer"]}, "referred_figures_names": ["1705.09882v2-Figure3-1.png"], "answer": "The Reinforced Temporal Attention (RTA) unit."}, "6": {"question": "How does the performance of our RGB-to-Depth transfer compare to Yosinski et al. [90] in terms of top-1 accuracy on DPI-T when all layers are fine-tuned?", "response": {"1705.09882v2-Figure5-1.png": ["Caption: Comparison of our RGB-to-Depth transfer with Yosinski et al. [90] in terms of top-1 accuracy on DPI-T. In this ablation study the x axis represents the number of layers whose weights are frozen (left) or fine-tuned (right) starting from the bottom.. Is the input image and caption helpful to answer the following question. Answer in one word - Yes or No. Question: How does the performance of our RGB-to-Depth transfer compare to Yosinski et al. [90] in terms of top-1 accuracy on DPI-T when all layers are fine-tuned?. 25% better than stateofart\nYes, it is possible for a model trained only by its own output layer using an LSTM architecture as well as a convolutional network based solely upon visual features alone can achieve comparable results compared", "Caption: Comparison of our RGB-to-Depth transfer with Yosinski et al. [90] in terms of top-1 accuracy on DPI-T. In this ablation study the x axis represents the number of layers whose weights are frozen (left) or fine-tuned (right) starting from the bottom.. Please provide a brief answer to the following question after looking into the input image and caption. Question: How does the performance of our RGB-to-Depth transfer compare to Yosinski et al. [90] in terms of top-1 accuracy on DPI-T when all layers are fine-tuned?."]}, "referred_figures_names": ["1705.09882v2-Figure5-1.png"], "answer": "The proposed RGB-to-Depth transfer performs slightly better than Yosinski et al. [90] in terms of top-1 accuracy on DPI-T when all layers are fine-tuned."}, "7": {"question": "What is the difference between the filter responses from the \u201cconv1\u201d, \u201cconv2\u201d and \u201cconv3\u201d layers for a given frame from the TUM GAID data using a framework for person re-identification from RGB and the feature embedding fCNN of a framework that utilizes depth data?", "response": {"1705.09882v2-Figure1-1.png": ["Caption: Filter responses from \u201cconv1\u201d (upper right), \u201cconv2\u201d (bottom left) and \u201cconv3\u201d (bottom right) layers for a given frame from the TUM GAID data using (a) a framework for person re-identification from RGB [82] and (b) the feature embedding fCNN of our framework, which is drawn in Fig. 3 and exclusively utilizes depth data.. Is the input image and caption helpful to answer the following question. Answer in one word - Yes or No. Question: What is the difference between the filter responses from the \u201cconv1\u201d, \u201cconv2\u201d and \u201cconv3\u201d layers for a given frame from the TUM GAID data using a framework for person re-identification from RGB and the feature embedding fCNN of a framework that utilizes depth data?. 0 yes | no\nYes", "Caption: Filter responses from \u201cconv1\u201d (upper right), \u201cconv2\u201d (bottom left) and \u201cconv3\u201d (bottom right) layers for a given frame from the TUM GAID data using (a) a framework for person re-identification from RGB [82] and (b) the feature embedding fCNN of our framework, which is drawn in Fig. 3 and exclusively utilizes depth data.. Please provide a brief answer to the following question after looking into the input image and caption. Question: What is the difference between the filter responses from the \u201cconv1\u201d, \u201cconv2\u201d and \u201cconv3\u201d layers for a given frame from the TUM GAID data using a framework for person re-identification from RGB and the feature embedding fCNN of a framework that utilizes depth data?.  |  |  |  |  |  |  |  |  |  |  |  |  |  |  |  |  |  |  |  |  |  |  |  |  |  |  |  |  |  |  |  |  |  |  |  |  |  |  |  |  |  |  |  |  |  |  |  |  |  |  |  |  |  |  |  |  |  |  |  |  |  |  |  |  |  |  |  |  |  |  |  |  |  |  |  |  |  |  |  |  |  |  |  |  |  |  |  |  |  |  |  |  |  |  |  |  |  |  |  |  |  |  |  |  |  |  |  |  |  |  |  |  |  |  |  |  |  |  |  |  |  |  |  |  |  |  |  |"]}, "referred_figures_names": ["1705.09882v2-Figure1-1.png"], "answer": "The filter responses from the \u201cconv1\u201d, \u201cconv2\u201d and \u201cconv3\u201d layers for a given frame from the TUM GAID data using a framework for person re-identification from RGB are more detailed and contain more information than the filter responses from the fCNN of a framework that utilizes depth data. This is because RGB images contain more information than depth images."}}