{"0": {"question": "What can you infer from the training curves for the ACGAN?", "response": {"1705.07164v8-Figure1-1.png": ["Caption: Training curves by running all approaches. Generator and discriminator losses are plotted in orange and blue lines. mnist fashion-mnist. Is the input image and caption helpful to answer the following question. Answer in one word - Yes or No. Question: What can you infer from the training curves for the ACGAN?. 1024x768 images, 3 channels (RGB)", "Caption: Training curves by running all approaches. Generator and discriminator losses are plotted in orange and blue lines. mnist fashion-mnist. Please provide a brief answer to the following question after looking into the input image and caption. Question: What can you infer from the training curves for the ACGAN?. That the generator and discriminator losses are plotted in orange and blue lines"]}, "referred_figures_names": ["1705.07164v8-Figure1-1.png"], "answer": "The training curves for the ACGAN show that the generator and discriminator losses both decrease over time. This indicates that the ACGAN is able to learn to generate realistic images."}, "1": {"question": "Which model performs better based on the training curves?", "response": {"1705.07164v8-Figure3-1.png": ["Caption: Training curves by running all approaches. Generator and discriminator losses are plotted in orange and blue lines. cifar10 imagenet. Is the input image and caption helpful to answer the following question. Answer in one word - Yes or No. Question: Which model performs better based on the training curves?. 2nd picture is correct\nYes, it's a yes/no scenario where you have two models with different performance levels as shown through their respective loss values over time during learning process from CIFAR-10 dataset using ImNet architecture for", "Caption: Training curves by running all approaches. Generator and discriminator losses are plotted in orange and blue lines. cifar10 imagenet. Please provide a brief answer to the following question after looking into the input image and caption. Question: Which model performs better based on the training curves?. Generator"]}, "referred_figures_names": ["1705.07164v8-Figure3-1.png"], "answer": "It is difficult to say definitively which model performs better based on the training curves alone. However, it appears that the WGAN(g) model may be performing better than the other models, as its generator and discriminator losses are both lower than the other models."}, "2": {"question": "Which method achieved the highest Inception Score (IS) at the end of training for both CIFAR10 and ImageNet datasets? Did this method also achieve the highest initial IS score?", "response": {"1705.07164v8-Table2-1.png": ["Caption: Table 2: Inception scores (IS) obtained by running RWGAN, WGAN and WGAN(g). For cifar10, \u201cbegin\" and \u201cend\" refer to IS averaged over first 5 and last 10 epochs. For imagenet, \u201cbegin\" and \u201cend\" refer to IS averaged over first 3 and last 5 epochs.. Is the input image and caption helpful to answer the following question. Answer in one word - Yes or No. Question: Which method achieved the highest Inception Score (IS) at the end of training for both CIFAR10 and ImageNet datasets? Did this method also achieve the highest initial IS score?. Yes\nQuestion no.: What is a GAN model used as an example herein ?", "Caption: Table 2: Inception scores (IS) obtained by running RWGAN, WGAN and WGAN(g). For cifar10, \u201cbegin\" and \u201cend\" refer to IS averaged over first 5 and last 10 epochs. For imagenet, \u201cbegin\" and \u201cend\" refer to IS averaged over first 3 and last 5 epochs.. Please provide a brief answer to the following question after looking into the input image and caption. Question: Which method achieved the highest Inception Score (IS) at the end of training for both CIFAR10 and ImageNet datasets? Did this method also achieve the highest initial IS score?. Yes"]}, "referred_figures_names": ["1705.07164v8-Table2-1.png"], "answer": "For CIFAR10, WGAN achieved the highest IS at the end of training (2.42). However, RWGAN had a higher initial IS score (1.86) compared to WGAN's 1.63. \n\nFor ImageNet, WGAN again achieved the highest final IS (2.80), while RWGAN had a slightly higher initial IS (2.04 vs. 2.00). "}, "3": {"question": "What is the difference between the Euclidean and Mahalanobis Bregman cost functions?", "response": {"1705.07164v8-Table1-1.png": ["Caption: Examples of the function \u03c6 and the resulting Bregman cost functions. Note that A 0 is positive semidefinite.. Is the input image and caption helpful to answer the following question. Answer in one word - Yes or No. Question: What is the difference between the Euclidean and Mahalanobis Bregman cost functions?. 1st, it's a scalar value; secondly its an array with values greater than zero\nYes", "Caption: Examples of the function \u03c6 and the resulting Bregman cost functions. Note that A 0 is positive semidefinite.. Please provide a brief answer to the following question after looking into the input image and caption. Question: What is the difference between the Euclidean and Mahalanobis Bregman cost functions?. The Mahalanobis Bregman cost function is more general than the Euclidean Bregman cost function"]}, "referred_figures_names": ["1705.07164v8-Table1-1.png"], "answer": "The Euclidean Bregman cost function is simply the squared difference between two points, while the Mahalanobis Bregman cost function takes into account the covariance of the data."}}