{"0": {"question": "Which component of the model seems to have the biggest impact on the F1 score on SQuAD dataset, and how much does removing it affect the score?", "response": {"1705.02798v6-Table4-1.png": ["Caption: Table 4: Ablation study on SQuAD dev set.. Is the input image and caption helpful to answer the following question. Answer in one word - Yes or No. Question: Which component of the model seems to have the biggest impact on the F1 score on SQuAD dataset, and how much does removing it affect the score?. 20%", "Caption: Table 4: Ablation study on SQuAD dev set.. Please provide a brief answer to the following question after looking into the input image and caption. Question: Which component of the model seems to have the biggest impact on the F1 score on SQuAD dataset, and how much does removing it affect the score?. Recurrent Multi-Layer Perceptron (RMLP)"]}, "referred_figures_names": ["1705.02798v6-Table4-1.png"], "answer": "The DCRL training method appears to have the biggest impact on the F1 score. Removing it leads to a drop of 0.9 points in F1, which is the largest decrease observed for any single component in the ablation study."}, "1": {"question": "Which model performs the best on the AddOneSent dataset in terms of F1 score?", "response": {"1705.02798v6-Table3-1.png": ["Caption: Performance comparison on two adversarial SQuAD datasets. Wang & Jiang[2017]1, Seo et al.[2017]2, Liu et al.[2017a]3, Shen et al.[2016]4 and Huang et al.[2017]5. \u2217 indicates ensemble models.. Is the input image and caption helpful to answer the following question. Answer in one word - Yes or No. Question: Which model performs the best on the AddOneSent dataset in terms of F1 score?. 8th row from bottom is correct\nYes", "Caption: Performance comparison on two adversarial SQuAD datasets. Wang & Jiang[2017]1, Seo et al.[2017]2, Liu et al.[2017a]3, Shen et al.[2016]4 and Huang et al.[2017]5. \u2217 indicates ensemble models.. Please provide a brief answer to the following question after looking into the input image and caption. Question: Which model performs the best on the AddOneSent dataset in terms of F1 score?. Liu et al.[2017a]"]}, "referred_figures_names": ["1705.02798v6-Table3-1.png"], "answer": "R.M.-Reader."}, "2": {"question": "How does the performance of the single R.M-Reader model compare to the best single models of other approaches on the SQuAD test set?", "response": {"1705.02798v6-Table2-1.png": ["Caption: Table 2: The performance of Reinforced Mnemonic Reader and other competing approaches on the SQuAD dataset. The results of test set are extracted on Feb 2, 2018: Rajpurkar et al.[2016]1, Xiong et al.[2017a]2, Huang et al.[2017]3, Liu et al.[2017b]4 and Peters[2018]5. \u2020 indicates unpublished works. BSE refers to BiDAF + Self Attention + ELMo.. Is the input image and caption helpful to answer the following question. Answer in one word - Yes or No. Question: How does the performance of the single R.M-Reader model compare to the best single models of other approaches on the SQuAD test set?. 9th percentile (RMS) for all methods is around .00%. It's a yes!", "Caption: Table 2: The performance of Reinforced Mnemonic Reader and other competing approaches on the SQuAD dataset. The results of test set are extracted on Feb 2, 2018: Rajpurkar et al.[2016]1, Xiong et al.[2017a]2, Huang et al.[2017]3, Liu et al.[2017b]4 and Peters[2018]5. \u2020 indicates unpublished works. BSE refers to BiDAF + Self Attention + ELMo.. Please provide a brief answer to the following question after looking into the input image and caption. Question: How does the performance of the single R.M-Reader model compare to the best single models of other approaches on the SQuAD test set?. It is not possible to determine the answer to this question from the information provided."]}, "referred_figures_names": ["1705.02798v6-Table2-1.png"], "answer": "The single R.M-Reader model achieves an EM score of 79.5% and an F1 score of 86.6% on the SQuAD test set. This performance is better than all other single models listed in the table, except for SLQA and Hybrid AoA Reader, which achieve slightly higher F1 scores of 87.0% and 87.3%, respectively."}, "3": {"question": "What are the two types of attention mechanisms used in the Reinforced Mnemonic Reader architecture?", "response": {"1705.02798v6-Figure3-1.png": ["Caption: Figure 3: The architecture overview of Reinforced Mnemonic Reader. The subfigures to the right show detailed demonstrations of the reattention mechanism: 1) refined Et to attend the query; 2) refined Bt to attend the context.. Is the input image and caption helpful to answer the following question. Answer in one word - Yes or No. Question: What are the two types of attention mechanisms used in the Reinforced Mnemonic Reader architecture?. \nYes, both \"refinement\" (re-aligned self attentive reader), as well as a combination with convolutional neural network layers called 'Refiner' is present within this model structure for better performance on text generation tasks like", "Caption: Figure 3: The architecture overview of Reinforced Mnemonic Reader. The subfigures to the right show detailed demonstrations of the reattention mechanism: 1) refined Et to attend the query; 2) refined Bt to attend the context.. Please provide a brief answer to the following question after looking into the input image and caption. Question: What are the two types of attention mechanisms used in the Reinforced Mnemonic Reader architecture?. Attention mechanism"]}, "referred_figures_names": ["1705.02798v6-Figure3-1.png"], "answer": "The two types of attention mechanisms are reattention and self-attention."}, "4": {"question": "What is the purpose of the fusion modules in the interactive alignment and self-alignment modules?", "response": {"1705.02798v6-Figure4-1.png": ["Caption: Figure 4: The detailed overview of a single aligning block. Different colors in E and B represent different degrees of similarity.. Is the input image and caption helpful to answer the following question. Answer in one word - Yes or No. Question: What is the purpose of the fusion modules in the interactive alignment and self-alignment modules?. 108967253", "Caption: Figure 4: The detailed overview of a single aligning block. Different colors in E and B represent different degrees of similarity.. Please provide a brief answer to the following question after looking into the input image and caption. Question: What is the purpose of the fusion modules in the interactive alignment and self-alignment modules?. The purpose of the fusion modules in the interactive alignment and self-alignment modules is to fuse the information from the two modules, providing a more accurate and complete representation of the input image."]}, "referred_figures_names": ["1705.02798v6-Figure4-1.png"], "answer": "The fusion modules are used to combine the outputs of the interactive alignment and self-alignment modules."}, "5": {"question": "How does reattention affect the redundancy and deficiency of attention distributions? Can you explain the observed differences in the impact of reattention on different blocks?", "response": {"1705.02798v6-Table5-1.png": ["Caption: Table 5: Comparison of KL diverfence on different attention distributions on SQuAD dev set.. Is the input image and caption helpful to answer the following question. Answer in one word - Yes or No. Question: How does reattention affect the redundancy and deficiency of attention distributions? Can you explain the observed differences in the impact of reattention on different blocks?. 1024x768, 32 channels (KLD) + Redundancies = 9/10 for EoF-Dense Blocks; 1024 x 768 , e", "Caption: Table 5: Comparison of KL diverfence on different attention distributions on SQuAD dev set.. Please provide a brief answer to the following question after looking into the input image and caption. Question: How does reattention affect the redundancy and deficiency of attention distributions? Can you explain the observed differences in the impact of reattention on different blocks?."]}, "referred_figures_names": ["1705.02798v6-Table5-1.png"], "answer": "This paper shows that reattention helps alleviate both redundancy and deficiency in attention distributions.\n\nRedundancy: Reattention increases the KL divergence between adjacent attention blocks, indicating that the attention distributions across blocks become more distinct and less redundant.\nDeficiency: Reattention reduces the KL divergence between the normalized attention distribution ($E^t$) and the ideal uniform distribution (${E^t}^*$), suggesting that the attention becomes more balanced and closer to the desired distribution.\nHowever, the improvement in redundancy is more pronounced between the first two blocks ($E^1$ to $E^2$) than the last two blocks ($B^2$ to $B^3$). This suggests that the first reattention is more effective in capturing word pair similarities using the original word representations. In contrast, the later reattention might be negatively impacted by the highly non-linear word representations generated in the previous layers."}}