{"0": {"question": "What is the initial value of V2 in the interval [0.35, 0.67]?", "response": {"1705.02946v3-Table2-1.png": ["Caption: Initial configuration for envy-free lower bound.. Is the input image and caption helpful to answer the following question. Answer in one word - Yes or No. Question: What is the initial value of V2 in the interval [0.35, 0.67]?. 1498?", "Caption: Initial configuration for envy-free lower bound.. Please provide a brief answer to the following question after looking into the input image and caption. Question: What is the initial value of V2 in the interval [0.35, 0.67]?. 0.35"]}, "referred_figures_names": ["1705.02946v3-Table2-1.png"], "answer": "0.35"}, "1": {"question": "What is the distance from equitability for the allocation that can be obtained by cutting at $x$ with the player order $(1,2)$?", "response": {"1705.02946v3-Figure2-1.png": ["Caption: Figure 2: Construction for equitable lower bound. The distance from a connected equitable and proportional allocation is b\u2212 a, where 0 < a < b < 0.5 and 0 < x < y < 1.. Is the input image and caption helpful to answer the following question. Answer in one word - Yes or No. Question: What is the distance from equitability for the allocation that can be obtained by cutting at $x$ with the player order $(1,2)$?. 3/4 of (b-a) + half(y+z).", "Caption: Figure 2: Construction for equitable lower bound. The distance from a connected equitable and proportional allocation is b\u2212 a, where 0 < a < b < 0.5 and 0 < x < y < 1.. Please provide a brief answer to the following question after looking into the input image and caption. Question: What is the distance from equitability for the allocation that can be obtained by cutting at $x$ with the player order $(1,2)$?. b - a"]}, "referred_figures_names": ["1705.02946v3-Figure2-1.png"], "answer": "The distance from equitability is $b-a$."}, "2": {"question": "What is the upper bound on the query complexity for finding an \u03b5-perfect allocation with minimum cuts for 3 or more players?", "response": {"1705.02946v3-Table1-1.png": ["Caption: Query complexity in cake cutting in the standard query model. Our results are marked with (\u2217). The lower bounds for finding \u03b5-perfect and \u03b5-equitable allocations for n \u2265 3 players hold for any number of cuts [PW17]. The bounds for exact envy-free and proportional allocations hold for any number of cuts, except the upper bound for proportional works for connected pieces.. Is the input image and caption helpful to answer the following question. Answer in one word - Yes or No. Question: What is the upper bound on the query complexity for finding an \u03b5-perfect allocation with minimum cuts for 3 or more players?. 2n/e + O(\u221alogv)\nYes", "Caption: Query complexity in cake cutting in the standard query model. Our results are marked with (\u2217). The lower bounds for finding \u03b5-perfect and \u03b5-equitable allocations for n \u2265 3 players hold for any number of cuts [PW17]. The bounds for exact envy-free and proportional allocations hold for any number of cuts, except the upper bound for proportional works for connected pieces.. Please provide a brief answer to the following question after looking into the input image and caption. Question: What is the upper bound on the query complexity for finding an \u03b5-perfect allocation with minimum cuts for 3 or more players?. 4"]}, "referred_figures_names": ["1705.02946v3-Table1-1.png"], "answer": "O(n^3 / \u03b5)"}}