{"0": {"question": "Which policy learning method achieved the lowest regret in Ex. 2?", "response": {"1705.07384v2-Figure2-1.png": ["Caption: Policy learning results in Ex. 2; numbers denote regret. Is the input image and caption helpful to answer the following question. Answer in one word - Yes or No. Question: Which policy learning method achieved the lowest regret in Ex. 2?. 10% of time it was correct, but only had a single loss at other times? no regrets were observed for this algorithm on any day during training period\n yes", "Caption: Policy learning results in Ex. 2; numbers denote regret. Please provide a brief answer to the following question after looking into the input image and caption. Question: Which policy learning method achieved the lowest regret in Ex. 2?.5 0 0 0 0 0 0 0 0 0 0 0 0 0 0 0 0 0 0 0 0 0 0 0 0 0 0 0 0 0 0 0 0 0 0 0 0 0 0 0 0 0 0 0 0 0 0 0 0 0 0 0 0 0 0 0 0 0 0 0 0 0 0 0 0 0 0 0 0 0 0 0 0 0 0 0 0 0 0 0 0 0 0 0 0 0 0 0 0 0 0 0 0 0 0 0 0 0 0 0 0 0 0 0 0 0 0 0 0 0 0 0 0 0 0 0 0 0 0 0 0 0 0 0 0 0 0 0"]}, "referred_figures_names": ["1705.07384v2-Figure2-1.png"], "answer": "The DR-SVM method achieved the lowest regret in Ex. 2, with a regret of 0.18."}}