{"0": {"question": "How does the test accuracy of the different models vary with the hyperparameter \u03bb?", "response": {"1705.08016v3-Figure2-1.png": ["Caption: (left) Variation of test accuracy on CUB-200-2011 with logarithmic variation in hyperparameter \u03bb. (right) Convergence plot of GoogLeNet on CUB-200-2011.. Is the input image and caption helpful to answer the following question. Answer in one word - Yes or No. Question: How does the test accuracy of the different models vary with the hyperparameter \u03bb?. 3569478, 3569478 are two numbers that have a difference between them but they both contain three digits each followed by four zeros after it which is not an actual number value as such for this context", "Caption: (left) Variation of test accuracy on CUB-200-2011 with logarithmic variation in hyperparameter \u03bb. (right) Convergence plot of GoogLeNet on CUB-200-2011.. Please provide a brief answer to the following question after looking into the input image and caption. Question: How does the test accuracy of the different models vary with the hyperparameter \u03bb?. Logarithmic"]}, "referred_figures_names": ["1705.08016v3-Figure2-1.png"], "answer": "The test accuracy of all models decreases as \u03bb increases."}, "1": {"question": "Which method achieves the highest Top-1 accuracy on the CUB-200-2011 dataset?", "response": {"1705.08016v3-Table2-1.png": ["Caption: Pairwise Confusion (PC) obtains state-of-the-art performance on six widelyused fine-grained visual classification datasets (A-F). Improvement over the baseline model is reported as (\u2206). All results averaged over 5 trials.. Is the input image and caption helpful to answer the following question. Answer in one word - Yes or No. Question: Which method achieves the highest Top-1 accuracy on the CUB-200-2011 dataset?. \u221a Yes, Method A\nDescription The authors of this paper have achieved a new record for top performing models using convolutional neural networks with backpropagation training algorithms by improving upon their previous best result from last year's competition at CVPR", "Caption: Pairwise Confusion (PC) obtains state-of-the-art performance on six widelyused fine-grained visual classification datasets (A-F). Improvement over the baseline model is reported as (\u2206). All results averaged over 5 trials.. Please provide a brief answer to the following question after looking into the input image and caption. Question: Which method achieves the highest Top-1 accuracy on the CUB-200-2011 dataset?. State-of-the-art"]}, "referred_figures_names": ["1705.08016v3-Table2-1.png"], "answer": "PC-DenseNet-161"}, "2": {"question": "How does Pairwise Confusion (PC) affect the localization ability of a CNN?", "response": {"1705.08016v3-Figure3-1.png": ["Caption: Fig. 3. Pairwise Confusion (PC) obtains improved localization performance, as demonstrated here with Grad-CAM heatmaps of the CUB-200-2011 dataset images (left) with a VGGNet-16 model trained without PC (middle) and with PC (right). The objects in (a) and (b) are correctly classified by both networks, and (c) and (d) are correctly classified by PC, but not the baseline network (VGG-16). For all cases, we consistently observe a tighter and more accurate localization with PC, whereas the baseline VGG-16 network often latches on to artifacts, even while making correct predictions.. Is the input image and caption helpful to answer the following question. Answer in one word - Yes or No. Question: How does Pairwise Confusion (PC) affect the localization ability of a CNN?. \u200bYes | Source", "Caption: Fig. 3. Pairwise Confusion (PC) obtains improved localization performance, as demonstrated here with Grad-CAM heatmaps of the CUB-200-2011 dataset images (left) with a VGGNet-16 model trained without PC (middle) and with PC (right). The objects in (a) and (b) are correctly classified by both networks, and (c) and (d) are correctly classified by PC, but not the baseline network (VGG-16). For all cases, we consistently observe a tighter and more accurate localization with PC, whereas the baseline VGG-16 network often latches on to artifacts, even while making correct predictions.. Please provide a brief answer to the following question after looking into the input image and caption. Question: How does Pairwise Confusion (PC) affect the localization ability of a CNN?. Pairwise Confusion (PC) improves the localization ability of a Convolutional Neural Network (CNN)."]}, "referred_figures_names": ["1705.08016v3-Figure3-1.png"], "answer": "PC improves the localization ability of a CNN."}, "3": {"question": "Which dataset has the highest number of samples per class?", "response": {"1705.08016v3-Table1-1.png": ["Caption: A comparison of fine-grained visual classification (FGVC) datasets with largescale visual classification (LSVC) datasets. FGVC datasets are significantly smaller and noisier than LSVC datasets.. Is the input image and caption helpful to answer the following question. Answer in one word - Yes or No. Question: Which dataset has the highest number of samples per class?. 1024x768", "Caption: A comparison of fine-grained visual classification (FGVC) datasets with largescale visual classification (LSVC) datasets. FGVC datasets are significantly smaller and noisier than LSVC datasets.. Please provide a brief answer to the following question after looking into the input image and caption. Question: Which dataset has the highest number of samples per class?. Largescale Visual Classification"]}, "referred_figures_names": ["1705.08016v3-Table1-1.png"], "answer": "SVHN"}, "4": {"question": "Which dataset benefited more from the Pairwise Confusion (PC) optimization method: ImageNet-Dogs or ImageNet-Random?", "response": {"1705.08016v3-Table3-1.png": ["Caption: Table 3. Experiments with ImageNet and CIFAR show that datasets with large intraclass variation and high inter-class similarity benefit from optimization with Pairwise Confusion. Only the mean accuracy over 3 Imagenet-Random experiments is shown.. Is the input image and caption helpful to answer the following question. Answer in one word - Yes or No. Question: Which dataset benefited more from the Pairwise Confusion (PC) optimization method: ImageNet-Dogs or ImageNet-Random?. 10% of images are mislabeled as dogs, but only a few have been labled incorrectly by humans; most labels were generated randomly using an algorithm called random walk down error pathway which has no prior knowledge about dog breeds\nYes", "Caption: Table 3. Experiments with ImageNet and CIFAR show that datasets with large intraclass variation and high inter-class similarity benefit from optimization with Pairwise Confusion. Only the mean accuracy over 3 Imagenet-Random experiments is shown.. Please provide a brief answer to the following question after looking into the input image and caption. Question: Which dataset benefited more from the Pairwise Confusion (PC) optimization method: ImageNet-Dogs or ImageNet-Random?. ImageNet-Dogs"]}, "referred_figures_names": ["1705.08016v3-Table3-1.png"], "answer": "ImageNet-Dogs benefited more from the PC optimization method compared to ImageNet-Random."}, "5": {"question": "What is the role of the shared weights in the Siamese-like architecture shown in the first figure?", "response": {"1705.08016v3-Figure1-1.png": ["Caption: Fig. 1. CNN training pipeline for Pairwise Confusion (PC). We employ a Siamese-like architecture, with individual cross entropy calculations for each branch, followed by a joint energy-distance minimization loss. We split each incoming batch of samples into two mini-batches, and feed the network pairwise samples.. Is the input image and caption helpful to answer the following question. Answer in one word - Yes or No. Question: What is the role of the shared weights in the Siamese-like architecture shown in the first figure?. 2018", "Caption: Fig. 1. CNN training pipeline for Pairwise Confusion (PC). We employ a Siamese-like architecture, with individual cross entropy calculations for each branch, followed by a joint energy-distance minimization loss. We split each incoming batch of samples into two mini-batches, and feed the network pairwise samples.. Please provide a brief answer to the following question after looking into the input image and caption. Question: What is the role of the shared weights in the Siamese-like architecture shown in the first figure?. The role of the shared weights in the Siamese-like architecture shown in the first figure is to reduce the number of parameters that need to be optimized during the training process."]}, "referred_figures_names": ["1705.08016v3-Figure1-1.png"], "answer": "The shared weights allow the two branches of the network to learn similar representations of the input images. This helps to improve the performance of the Euclidean Confusion loss, which measures the distance between the conditional probability distributions of the two branches."}}