{"0": {"question": "Which year is most associated with the terms \"sept\", \"hijackers\", and \"attacks\"?", "response": {"1705.09296v2-Figure3-1.png": ["Caption: Figure 3: Learned embeddings of year-ofpublication (treated as a covariate) from combined model of news articles about immigration.. Is the input image and caption helpful to answer the following question. Answer in one word - Yes or No. Question: Which year is most associated with the terms \"sept\", \"hijackers\", and \"attacks\"?. 2019", "Caption: Figure 3: Learned embeddings of year-ofpublication (treated as a covariate) from combined model of news articles about immigration.. Please provide a brief answer to the following question after looking into the input image and caption. Question: Which year is most associated with the terms \"sept\", \"hijackers\", and \"attacks\"?. 2001"]}, "referred_figures_names": ["1705.09296v2-Figure3-1.png"], "answer": "2001"}, "1": {"question": "Which node in the generative model represents the latent variable?", "response": {"1705.09296v2-Figure1-1.png": ["Caption: Figure 1a presents the generative story of our model. Figure 1b illustrates the inference network using the reparametrization trick to perform variational inference on our model. Shaded nodes are observed; double circles indicate deterministic transformations of parent nodes.. Is the input image and caption helpful to answer the following question. Answer in one word - Yes or No. Question: Which node in the generative model represents the latent variable?. 0, B\nYes", "Caption: Figure 1a presents the generative story of our model. Figure 1b illustrates the inference network using the reparametrization trick to perform variational inference on our model. Shaded nodes are observed; double circles indicate deterministic transformations of parent nodes.. Please provide a brief answer to the following question after looking into the input image and caption. Question: Which node in the generative model represents the latent variable?. B"]}, "referred_figures_names": ["1705.09296v2-Figure1-1.png"], "answer": "The node labeled \u03b7 represents the latent variable."}, "2": {"question": "Which model achieves the best NPMI scores (both internal and external) in the unsupervised setting, and what trade-off does this model exhibit compared to other models?", "response": {"1705.09296v2-Table1-1.png": ["Caption: Table 1: Performance of our various models in an unsupervised setting (i.e., without labels or covariates) on the IMDB dataset using a 5,000-word vocabulary and 50 topics. The supplementary materials contain additional results for 20 newsgroups and Yahoo answers.. Is the input image and caption helpful to answer the following question. Answer in one word - Yes or No. Question: Which model achieves the best NPMI scores (both internal and external) in the unsupervised setting, and what trade-off does this model exhibit compared to other models?. 368974aacbdeaaedcbaebdccfdfdddcbbbcbfcbcdbdffdbadfbdafdcafaafdbcdefabcbeefcecfcccfeeeeedecfcffe", "Caption: Table 1: Performance of our various models in an unsupervised setting (i.e., without labels or covariates) on the IMDB dataset using a 5,000-word vocabulary and 50 topics. The supplementary materials contain additional results for 20 newsgroups and Yahoo answers.. Please provide a brief answer to the following question after looking into the input image and caption. Question: Which model achieves the best NPMI scores (both internal and external) in the unsupervised setting, and what trade-off does this model exhibit compared to other models?. LDA"]}, "referred_figures_names": ["1705.09296v2-Table1-1.png"], "answer": "The Scholar + w.v. model achieves the best NPMI scores (both internal and external) in the unsupervised setting. However, this model also has the highest number of people parameters, indicating a trade-off between topic coherence and model complexity."}, "3": {"question": "Which topic has the highest internal coherence value?", "response": {"1705.09296v2-Table6-1.png": ["Caption: Topics from the unsupervised SCHOLAR on the 20 newsgroups dataset, and the corresponding internal coherence values.. Is the input image and caption helpful to answer the following question. Answer in one word - Yes or No. Question: Which topic has the highest internal coherence value?. 1986 3574", "Caption: Topics from the unsupervised SCHOLAR on the 20 newsgroups dataset, and the corresponding internal coherence values.. Please provide a brief answer to the following question after looking into the input image and caption. Question: Which topic has the highest internal coherence value?. Unsupervised Scholar on the 20 newsgroups dataset"]}, "referred_figures_names": ["1705.09296v2-Table6-1.png"], "answer": "The topic with the highest internal coherence value is \"turks armenian armenia turkish roads escape soviet muslim mountain soul\"."}, "4": {"question": "Which model performed best on the IMDB dataset for classifying documents with categorical labels, and how much better did it perform compared to the SLDA model?", "response": {"1705.09296v2-Table2-1.png": ["Caption: Table 2: Accuracy of various models on three datasets with categorical labels.. Is the input image and caption helpful to answer the following question. Answer in one word - Yes or No. Question: Which model performed best on the IMDB dataset for classifying documents with categorical labels, and how much better did it perform compared to the SLDA model?. 10% more accurate than SLDA\nYes", "Caption: Table 2: Accuracy of various models on three datasets with categorical labels.. Please provide a brief answer to the following question after looking into the input image and caption. Question: Which model performed best on the IMDB dataset for classifying documents with categorical labels, and how much better did it perform compared to the SLDA model?. SVM"]}, "referred_figures_names": ["1705.09296v2-Table2-1.png"], "answer": "Both the SCHOLAR (covariates) and Logistic Regression models achieved the highest accuracy of 0.87 on the IMDB dataset. This represents a 0.23 improvement over the SLDA model, which achieved an accuracy of 0.64."}, "5": {"question": "Which topic is most likely to be associated with a pro-immigration stance?", "response": {"1705.09296v2-Figure2-1.png": ["Caption: Figure 2: Topics inferred by a joint model of words and tone, and the corresponding probability of proimmigration tone for each topic. A topic is represented by the top words sorted by word probability throughout the paper.. Is the input image and caption helpful to answer the following question. Answer in one word - Yes or No. Question: Which topic is most likely to be associated with a pro-immigration stance?. 10% English language community", "Caption: Figure 2: Topics inferred by a joint model of words and tone, and the corresponding probability of proimmigration tone for each topic. A topic is represented by the top words sorted by word probability throughout the paper.. Please provide a brief answer to the following question after looking into the input image and caption. Question: Which topic is most likely to be associated with a pro-immigration stance?. English language community"]}, "referred_figures_names": ["1705.09296v2-Figure2-1.png"], "answer": "\"english language city spanish community\""}, "6": {"question": "How does the model capture different perspectives on immigration when considering tone as a covariate?", "response": {"1705.09296v2-Table3-1.png": ["Caption: Table 3: Top words for topics (left) and the corresponding anti-immigration (middle) and pro-immigration (right) variations when treating tone as a covariate, with interactions.. Is the input image and caption helpful to answer the following question. Answer in one word - Yes or No. Question: How does the model capture different perspectives on immigration when considering tone as a covariate?. \u200bNo", "Caption: Table 3: Top words for topics (left) and the corresponding anti-immigration (middle) and pro-immigration (right) variations when treating tone as a covariate, with interactions.. Please provide a brief answer to the following question after looking into the input image and caption. Question: How does the model capture different perspectives on immigration when considering tone as a covariate?. The model captures different perspectives on immigration by considering tone as a covariate."]}, "referred_figures_names": ["1705.09296v2-Table3-1.png"], "answer": "The model captures different perspectives on immigration by highlighting contrasting words associated with the same topic, depending on whether the tone is anti-immigration or pro-immigration."}}