{"0": {"question": "What is the difference between the conventional semantic segmentation pipeline and the proposed framework for joint image denoising and semantic segmentation?", "response": {"1706.04284v3-Figure1-1.png": ["Caption: (a) Upper: conventional semantic segmentation pipeline; lower: our proposed framework for joint image denoising and semantic segmentation. (b) Zoom-in regions of a noisy input, its denoised estimates using CBM3D and our proposed method, as well as its ground truth.. Is the input image and caption helpful to answer the following question. Answer in one word - Yes or No. Question: What is the difference between the conventional semantic segmentation pipeline and the proposed framework for joint image denoising and semantic segmentation?. 1024x768 pixels", "Caption: (a) Upper: conventional semantic segmentation pipeline; lower: our proposed framework for joint image denoising and semantic segmentation. (b) Zoom-in regions of a noisy input, its denoised estimates using CBM3D and our proposed method, as well as its ground truth.. Please provide a brief answer to the following question after looking into the input image and caption. Question: What is the difference between the conventional semantic segmentation pipeline and the proposed framework for joint image denoising and semantic segmentation?. Joint image denoising and semantic segmentation"]}, "referred_figures_names": ["1706.04284v3-Figure1-1.png"], "answer": "The conventional semantic segmentation pipeline performs semantic segmentation directly on the noisy input image, while the proposed framework first denoises the image before performing semantic segmentation."}, "1": {"question": " Which denoiser performs the best on the sheep image, and how can you tell?", "response": {"1706.04284v3-Figure5-1.png": ["Caption: Two semantic segmentation examples from Pascal VOC 2012 validation set. From left to right: (a) the ground truth image, the denoised image using (b) the separately trained denoiser, (c) the denoiser trained with the reconstruction and segmentation joint loss, and (d) the denoiser trained with the classification network and evaluated for semantic segmentation. Their corresponding segmentation label maps are shown below. The zoom-in region which generates inaccurate segmentation in (b) is displayed in the red box.. Is the input image and caption helpful to answer the following question. Answer in one word - Yes or No. Question:  Which denoiser performs the best on the sheep image, and how can you tell?.  Yes", "Caption: Two semantic segmentation examples from Pascal VOC 2012 validation set. From left to right: (a) the ground truth image, the denoised image using (b) the separately trained denoiser, (c) the denoiser trained with the reconstruction and segmentation joint loss, and (d) the denoiser trained with the classification network and evaluated for semantic segmentation. Their corresponding segmentation label maps are shown below. The zoom-in region which generates inaccurate segmentation in (b) is displayed in the red box.. Please provide a brief answer to the following question after looking into the input image and caption. Question:  Which denoiser performs the best on the sheep image, and how can you tell?. The denoiser trained with the reconstruction and segmentation joint loss performs the best on the sheep image."]}, "referred_figures_names": ["1706.04284v3-Figure5-1.png"], "answer": " The denoiser trained with the classification network and evaluated for semantic segmentation performs the best on the sheep image. This is because the segmentation label map for this denoiser is the most accurate, and it correctly identifies the sheep's body and legs. "}, "2": {"question": "What is the purpose of the skip connections in the proposed denoising network?", "response": {"1706.04284v3-Figure2-1.png": ["Caption: (a) Overview of our proposed denoising network. (b) Architecture of the feature encoding module. (c) Architecture of the feature decoding module.. Is the input image and caption helpful to answer the following question. Answer in one word - Yes or No. Question: What is the purpose of the skip connections in the proposed denoising network?. 1024973568 yes, it helps with information flow between layers | no explanation available yet for this conceptual block diagram showing architecture details that are important when designing a convolutional neural netowrk using caff", "Caption: (a) Overview of our proposed denoising network. (b) Architecture of the feature encoding module. (c) Architecture of the feature decoding module.. Please provide a brief answer to the following question after looking into the input image and caption. Question: What is the purpose of the skip connections in the proposed denoising network?. (c) Architecture of the feature decoding module"]}, "referred_figures_names": ["1706.04284v3-Figure2-1.png"], "answer": "The skip connections are used to combine the features from the encoding and decoding modules at each scale. This helps to preserve the spatial information that is lost during the downsampling and upsampling operations."}, "3": {"question": "Which denoising method performs the best on average across all noise levels tested on the Kodak dataset?", "response": {"1706.04284v3-Table1-1.png": ["Caption: Table 1: Color image denoising results (PSNR) of different methods on Kodak dataset. The best result is shown in bold.. Is the input image and caption helpful to answer the following question. Answer in one word - Yes or No. Question: Which denoising method performs the best on average across all noise levels tested on the Kodak dataset?. 256x307 pixels", "Caption: Table 1: Color image denoising results (PSNR) of different methods on Kodak dataset. The best result is shown in bold.. Please provide a brief answer to the following question after looking into the input image and caption. Question: Which denoising method performs the best on average across all noise levels tested on the Kodak dataset?. Denoise 1"]}, "referred_figures_names": ["1706.04284v3-Table1-1.png"], "answer": "The proposed method performs the best on average across all noise levels tested on the Kodak dataset."}}