{"0": {"question": "What is the relationship between projection sparsity and normalized reconstruction error?", "response": {"1706.08146v3-Figure5-1.png": ["Caption: Figure 5: NMF reconstruction error vs. projection matrix column sparsity.. Is the input image and caption helpful to answer the following question. Answer in one word - Yes or No. Question: What is the relationship between projection sparsity and normalized reconstruction error?. 10% of columns are nonzero for a given row (i)", "Caption: Figure 5: NMF reconstruction error vs. projection matrix column sparsity.. Please provide a brief answer to the following question after looking into the input image and caption. Question: What is the relationship between projection sparsity and normalized reconstruction error?. Higher"]}, "referred_figures_names": ["1706.08146v3-Figure5-1.png"], "answer": "The normalized reconstruction error decreases as the projection sparsity increases, up to a certain point. After that, the error starts to increase again."}, "1": {"question": "What is the relationship between compression factor and reconstruction error?", "response": {"1706.08146v3-Figure6-1.png": ["Caption: Figure 6: Accuracy of tensor decomposition on compressed EEG data. Left: Normalized reconstruction error; dashed line indicates baseline reconstruction error on original data. Right: Median Pearson correlations between recovered factors and factors computed from original data.. Is the input image and caption helpful to answer the following question. Answer in one word - Yes or No. Question: What is the relationship between compression factor and reconstruction error?. 10%", "Caption: Figure 6: Accuracy of tensor decomposition on compressed EEG data. Left: Normalized reconstruction error; dashed line indicates baseline reconstruction error on original data. Right: Median Pearson correlations between recovered factors and factors computed from original data.. Please provide a brief answer to the following question after looking into the input image and caption. Question: What is the relationship between compression factor and reconstruction error?. Directly proportional"]}, "referred_figures_names": ["1706.08146v3-Figure6-1.png"], "answer": "The reconstruction error increases as the compression factor increases."}, "2": {"question": "What are the three steps involved in compressed matrix factorization?", "response": {"1706.08146v3-Figure1-1.png": ["Caption: Figure 1: Schematic illustration of compressed matrix factorization. (i) The matrix M\u0303 is a compressed version of the full data matrix M . (ii) We directly factorize M\u0303 to obtain matrices W\u0303 and H\u0303. (iii) Finally, we approximate the left factor of M via sparse recovery on each column of W\u0303 .. Is the input image and caption helpful to answer the following question. Answer in one word - Yes or No. Question: What are the three steps involved in compressed matrix factorization?. 3 step process diagram for compresed mtrx facoriztion\nYes", "Caption: Figure 1: Schematic illustration of compressed matrix factorization. (i) The matrix M\u0303 is a compressed version of the full data matrix M . (ii) We directly factorize M\u0303 to obtain matrices W\u0303 and H\u0303. (iii) Finally, we approximate the left factor of M via sparse recovery on each column of W\u0303 .. Please provide a brief answer to the following question after looking into the input image and caption. Question: What are the three steps involved in compressed matrix factorization?. Step 1, Step 2, Step 3\nStep 1, Step 2, Step 3, Step 4, Step 5, Step 6, Step 7, Step 8, Step 9, Step 10, Step 11, Step 12, Step 13, Step 14, Step 15, Step 16, Step 17, Step 18, Step 19, Step 20, Step 21, Step 22, Step 23, Step 24, Step 25, Step 26, Step 27, Step 28, Step 29, Step 30, Step 31, Step 32, Step 33, Step 34, Step 35, Step 36, Step 37, Step 38, Step 39, Step 40, Step 41, Step 42, Step 43, Step 44, Step 45, Step 46, Step 47, Step 48, Step 49, Step 50, Step 5"]}, "referred_figures_names": ["1706.08146v3-Figure1-1.png"], "answer": "The three steps involved in compressed matrix factorization are: \n\n1. Compress the full data matrix M to obtain a compressed matrix M\u0303. \n2. Factorize M\u0303 to obtain matrices W\u0303 and H\u0303. \n3. Approximate the left factor of M via sparse recovery on each column of W\u0303."}, "3": {"question": "Which dataset would likely benefit the most from using the Fac.-Recover approach instead of Recover-Fac. in terms of computational efficiency?", "response": {"1706.08146v3-Table1-1.png": ["Caption: Table 1: Summary of DNA microarray gene expression datasets, along with runtime (seconds) for each stage of the NMF pipeline on compressed data. Factorize-Recover runs only r instances of sparse recovery, as opposed to the m instances used by the alternative, Recover-Factorize.. Is the input image and caption helpful to answer the following question. Answer in one word - Yes or No. Question: Which dataset would likely benefit the most from using the Fac.-Recover approach instead of Recover-Fac. in terms of computational efficiency?. 20k\nAnswer yes", "Caption: Table 1: Summary of DNA microarray gene expression datasets, along with runtime (seconds) for each stage of the NMF pipeline on compressed data. Factorize-Recover runs only r instances of sparse recovery, as opposed to the m instances used by the alternative, Recover-Factorize.. Please provide a brief answer to the following question after looking into the input image and caption. Question: Which dataset would likely benefit the most from using the Fac.-Recover approach instead of Recover-Fac. in terms of computational efficiency?. Recover-Factorize\nFactorize-Recover"]}, "referred_figures_names": ["1706.08146v3-Table1-1.png"], "answer": "The Leukemia dataset would likely benefit the most from using the Fac.-Recover approach."}, "4": {"question": "What is the effect of increasing the projection dimension d on the approximation error for sparse PCA and NMF?", "response": {"1706.08146v3-Figure2-1.png": ["Caption: Approximation errors Err(X,X\u2217) := \u2016X \u2212X\u2217\u2016F /\u2016X\u2217\u2016F for sparse PCA and NMF on synthetic data with varying column sparsity k of W and projection dimension d. The values of d correspond to 10\u00d7, 5\u00d7, and 2.5\u00d7 compression respectively. Err(W\u0303 , PW ) measures the distance between factors in the compressed domain: low error here is necessary for accurate sparse recovery. Err(W\u0302 ,W ) measures the error after sparse recovery: the recovered factors W\u0302 typically incur only slightly higher error than the oracle lower bound (dotted lines) where PW is known exactly.. Is the input image and caption helpful to answer the following question. Answer in one word - Yes or No. Question: What is the effect of increasing the projection dimension d on the approximation error for sparse PCA and NMF?. \u200bNo\nYes", "Caption: Approximation errors Err(X,X\u2217) := \u2016X \u2212X\u2217\u2016F /\u2016X\u2217\u2016F for sparse PCA and NMF on synthetic data with varying column sparsity k of W and projection dimension d. The values of d correspond to 10\u00d7, 5\u00d7, and 2.5\u00d7 compression respectively. Err(W\u0303 , PW ) measures the distance between factors in the compressed domain: low error here is necessary for accurate sparse recovery. Err(W\u0302 ,W ) measures the error after sparse recovery: the recovered factors W\u0302 typically incur only slightly higher error than the oracle lower bound (dotted lines) where PW is known exactly.. Please provide a brief answer to the following question after looking into the input image and caption. Question: What is the effect of increasing the projection dimension d on the approximation error for sparse PCA and NMF?. Increasing the projection dimension d will decrease the approximation error for sparse PCA and NMF."]}, "referred_figures_names": ["1706.08146v3-Figure2-1.png"], "answer": "Increasing the projection dimension d decreases the approximation error for both sparse PCA and NMF."}, "5": {"question": "Which method achieves lower approximation error when the compression factor is greater than 3?", "response": {"1706.08146v3-Figure3-1.png": ["Caption: Figure 3: Normalized reconstruction errors \u2016W\u0302 H\u0302 \u2212M\u2016F /\u2016M\u2016F for NMF on gene expression data with varying compression factors n/d. FR (blue, solid) is Factorize-Recover, RF (orange, dotted) is RecoverFactorize. The horizontal dashed line is the error when M is decomposed in the original space. Perhaps surprisingly, when n/d > 3, we observe a reduction in reconstruction error when compressed data is first factorized. See the text for further discussion.. Is the input image and caption helpful to answer the following question. Answer in one word - Yes or No. Question: Which method achieves lower approximation error when the compression factor is greater than 3?. 108962574 | Craftsman's Legacy by John Leland $19.99 Buy Now!", "Caption: Figure 3: Normalized reconstruction errors \u2016W\u0302 H\u0302 \u2212M\u2016F /\u2016M\u2016F for NMF on gene expression data with varying compression factors n/d. FR (blue, solid) is Factorize-Recover, RF (orange, dotted) is RecoverFactorize. The horizontal dashed line is the error when M is decomposed in the original space. Perhaps surprisingly, when n/d > 3, we observe a reduction in reconstruction error when compressed data is first factorized. See the text for further discussion.. Please provide a brief answer to the following question after looking into the input image and caption. Question: Which method achieves lower approximation error when the compression factor is greater than 3?. RecoverFactorize"]}, "referred_figures_names": ["1706.08146v3-Figure3-1.png"], "answer": "Factorize-Recover"}}