{"0": {"question": "What are the three main components of the Action Search model architecture?", "response": {"1706.04269v2-Figure3-1.png": ["Caption: Fig. 3: Our model harnesses the temporal context from its current location and the history of what it has observed to predict the next search location in the video. At each step, (i) a visual encoder transforms the visual observation extracted from the model\u2019s current temporal location to a representative feature vector; (ii) an LSTM consumes this feature vector plus the state and temporal location produced in the previous step; (iii) the LSTM outputs its updated state and the next search location; (iv) the model moves to the new temporal location.. Is the input image and caption helpful to answer the following question. Answer in one word - Yes or No. Question: What are the three main components of the Action Search model architecture?. 1-2-4", "Caption: Fig. 3: Our model harnesses the temporal context from its current location and the history of what it has observed to predict the next search location in the video. At each step, (i) a visual encoder transforms the visual observation extracted from the model\u2019s current temporal location to a representative feature vector; (ii) an LSTM consumes this feature vector plus the state and temporal location produced in the previous step; (iii) the LSTM outputs its updated state and the next search location; (iv) the model moves to the new temporal location.. Please provide a brief answer to the following question after looking into the input image and caption. Question: What are the three main components of the Action Search model architecture?. 1. Visual Encoder 2. Long Short-Term Memory (LSTM) 3. Next Search Location"]}, "referred_figures_names": ["1706.04269v2-Figure3-1.png"], "answer": "The three main components of the Action Search model architecture are the visual encoder, the LSTM, and the spotting target."}, "1": {"question": "Which method requires the fewest observations to spot an action in a video with 2.5% action coverage?", "response": {"1706.04269v2-Figure4-1.png": ["Caption: Fig. 4: Action spotting results for the AVA testing set for 1000 independent search trials per video. We report the cumulative spotting metric results on videos with action coverage (i.e. the percentage of video containing actions) \u2264 5%. Action Search takes 22%, 17%, and 13% fewer observations than the Direction Baseline on videos with at most 0.5%, 2.5%, and 5% action coverage, respectively.. Is the input image and caption helpful to answer the following question. Answer in one word - Yes or No. Question: Which method requires the fewest observations to spot an action in a video with 2.5% action coverage?. 986", "Caption: Fig. 4: Action spotting results for the AVA testing set for 1000 independent search trials per video. We report the cumulative spotting metric results on videos with action coverage (i.e. the percentage of video containing actions) \u2264 5%. Action Search takes 22%, 17%, and 13% fewer observations than the Direction Baseline on videos with at most 0.5%, 2.5%, and 5% action coverage, respectively.. Please provide a brief answer to the following question after looking into the input image and caption. Question: Which method requires the fewest observations to spot an action in a video with 2.5% action coverage?. Action Search"]}, "referred_figures_names": ["1706.04269v2-Figure4-1.png"], "answer": "Action Search"}, "2": {"question": "How does Action Search use temporal context to reason about where to search next?", "response": {"1706.04269v2-Figure5-1.png": ["Caption: Qualitative search sequences produced by Action Search. The left column corresponds to AVA [21] testing videos, and the right column corresponds to THUMOS14 [24] testing videos. The top two rows depict examples when our model successfully spots the target action location (in green). The last row illustrate failure cases, i.e. when the action location (in red) is not spotted exactly. We observe that Action Search uses temporal context to reason about where to search next. In failure cases, we notice that our model often oscillates around actions without spotting frames within the exact temporal location.. Is the input image and caption helpful to answer the following question. Answer in one word - Yes or No. Question: How does Action Search use temporal context to reason about where to search next?. \u200bYes\nOtherwise known as \"ActionSearch,\" this technique involves using a convolutional neural network architecture called an Attention-based Spatial Pyramid Pooling Networks for Temporally Connected Actions Recognition with Local", "Caption: Qualitative search sequences produced by Action Search. The left column corresponds to AVA [21] testing videos, and the right column corresponds to THUMOS14 [24] testing videos. The top two rows depict examples when our model successfully spots the target action location (in green). The last row illustrate failure cases, i.e. when the action location (in red) is not spotted exactly. We observe that Action Search uses temporal context to reason about where to search next. In failure cases, we notice that our model often oscillates around actions without spotting frames within the exact temporal location.. Please provide a brief answer to the following question after looking into the input image and caption. Question: How does Action Search use temporal context to reason about where to search next?."]}, "referred_figures_names": ["1706.04269v2-Figure5-1.png"], "answer": "Action Search uses temporal context to reason about where to search next by looking at the frames before and after the current frame. This allows the model to learn the temporal patterns of actions and to predict where the action is most likely to occur in the next frame."}, "3": {"question": "How does the training size of the Action Search model affect its performance?", "response": {"1706.04269v2-Table1-1.png": ["Caption: Temporal localization results (mAP at tIoU) on the THUMOS14 testing set. We assign \u2018\u2013\u2019 to unavailable mAP values. We report the average percentage of observed frames (S) for each approach. (a) Comparison against state-of-theart methods: Our method (Action Search + Priors + Res3D + S-CNN) achieves state-of-the-art results while observing only 17.3% of the video; (b) Video features effect: We compare C3D for Action Search visual encoder + the C3D-based classifier from [35] vs. ResNet for Action Search visual encoder + the Res3Dbased classifier from [41]; (c) The trade-off between Action Search training size and performance: mAP and S score improve as we increase the training size.. Is the input image and caption helpful to answer the following question. Answer in one word - Yes or No. Question: How does the training size of the Action Search model affect its performance?. \u200bYes, it is a yes response!", "Caption: Temporal localization results (mAP at tIoU) on the THUMOS14 testing set. We assign \u2018\u2013\u2019 to unavailable mAP values. We report the average percentage of observed frames (S) for each approach. (a) Comparison against state-of-theart methods: Our method (Action Search + Priors + Res3D + S-CNN) achieves state-of-the-art results while observing only 17.3% of the video; (b) Video features effect: We compare C3D for Action Search visual encoder + the C3D-based classifier from [35] vs. ResNet for Action Search visual encoder + the Res3Dbased classifier from [41]; (c) The trade-off between Action Search training size and performance: mAP and S score improve as we increase the training size.. Please provide a brief answer to the following question after looking into the input image and caption. Question: How does the training size of the Action Search model affect its performance?."]}, "referred_figures_names": ["1706.04269v2-Table1-1.png"], "answer": "As the training size increases, the mAP and S score of the Action Search model also improve."}}