{"0": {"question": "How does the alpha parameter affect recommendation accuracy for different sample sizes on the CLASS dataset?", "response": {"1706.03847v3-Figure5-1.png": ["Caption: The effect of the alpha parameter on recommendation accuracy at different sample sizes on the CLASS dataset. Left: cross-entropy loss; Middle: TOP1-max loss; Right: BPR-max loss.. Is the input image and caption helpful to answer the following question. Answer in one word - Yes or No. Question: How does the alpha parameter affect recommendation accuracy for different sample sizes on the CLASS dataset?. 2048x3659", "Caption: The effect of the alpha parameter on recommendation accuracy at different sample sizes on the CLASS dataset. Left: cross-entropy loss; Middle: TOP1-max loss; Right: BPR-max loss.. Please provide a brief answer to the following question after looking into the input image and caption. Question: How does the alpha parameter affect recommendation accuracy for different sample sizes on the CLASS dataset?. Cross-entropy loss"]}, "referred_figures_names": ["1706.03847v3-Figure5-1.png"], "answer": "The alpha parameter generally increases recommendation accuracy as the sample size increases. However, the effect of alpha varies depending on the loss function used. For cross-entropy loss, alpha has a relatively small effect on accuracy. For TOP1-max loss, alpha has a larger effect on accuracy, especially for smaller sample sizes. For BPR-max loss, alpha has a very large effect on accuracy, with higher values of alpha leading to much higher accuracy."}, "1": {"question": "Which combination of method and dataset achieved the highest Recall@20 score, and how much higher was it compared to the original GRU4Rec model?", "response": {"1706.03847v3-Table2-1.png": ["Caption: Table 2: Recommendation accuracy with additional samples and different loss functions compared to item-kNN and the original GRU4Rec. Improvements over item-kNN and the original GRU4Rec (with TOP1 loss) results are shown in parentheses. Best results are typeset bold.. Is the input image and caption helpful to answer the following question. Answer in one word - Yes or No. Question: Which combination of method and dataset achieved the highest Recall@20 score, and how much higher was it compared to the original GRU4Rec model?. 365897\nYes", "Caption: Table 2: Recommendation accuracy with additional samples and different loss functions compared to item-kNN and the original GRU4Rec. Improvements over item-kNN and the original GRU4Rec (with TOP1 loss) results are shown in parentheses. Best results are typeset bold.. Please provide a brief answer to the following question after looking into the input image and caption. Question: Which combination of method and dataset achieved the highest Recall@20 score, and how much higher was it compared to the original GRU4Rec model?. Item-kNN"]}, "referred_figures_names": ["1706.03847v3-Table2-1.png"], "answer": "The highest Recall@20 score was achieved by the GRU4Rec with additional samples and BPR-max loss function on the RSC15 dataset. This score was 42.37% higher than the Recall@20 score of the original GRU4Rec model on the same dataset."}, "2": {"question": "What is the performance of GRU4Rec relative to the baseline in terms of watch time?", "response": {"1706.03847v3-Figure6-1.png": ["Caption: Performance of GRU4Rec relative to the baseline in the online A/B test.. Is the input image and caption helpful to answer the following question. Answer in one word - Yes or No. Question: What is the performance of GRU4Rec relative to the baseline in terms of watch time?. 10% less than control group's average response rate, but more responders watched videos for at least a minute compared with controls (85 vs %67) as well as higher click-through rates on ad links from video players versus", "Caption: Performance of GRU4Rec relative to the baseline in the online A/B test.. Please provide a brief answer to the following question after looking into the input image and caption. Question: What is the performance of GRU4Rec relative to the baseline in terms of watch time?. 10% 15% 20% 25% 30% 35% 40% 45% 50% 55% 60% 65% 70% 75% 80% 85% 90% 95% 100% 105% 110% 115% 120% 125% 130% 135% 140% 145% 150% 155% 160% 165% 170% 175% 180% 185% 190% 195% 200% 205% 210% 215% 220% 225% 230% 235% 240% 245% 250% 255% 260% 265% 270% 275% 280"]}, "referred_figures_names": ["1706.03847v3-Figure6-1.png"], "answer": "GRU4Rec has a slightly higher performance than the baseline in terms of watch time."}, "3": {"question": "Which dataset contains the most interactions (events) in the training set and how much larger is it compared to the dataset with the least interactions in the training set?", "response": {"1706.03847v3-Table1-1.png": ["Caption: Table 1: Properties of the datasets.. Is the input image and caption helpful to answer the following question. Answer in one word - Yes or No. Question: Which dataset contains the most interactions (events) in the training set and how much larger is it compared to the dataset with the least interactions in the training set?. 20,365 events more than any other event type for a given session number within each video clip\nYes", "Caption: Table 1: Properties of the datasets.. Please provide a brief answer to the following question after looking into the input image and caption. Question: Which dataset contains the most interactions (events) in the training set and how much larger is it compared to the dataset with the least interactions in the training set?. The dataset that contains the most interactions in the training set has 10,000 interactions, while the dataset with the least interactions in the training set has 1,000 interactions."]}, "referred_figures_names": ["1706.03847v3-Table1-1.png"], "answer": "The VIDXL dataset contains the most interactions (events) in the training set with 69,312,698 events. This is roughly 7.7 times larger than the RSC15 dataset, which has the least interactions (9,011,321) in the training set. "}, "4": {"question": "What is the purpose of negative sampling?", "response": {"1706.03847v3-Figure1-1.png": ["Caption: Mini-batch based negative sampling.. Is the input image and caption helpful to answer the following question. Answer in one word - Yes or No. Question: What is the purpose of negative sampling?. 100% positive samples are not possible, so we use a small number (e g., 5) from each class as representative for all instances within that classes\nYes it's true", "Caption: Mini-batch based negative sampling.. Please provide a brief answer to the following question after looking into the input image and caption. Question: What is the purpose of negative sampling?. Negative Sampling"]}, "referred_figures_names": ["1706.03847v3-Figure1-1.png"], "answer": "Negative sampling is a technique used to reduce the number of negative examples that need to be considered during training."}, "5": {"question": "How does the training time of the different losses change as the number of additional samples increases?", "response": {"1706.03847v3-Figure4-1.png": ["Caption: Training times with different sample sizes on the CLASS dataset.. Is the input image and caption helpful to answer the following question. Answer in one word - Yes or No. Question: How does the training time of the different losses change as the number of additional samples increases?. 10% increase for each additional ten thousand samples\nYes, that is correct! The graph shows a clear trend where increasing by an extra hundred thousands leads only about five percent more improvement over previous batches when using cross-entropy loss function", "Caption: Training times with different sample sizes on the CLASS dataset.. Please provide a brief answer to the following question after looking into the input image and caption. Question: How does the training time of the different losses change as the number of additional samples increases?. Slower"]}, "referred_figures_names": ["1706.03847v3-Figure4-1.png"], "answer": "The training time of all losses increases as the number of additional samples increases."}, "6": {"question": "Which dataset has the highest Recall@20 and MRR@20?", "response": {"1706.03847v3-Table3-1.png": ["Caption: Results with unified embeddings. Relative improvement over the same network without unified item representation is shown in the parentheses.. Is the input image and caption helpful to answer the following question. Answer in one word - Yes or No. Question: Which dataset has the highest Recall@20 and MRR@20?. 1984", "Caption: Results with unified embeddings. Relative improvement over the same network without unified item representation is shown in the parentheses.. Please provide a brief answer to the following question after looking into the input image and caption. Question: Which dataset has the highest Recall@20 and MRR@20?. MNIST"]}, "referred_figures_names": ["1706.03847v3-Table3-1.png"], "answer": "VIDXL has the highest Recall@20 and MRR@20."}, "7": {"question": "How does the addition of negative samples affect the gradient of BPR and BPR-max with respect to the target score?", "response": {"1706.03847v3-Figure2-1.png": ["Caption: Median negative gradients of BPR and BPR-max w.r.t. the target score against the rank of the target item. Left: only minibatch samples are used (minibatch size: 32); Center: 2048 additional negative samples were added to the minibatch samples; Right: same setting as the center, focusing on ranks 0-200.. Is the input image and caption helpful to answer the following question. Answer in one word - Yes or No. Question: How does the addition of negative samples affect the gradient of BPR and BPR-max with respect to the target score?. 19657/Yes", "Caption: Median negative gradients of BPR and BPR-max w.r.t. the target score against the rank of the target item. Left: only minibatch samples are used (minibatch size: 32); Center: 2048 additional negative samples were added to the minibatch samples; Right: same setting as the center, focusing on ranks 0-200.. Please provide a brief answer to the following question after looking into the input image and caption. Question: How does the addition of negative samples affect the gradient of BPR and BPR-max with respect to the target score?. The gradient of BPR and BPR-max with respect to the target score decreases as the number of negative samples increases."]}, "referred_figures_names": ["1706.03847v3-Figure2-1.png"], "answer": "The addition of negative samples increases the gradient of BPR and BPR-max with respect to the target score."}}