{"0": {"question": "Which method achieved the most accurate results for simultaneous line and circle fitting?", "response": {"1706.00827v2-Table1-1.png": ["Caption: Table 1: The number of false positive (FP) and false negative (FN) instances for simultaneous line and circle fitting.. Is the input image and caption helpful to answer the following question. Answer in one word - Yes or No. Question: Which method achieved the most accurate results for simultaneous line and circle fitting?. 204896573\nAnswer yes", "Caption: Table 1: The number of false positive (FP) and false negative (FN) instances for simultaneous line and circle fitting.. Please provide a brief answer to the following question after looking into the input image and caption. Question: Which method achieved the most accurate results for simultaneous line and circle fitting?."]}, "referred_figures_names": ["1706.00827v2-Table1-1.png"], "answer": "Multi-X achieved the most accurate results for simultaneous line and circle fitting."}, "1": {"question": "Which method has the lowest average misclassification error for the cubechips image pair?", "response": {"1706.00827v2-Table4-1.png": ["Caption: Misclassification errors (%) for two-view motion segmentation on the AdelaideRMF dataset. All the methods were tuned separately for each video by the authors. Tested image pairs: (1) cubechips, (2) cubetoy, (3) breadcube, (4) gamebiscuit, (5) breadtoycar, (6) biscuitbookbox, (7) breadcubechips, (8) cubebreadtoychips.. Is the input image and caption helpful to answer the following question. Answer in one word - Yes or No. Question: Which method has the lowest average misclassification error for the cubechips image pair?. 0%\nYes", "Caption: Misclassification errors (%) for two-view motion segmentation on the AdelaideRMF dataset. All the methods were tuned separately for each video by the authors. Tested image pairs: (1) cubechips, (2) cubetoy, (3) breadcube, (4) gamebiscuit, (5) breadtoycar, (6) biscuitbookbox, (7) breadcubechips, (8) cubebreadtoychips.. Please provide a brief answer to the following question after looking into the input image and caption. Question: Which method has the lowest average misclassification error for the cubechips image pair?. Gamebiscuit"]}, "referred_figures_names": ["1706.00827v2-Table4-1.png"], "answer": "Multi-X"}, "2": {"question": "What is the difference between AdelaideRMF and Multi-H?", "response": {"1706.00827v2-Figure4-1.png": ["Caption: AdelaideRMF (top) and Multi-H (bot.) examples. Colors indicate the planes Multi-X assigned points to.. Is the input image and caption helpful to answer the following question. Answer in one word - Yes or No. Question: What is the difference between AdelaideRMF and Multi-H?. 1084x963 pixels are used for both images, but different colors represent a plane of interest on each respective example\nYes | no", "Caption: AdelaideRMF (top) and Multi-H (bot.) examples. Colors indicate the planes Multi-X assigned points to.. Please provide a brief answer to the following question after looking into the input image and caption. Question: What is the difference between AdelaideRMF and Multi-H?. AdelaideRMF has more colors than Multi-H"]}, "referred_figures_names": ["1706.00827v2-Figure4-1.png"], "answer": "AdelaideRMF tends to assign points to more planes than Multi-H."}, "3": {"question": "What is the relationship between the color of the points and the motion of the object?", "response": {"1706.00827v2-Figure5-1.png": ["Caption: AdelaideRMF (top) and Hopkins (bot.) examples. Color indicates the motion Multi-X assigned a point to.. Is the input image and caption helpful to answer the following question. Answer in one word - Yes or No. Question: What is the relationship between the color of the points and the motion of the object?. 1089734562 yes, it's related but not directly proportional as there are other factors affecting this movement such as gravity etcetera", "Caption: AdelaideRMF (top) and Hopkins (bot.) examples. Color indicates the motion Multi-X assigned a point to.. Please provide a brief answer to the following question after looking into the input image and caption. Question: What is the relationship between the color of the points and the motion of the object?. there is no relationship between the color of the points and the motion of the object"]}, "referred_figures_names": ["1706.00827v2-Figure5-1.png"], "answer": "The color of the points indicates the motion that the Multi-X algorithm assigned to each point."}, "4": {"question": "Which of the five methods tested had the lowest average misclassification error?", "response": {"1706.00827v2-Table5-1.png": ["Caption: Misclassification errors (%, average and median) for two-view motion segmentation on all the 21 pairs from the AdelaideRMF dataset using fixed parameters.. Is the input image and caption helpful to answer the following question. Answer in one word - Yes or No. Question: Which of the five methods tested had the lowest average misclassification error?. 0%", "Caption: Misclassification errors (%, average and median) for two-view motion segmentation on all the 21 pairs from the AdelaideRMF dataset using fixed parameters.. Please provide a brief answer to the following question after looking into the input image and caption. Question: Which of the five methods tested had the lowest average misclassification error?. Rotation Invariance"]}, "referred_figures_names": ["1706.00827v2-Table5-1.png"], "answer": "Multi-X"}, "5": {"question": "In which scenario did Multi-X perform worse than another method in terms of misclassification error for simultaneous plane and cylinder fitting?", "response": {"1706.00827v2-Table6-1.png": ["Caption: Table 6: Misclassification error (%) of simultaneous plane and cylinder fitting to LIDAR data. See Fig. 6 for examples.. Is the input image and caption helpful to answer the following question. Answer in one word - Yes or No. Question: In which scenario did Multi-X perform worse than another method in terms of misclassification error for simultaneous plane and cylinder fitting?. 10% better performance on average compared with other methods\nYes, it is a yes response because that table shows an example where multi x performed slightly less well when comparing its results against those from two different algorithms called \"plane\" and \"cyl", "Caption: Table 6: Misclassification error (%) of simultaneous plane and cylinder fitting to LIDAR data. See Fig. 6 for examples.. Please provide a brief answer to the following question after looking into the input image and caption. Question: In which scenario did Multi-X perform worse than another method in terms of misclassification error for simultaneous plane and cylinder fitting?. Scenario 1"]}, "referred_figures_names": ["1706.00827v2-Table6-1.png"], "answer": "Multi-X performed worse than PEARL in test case (6), with a misclassification error of 21.72% compared to PEARL's 17.35%. "}, "6": {"question": "How does the Mean-Shift algorithm perform in the presence of outliers?", "response": {"1706.00827v2-Figure2-1.png": ["Caption: (Left) Three lines each generating 100 points with zero-mean Gaussian noise added, plus 50 outliers. (Right) 1000 line instances generated from random point pairs, the ground truth instance parameters (red dots) and the modes (green) provided by Mean-Shift shown in the model parameter domain: \u03b1 angle \u2013 vertical, offset \u2013 horizontal axis.. Is the input image and caption helpful to answer the following question. Answer in one word - Yes or No. Question: How does the Mean-Shift algorithm perform in the presence of outliers?. 24% Outlier removal is not a problem for this method\n36 % The mean shifts are affected but do no harm as long as they remain within an acceptable range around their true values; it's only when these means converge", "Caption: (Left) Three lines each generating 100 points with zero-mean Gaussian noise added, plus 50 outliers. (Right) 1000 line instances generated from random point pairs, the ground truth instance parameters (red dots) and the modes (green) provided by Mean-Shift shown in the model parameter domain: \u03b1 angle \u2013 vertical, offset \u2013 horizontal axis.. Please provide a brief answer to the following question after looking into the input image and caption. Question: How does the Mean-Shift algorithm perform in the presence of outliers?. Poorly"]}, "referred_figures_names": ["1706.00827v2-Figure2-1.png"], "answer": "The Mean-Shift algorithm is robust to outliers."}, "7": {"question": "Which method has the lowest average misclassification error?", "response": {"1706.00827v2-Table3-1.png": ["Caption: Misclassification errors (%, average and median) for two-view plane segmentation on all the 19 pairs from AdelaideRMF test pairs using fixed parameters.. Is the input image and caption helpful to answer the following question. Answer in one word - Yes or No. Question: Which method has the lowest average misclassification error?. 2 view planes with a single model", "Caption: Misclassification errors (%, average and median) for two-view plane segmentation on all the 19 pairs from AdelaideRMF test pairs using fixed parameters.. Please provide a brief answer to the following question after looking into the input image and caption. Question: Which method has the lowest average misclassification error?. MULTIVIEW PLANE SEGMENTATION"]}, "referred_figures_names": ["1706.00827v2-Table3-1.png"], "answer": "Multi-X"}, "8": {"question": "Which algorithm is generally faster for fitting planes and cylinders: Multi-X or T-Linkage?", "response": {"1706.00827v2-Table8-1.png": ["Caption: Table 8: Processing times (sec) of Multi-X (M) and TLinkage (T) for the problem of fitting (1) lines and circles, (2) homographies, (3) two-view motions, (4) video motions, and (5) planes and cylinders. The number of data points is shown in the first column.. Is the input image and caption helpful to answer the following question. Answer in one word - Yes or No. Question: Which algorithm is generally faster for fitting planes and cylinders: Multi-X or T-Linkage?. 0976aqwzxvhjyuzytgfedcbaaaabbbbcccccddddeeeeefgghhiiijklmnoppqqrstuvwwxyzabcdefgh", "Caption: Table 8: Processing times (sec) of Multi-X (M) and TLinkage (T) for the problem of fitting (1) lines and circles, (2) homographies, (3) two-view motions, (4) video motions, and (5) planes and cylinders. The number of data points is shown in the first column.. Please provide a brief answer to the following question after looking into the input image and caption. Question: Which algorithm is generally faster for fitting planes and cylinders: Multi-X or T-Linkage?. T-Linkage"]}, "referred_figures_names": ["1706.00827v2-Table8-1.png"], "answer": "Multi-X is generally faster for fitting planes and cylinders compared to T-Linkage."}}