{"0": {"question": "Which method performed better on the MNIST dataset, ResNet-32 (CE) or ResNet-56 (RCE)?", "response": {"1706.00633v4-Table1-1.png": ["Caption: Classification error rates (%) on test sets.. Is the input image and caption helpful to answer the following question. Answer in one word - Yes or No. Question: Which method performed better on the MNIST dataset, ResNet-32 (CE) or ResNet-56 (RCE)?. 10% Rce is lower than ce by a significant margin of about two percentage points for both methods tested herein at this level of compression ratio with an mse score that's not much different from each other as well indicating similar performance between", "Caption: Classification error rates (%) on test sets.. Please provide a brief answer to the following question after looking into the input image and caption. Question: Which method performed better on the MNIST dataset, ResNet-32 (CE) or ResNet-56 (RCE)?. ResNet-32"]}, "referred_figures_names": ["1706.00633v4-Table1-1.png"], "answer": "ResNet-56 (RCE) performed better on the MNIST dataset with a classification error rate of 0.32% compared to ResNet-32 (CE) which had a classification error rate of 0.38%."}, "1": {"question": "Which combination of training procedure and thresholding metric consistently performs the best across both MNIST and CIFAR-10 datasets for all attack types?", "response": {"1706.00633v4-Table2-1.png": ["Caption: Table 2: AUC-scores (10\u22122) of adversarial examples. The model of target networks is Resnet-32. Values are calculated on the examples which are correctly classified as normal examples and then misclassified as adversarial counterparts. Bandwidths used when calculating K-density are \u03c32 CE = 1/0.26 and \u03c32 RCE = 0.1/0.26. Here (-) indicates the strong baseline, and (*) indicates our defense method.. Is the input image and caption helpful to answer the following question. Answer in one word - Yes or No. Question: Which combination of training procedure and thresholding metric consistently performs the best across both MNIST and CIFAR-10 datasets for all attack types?. \u0086*Yes\nSubject Area Artificial Intelligence Machine Learning Image Recognition Attacks", "Caption: Table 2: AUC-scores (10\u22122) of adversarial examples. The model of target networks is Resnet-32. Values are calculated on the examples which are correctly classified as normal examples and then misclassified as adversarial counterparts. Bandwidths used when calculating K-density are \u03c32 CE = 1/0.26 and \u03c32 RCE = 0.1/0.26. Here (-) indicates the strong baseline, and (*) indicates our defense method.. Please provide a brief answer to the following question after looking into the input image and caption. Question: Which combination of training procedure and thresholding metric consistently performs the best across both MNIST and CIFAR-10 datasets for all attack types?. Adversarial Training"]}, "referred_figures_names": ["1706.00633v4-Table2-1.png"], "answer": "RCE training combined with the K-density metric consistently performs the best across both MNIST and CIFAR-10 datasets for all attack types."}, "2": {"question": "Which attack method is the most effective at reducing the accuracy of the Resnet-32 model on the MNIST dataset?", "response": {"1706.00633v4-Figure2-1.png": ["Caption: Robustness with the thresholding test strategy disabled. The model of target networks is Resnet-32.. Is the input image and caption helpful to answer the following question. Answer in one word - Yes or No. Question: Which attack method is the most effective at reducing the accuracy of the Resnet-32 model on the MNIST dataset?. 10%", "Caption: Robustness with the thresholding test strategy disabled. The model of target networks is Resnet-32.. Please provide a brief answer to the following question after looking into the input image and caption. Question: Which attack method is the most effective at reducing the accuracy of the Resnet-32 model on the MNIST dataset?. FGSM"]}, "referred_figures_names": ["1706.00633v4-Figure2-1.png"], "answer": "The most effective attack method at reducing the accuracy of the Resnet-32 model on the MNIST dataset is BIM/CE."}, "3": {"question": "Which of the following algorithms performs the best when trained via the CE?", "response": {"1706.00633v4-Figure4-1.png": ["Caption: Classification error rates on CIFAR-10. Two panels separately show the results when the networks are trained via the CE and RCE. The models is Resnet-32.. Is the input image and caption helpful to answer the following question. Answer in one word - Yes or No. Question: Which of the following algorithms performs the best when trained via the CE?. 54%", "Caption: Classification error rates on CIFAR-10. Two panels separately show the results when the networks are trained via the CE and RCE. The models is Resnet-32.. Please provide a brief answer to the following question after looking into the input image and caption. Question: Which of the following algorithms performs the best when trained via the CE?. Resnet-32"]}, "referred_figures_names": ["1706.00633v4-Figure4-1.png"], "answer": "C&W-hc"}, "4": {"question": "How does the accuracy of the model change as the value of c increases?", "response": {"1706.00633v4-Figure7-1.png": ["Caption: The network is Resnet-32, the dataset is CIFAR-10.. Is the input image and caption helpful to answer the following question. Answer in one word - Yes or No. Question: How does the accuracy of the model change as the value of c increases?. 5% less accurate than baseline for a given number increase by about %48%. Accuracy drops off quickly with increasing values beyond that point but still remains above random chance at all points tested herein (97%).", "Caption: The network is Resnet-32, the dataset is CIFAR-10.. Please provide a brief answer to the following question after looking into the input image and caption. Question: How does the accuracy of the model change as the value of c increases?. It decreases"]}, "referred_figures_names": ["1706.00633v4-Figure7-1.png"], "answer": "The accuracy of the model decreases as the value of c increases."}, "5": {"question": "Which objective function resulted in a higher ratio of f2(x\u2217) > 0 for the MNIST dataset?", "response": {"1706.00633v4-Table3-1.png": ["Caption: The ratios of f2(x\u2217) > 0 and minimal distortions of the adversarial examples crafted by C&W-wb. Model is Resnet-32.. Is the input image and caption helpful to answer the following question. Answer in one word - Yes or No. Question: Which objective function resulted in a higher ratio of f2(x\u2217) > 0 for the MNIST dataset?. 1798465 times more than the other model's value? Minimal Disturbances (MD). Objective Function MD", "Caption: The ratios of f2(x\u2217) > 0 and minimal distortions of the adversarial examples crafted by C&W-wb. Model is Resnet-32.. Please provide a brief answer to the following question after looking into the input image and caption. Question: Which objective function resulted in a higher ratio of f2(x\u2217) > 0 for the MNIST dataset?. Mean Squared Error"]}, "referred_figures_names": ["1706.00633v4-Table3-1.png"], "answer": "RCE"}, "6": {"question": "Which type of adversarial example generation method results in images that are visually more similar to the original images?", "response": {"1706.00633v4-Figure3-1.png": ["Caption: The normal test images are termed as Normal, and adversarial examples generated on Resnet-32 (CE) and Resnet-32 (RCE) are separately termed as CE / RCE. Adversarial examples are generated by C&W-wb with minimal distortions.. Is the input image and caption helpful to answer the following question. Answer in one word - Yes or No. Question: Which type of adversarial example generation method results in images that are visually more similar to the original images?. 10%", "Caption: The normal test images are termed as Normal, and adversarial examples generated on Resnet-32 (CE) and Resnet-32 (RCE) are separately termed as CE / RCE. Adversarial examples are generated by C&W-wb with minimal distortions.. Please provide a brief answer to the following question after looking into the input image and caption. Question: Which type of adversarial example generation method results in images that are visually more similar to the original images?. Minimal distortions"]}, "referred_figures_names": ["1706.00633v4-Figure3-1.png"], "answer": "The CE method results in images that are visually more similar to the original images than the RCE method."}, "7": {"question": "How does the proposed metric of non-ME help detect adversarial examples?", "response": {"1706.00633v4-Figure1-1.png": ["Caption: Figure 1: a, The three black solid lines are the decision boundary of the classifier, and each black line (both solid and dashed parts) is the decision boundary between two classes. The blue dot-dashed lines are the isolines of non-ME = t. b, t-SNE visualization of the final hidden vectors on CIFAR-10. The model is Resnet-32. The training procedure is CE. c, The training procedure is RCE. d, Practical attacks on the trained networks. Blue regions are of the original classes for normal examples, and red regions are of the target classes for adversarial ones.. Is the input image and caption helpful to answer the following question. Answer in one word - Yes or No. Question: How does the proposed metric of non-ME help detect adversarial examples?. \u200bYes", "Caption: Figure 1: a, The three black solid lines are the decision boundary of the classifier, and each black line (both solid and dashed parts) is the decision boundary between two classes. The blue dot-dashed lines are the isolines of non-ME = t. b, t-SNE visualization of the final hidden vectors on CIFAR-10. The model is Resnet-32. The training procedure is CE. c, The training procedure is RCE. d, Practical attacks on the trained networks. Blue regions are of the original classes for normal examples, and red regions are of the target classes for adversarial ones.. Please provide a brief answer to the following question after looking into the input image and caption. Question: How does the proposed metric of non-ME help detect adversarial examples?. Non-Maximum Suppression (NMS)."]}, "referred_figures_names": ["1706.00633v4-Figure1-1.png"], "answer": " The non-ME metric measures the entropy of the normalized non-maximal elements in the final hidden vector of the classifier. Adversarial examples often have low non-ME values, indicating that they are close to the decision boundary and have high confidence in the incorrect class."}, "8": {"question": "Based on the table, which attack method is the most efficient in terms of time taken to craft an adversarial example, and how much faster is it compared to the slowest method for the same objective function?", "response": {"1706.00633v4-Table5-1.png": ["Caption: Table 5: The average time costs (s) on crafting each adversarial example via different attacks. The values are also the average values between MNIST and CIFAR-10. The models is Resnet-32.. Is the input image and caption helpful to answer the following question. Answer in one word - Yes or No. Question: Based on the table, which attack method is the most efficient in terms of time taken to craft an adversarial example, and how much faster is it compared to the slowest method for the same objective function?. 48 hours versus 6 days slower than other methods\nYes", "Caption: Table 5: The average time costs (s) on crafting each adversarial example via different attacks. The values are also the average values between MNIST and CIFAR-10. The models is Resnet-32.. Please provide a brief answer to the following question after looking into the input image and caption. Question: Based on the table, which attack method is the most efficient in terms of time taken to craft an adversarial example, and how much faster is it compared to the slowest method for the same objective function?. FGSM"]}, "referred_figures_names": ["1706.00633v4-Table5-1.png"], "answer": "The FGSM attack is the most efficient, requiring approximately 1.9 milliseconds to craft an adversarial example with the CE objective function. This is roughly **55,000 times faster** than the slowest method, C&W-wb, which takes about 700 seconds for the same objective function."}}