{"0": {"question": "What is the difference between testing domain adaptation and testing sensor fusion?", "response": {"1707.01922v5-Figure3-1.png": ["Caption: An overview of the ZDDA testing procedure. We use the SUN RGB-D [36] images for illustration. Different from the color coding in Fig. 2, the colors here are purely used to distinguish different CNNs/classifiers/predictions. Is the input image and caption helpful to answer the following question. Answer in one word - Yes or No. Question: What is the difference between testing domain adaptation and testing sensor fusion?. 1098754", "Caption: An overview of the ZDDA testing procedure. We use the SUN RGB-D [36] images for illustration. Different from the color coding in Fig. 2, the colors here are purely used to distinguish different CNNs/classifiers/predictions. Please provide a brief answer to the following question after looking into the input image and caption. Question: What is the difference between testing domain adaptation and testing sensor fusion?. Domain Adaptation is the process of fine-tuning a pre-trained model on a target domain, while Sensor Fusion is the process of combining information from multiple sensors to obtain a more accurate representation of the environment."]}, "referred_figures_names": ["1707.01922v5-Figure3-1.png"], "answer": "In testing domain adaptation, the source and target CNNs are trained on different domains, and the joint classifier is used to predict the class of the target data. In testing sensor fusion, the source and target CNNs are trained on the same domain, and the joint classifier is used to predict the class of the target data using both the source and target data."}, "1": {"question": "Which method performs better in terms of classification accuracy?", "response": {"1707.01922v5-Figure4-1.png": ["Caption: Performance comparison between the two sensor fusion methods with black images as the noisy images. We compare the classification accuracy (%) of (a) naive fusion and (b) ZDDA3 under different noise levels in both RGB and depth testing data. (c) shows that ZDDA3 outperforms the naive fusion under most conditions. Is the input image and caption helpful to answer the following question. Answer in one word - Yes or No. Question: Which method performs better in terms of classification accuracy?. 10% is a good threshold for this type of problem, but it's not always clear which algorithm will perform best at any given level of performance difference from another algorithm can be significant depending on various factors such as camera model used etc so you", "Caption: Performance comparison between the two sensor fusion methods with black images as the noisy images. We compare the classification accuracy (%) of (a) naive fusion and (b) ZDDA3 under different noise levels in both RGB and depth testing data. (c) shows that ZDDA3 outperforms the naive fusion under most conditions. Please provide a brief answer to the following question after looking into the input image and caption. Question: Which method performs better in terms of classification accuracy?. ZDDA3"]}, "referred_figures_names": ["1707.01922v5-Figure4-1.png"], "answer": "ZDDA3"}, "2": {"question": "What is the role of the task-irrelevant data in ZDDA?", "response": {"1707.01922v5-Figure1-1.png": ["Caption: Fig. 1. We propose zero-shot deep domain adaptation (ZDDA) for domain adaptation and sensor fusion. ZDDA learns from the task-irrelevant dual-domain pairs when the task-relevant target-domain training data is unavailable. In this example domain adaptation task (MNIST [27]\u2192MNIST-M [13]), the task-irrelevant gray-RGB pairs are from the Fashion-MNIST [46] dataset and the Fashion-MNIST-M dataset (the colored version of the Fashion-MNIST [46] dataset with the details in Sec. 4.1). Is the input image and caption helpful to answer the following question. Answer in one word - Yes or No. Question: What is the role of the task-irrelevant data in ZDDA?. 0", "Caption: Fig. 1. We propose zero-shot deep domain adaptation (ZDDA) for domain adaptation and sensor fusion. ZDDA learns from the task-irrelevant dual-domain pairs when the task-relevant target-domain training data is unavailable. In this example domain adaptation task (MNIST [27]\u2192MNIST-M [13]), the task-irrelevant gray-RGB pairs are from the Fashion-MNIST [46] dataset and the Fashion-MNIST-M dataset (the colored version of the Fashion-MNIST [46] dataset with the details in Sec. 4.1). Please provide a brief answer to the following question after looking into the input image and caption. Question: What is the role of the task-irrelevant data in ZDDA?. The role of the task-irrelevant data in ZDDA is to serve as a source of information for the model to learn from, even when the task-relevant target-domain training data is unavailable."]}, "referred_figures_names": ["1707.01922v5-Figure1-1.png"], "answer": "The task-irrelevant data is used to simulate the RGB representation using the gray scale image. This allows ZDDA to learn a joint network that can be used to classify digits in both the gray scale and RGB domains."}, "3": {"question": "What is the key difference between ZDDA and UDA/MVL in terms of the available training data?", "response": {"1707.01922v5-Table1-1.png": ["Caption: Table 1. Problem setting comparison between ZDDA, unsupervised domain adaptation (UDA), multi-view learning (MVL), and domain generalization (DG). Is the input image and caption helpful to answer the following question. Answer in one word - Yes or No. Question: What is the key difference between ZDDA and UDA/MVL in terms of the available training data?. 20% more labeled images are required for DGA than MVDA on a given dataset with only two views\nYes", "Caption: Table 1. Problem setting comparison between ZDDA, unsupervised domain adaptation (UDA), multi-view learning (MVL), and domain generalization (DG). Please provide a brief answer to the following question after looking into the input image and caption. Question: What is the key difference between ZDDA and UDA/MVL in terms of the available training data?. Unsupervised domain adaptation (UDA) and multi-view learning (MVL) both use unlabeled data while domain generalization (DG) uses only labeled data"]}, "referred_figures_names": ["1707.01922v5-Table1-1.png"], "answer": "The key difference lies in the availability of target-domain training data. While UDA and MVL methods require T-R training data from the target domain, ZDDA does not. ZDDA only requires T-R training data from a single source domain."}, "4": {"question": "If you are performing domain adaptation with ZDDA using AlexNet as the base network architecture and $D_F$ as the target domain, which layers of the network would be considered part of the source CNN and which would be part of the source classifier?", "response": {"1707.01922v5-Table4-1.png": ["Caption: Table 4. The base network architecture (BNA) we use in our experiments. For each BNA, We specify the layer separating the source/target CNN and the source classifier in Fig. 2. The layer name in the right column is based on the official Caffe [24] and SqueezeNet v1.1 [23] implementation of each BNA. Is the input image and caption helpful to answer the following question. Answer in one word - Yes or No. Question: If you are performing domain adaptation with ZDDA using AlexNet as the base network architecture and $D_F$ as the target domain, which layers of the network would be considered part of the source CNN and which would be part of the source classifier?. 0 Source Convolutional Layer(s)... Target Classi- fier", "Caption: Table 4. The base network architecture (BNA) we use in our experiments. For each BNA, We specify the layer separating the source/target CNN and the source classifier in Fig. 2. The layer name in the right column is based on the official Caffe [24] and SqueezeNet v1.1 [23] implementation of each BNA. Please provide a brief answer to the following question after looking into the input image and caption. Question: If you are performing domain adaptation with ZDDA using AlexNet as the base network architecture and $D_F$ as the target domain, which layers of the network would be considered part of the source CNN and which would be part of the source classifier?. Answer: The layers that would be considered part of the source CNN would be the convolutional layers, while the layers that would be considered part of the source classifier would be the fully connected layers."]}, "referred_figures_names": ["1707.01922v5-Table4-1.png"], "answer": "In this scenario, the source CNN would consist of the AlexNet architecture up to and including the \"fc7\" layer. The remaining layers of AlexNet would then be used as the source classifier."}, "5": {"question": "Which of the following statements about the training procedure of ZDDA is true?\n\n(a) ZDDA simulates the target-domain representation using the source-domain data. (b) ZDDA builds a joint network with the supervision from the target domain. (c) ZDDA trains a sensor fusion network in step 1. (d) ZDDA trains a sensor fusion network in step 2.", "response": {"1707.01922v5-Figure2-1.png": ["Caption: Fig. 2. An overview of the ZDDA training procedure. We use the images from the SUN RGB-D [36] dataset for illustration. ZDDA simulates the target-domain representation using the source-domain data, builds a joint network with the supervision from the source domain, and trains a sensor fusion network. In step 1, we choose to train s1 and fix t, but we can also train t and fix s1 to simulate the target-domain representation. In step 2, t can also be trainable instead of being fixed, but we choose to fix it to make the number of trainable parameters manageable. The details are explained in Sec. 3. Is the input image and caption helpful to answer the following question. Answer in one word - Yes or No. Question: Which of the following statements about the training procedure of ZDDA is true?\n\n(a) ZDDA simulates the target-domain representation using the source-domain data. (b) ZDDA builds a joint network with the supervision from the target domain. (c) ZDDA trains a sensor fusion network in step 1. (d) ZDDA trains a sensor fusion network in step 2.. \u00a9 Copyright Paul Alan Clifford Themes by Pixel Union Powered By OnPage Optimization Toolkit", "Caption: Fig. 2. An overview of the ZDDA training procedure. We use the images from the SUN RGB-D [36] dataset for illustration. ZDDA simulates the target-domain representation using the source-domain data, builds a joint network with the supervision from the source domain, and trains a sensor fusion network. In step 1, we choose to train s1 and fix t, but we can also train t and fix s1 to simulate the target-domain representation. In step 2, t can also be trainable instead of being fixed, but we choose to fix it to make the number of trainable parameters manageable. The details are explained in Sec. 3. Please provide a brief answer to the following question after looking into the input image and caption. Question: Which of the following statements about the training procedure of ZDDA is true?\n\n(a) ZDDA simulates the target-domain representation using the source-domain data. (b) ZDDA builds a joint network with the supervision from the target domain. (c) ZDDA trains a sensor fusion network in step 1. (d) ZDDA trains a sensor fusion network in step 2.. (c) ZDDA trains a sensor fusion network in step 1."]}, "referred_figures_names": ["1707.01922v5-Figure2-1.png"], "answer": "(a) ZDDA simulates the target-domain representation using the source-domain data."}}