{"0": {"question": "Which model performs the best for caption retrieval in terms of R@1 and MEDR? Briefly explain why the performance might be better than other models.", "response": {"1707.06320v2-Table1-1.png": ["Caption: Table 1: Retrieval (higher is better) results on COCO, plus median rank (MEDR) and mean rank (MR) (lower is better). Note that while this work underwent review, better methods have been published, most notably VSE++ (Faghri et al., 2017).. Is the input image and caption helpful to answer the following question. Answer in one word - Yes or No. Question: Which model performs the best for caption retrieval in terms of R@1 and MEDR? Briefly explain why the performance might be better than other models.. 356894-coco\\_voc\\_small\nYes", "Caption: Table 1: Retrieval (higher is better) results on COCO, plus median rank (MEDR) and mean rank (MR) (lower is better). Note that while this work underwent review, better methods have been published, most notably VSE++ (Faghri et al., 2017).. Please provide a brief answer to the following question after looking into the input image and caption. Question: Which model performs the best for caption retrieval in terms of R@1 and MEDR? Briefly explain why the performance might be better than other models.. VSE++ (Faghri et al., 2017)"]}, "referred_figures_names": ["1707.06320v2-Table1-1.png"], "answer": "Cap2Img performs the best for caption retrieval in terms of both R@1 (27.1) and MEDR (4.0). This suggests that the model is more successful at retrieving the most relevant caption for a given image compared to other models."}, "1": {"question": "Which type of grounding appears to be most beneficial for the MRPC task, and how does its performance compare to the baseline model (ST-LN)?", "response": {"1707.06320v2-Table2-1.png": ["Caption: Table 2: Accuracy results on sentence classification and entailment tasks.. Is the input image and caption helpful to answer the following question. Answer in one word - Yes or No. Question: Which type of grounding appears to be most beneficial for the MRPC task, and how does its performance compare to the baseline model (ST-LN)?. 100% correct no", "Caption: Table 2: Accuracy results on sentence classification and entailment tasks.. Please provide a brief answer to the following question after looking into the input image and caption. Question: Which type of grounding appears to be most beneficial for the MRPC task, and how does its performance compare to the baseline model (ST-LN)?. Contrastive Grounding"]}, "referred_figures_names": ["1707.06320v2-Table2-1.png"], "answer": "GroundSent-Cap appears to be most beneficial for the MRPC task, achieving an accuracy of 72.9/82.2 compared to the baseline model ST-LN's 69.6/81.2."}, "2": {"question": "Which model performs best on the SNLI dataset, and how much does grounding contribute to its performance compared to the baseline STb-1024 model?", "response": {"1707.06320v2-Table3-1.png": ["Caption: Table 3: Thorough investigation of the contribution of grounding, ensuring equal number of components and identical architectures, on the variety of sentence-level semantic benchmark tasks. STb=SkipThought-like model with bidirectional LSTM+max. 2\u00d7STb-1024=ensemble of 2 different STb models with different initializations. GroundSent is STb-1024+Cap2Cap/Img/Both. We find that performance improvements are sometimes due to having more parameters, but in most cases due to grounding.. Is the input image and caption helpful to answer the following question. Answer in one word - Yes or No. Question: Which model performs best on the SNLI dataset, and how much does grounding contribute to its performance compared to the baseline STb-1024 model?. 57%", "Caption: Table 3: Thorough investigation of the contribution of grounding, ensuring equal number of components and identical architectures, on the variety of sentence-level semantic benchmark tasks. STb=SkipThought-like model with bidirectional LSTM+max. 2\u00d7STb-1024=ensemble of 2 different STb models with different initializations. GroundSent is STb-1024+Cap2Cap/Img/Both. We find that performance improvements are sometimes due to having more parameters, but in most cases due to grounding.. Please provide a brief answer to the following question after looking into the input image and caption. Question: Which model performs best on the SNLI dataset, and how much does grounding contribute to its performance compared to the baseline STb-1024 model?. The model that performs best on the SNLI dataset is the ensemble of two different STb models with different initializations (STb-1024+Cap2Cap/Img/Both)."]}, "referred_figures_names": ["1707.06320v2-Table3-1.png"], "answer": "The GroundSent-Both model performs best on the SNLI dataset, achieving an accuracy of 72.0%. Grounding contributes to an improvement of 4.7% compared to the baseline STb-1024 model, which achieves 67.3%."}, "3": {"question": "How do the word embeddings learned by the Cap2Img model compare to the original GloVe embeddings in terms of semantic similarity?", "response": {"1707.06320v2-Table5-1.png": ["Caption: Table 5: Spearman \u03c1s correlation on four standard semantic similarity evaluation benchmarks.. Is the input image and caption helpful to answer the following question. Answer in one word - Yes or No. Question: How do the word embeddings learned by the Cap2Img model compare to the original GloVe embeddings in terms of semantic similarity?. 01964387-0aedb-cbaaa-fcafe-ffdfdcbbccbc", "Caption: Table 5: Spearman \u03c1s correlation on four standard semantic similarity evaluation benchmarks.. Please provide a brief answer to the following question after looking into the input image and caption. Question: How do the word embeddings learned by the Cap2Img model compare to the original GloVe embeddings in terms of semantic similarity?. Yes"]}, "referred_figures_names": ["1707.06320v2-Table5-1.png"], "answer": "The word embeddings learned by the Cap2Img model outperform the original GloVe embeddings in terms of semantic similarity."}, "4": {"question": "What is the role of the \"max\" function in the model architecture?", "response": {"1707.06320v2-Figure1-1.png": ["Caption: Model architecture: predicting either an image (Cap2Img), an alternative caption (Cap2Cap), or both at the same time (Cap2Both).. Is the input image and caption helpful to answer the following question. Answer in one word - Yes or No. Question: What is the role of the \"max\" function in the model architecture?. 108974356-a", "Caption: Model architecture: predicting either an image (Cap2Img), an alternative caption (Cap2Cap), or both at the same time (Cap2Both).. Please provide a brief answer to the following question after looking into the input image and caption. Question: What is the role of the \"max\" function in the model architecture?. Predicting either an image or an alternative caption or both at the same time"]}, "referred_figures_names": ["1707.06320v2-Figure1-1.png"], "answer": "The \"max\" function is used to select the most probable word at each time step in the decoding process."}}