{"0": {"question": "What does the induced schema Win <A4, B3, C2> represent?", "response": {"1707.01917v2-Figure2-1.png": ["Caption: Overview of Step 2 of TFBA. Induction of higher-order schemata from the tri-partite graph formed from the columns of matrices A, B, and C. Triangles in this graph (solid) represent a 3-ary schema, n-ary schemata for n > 3 can be induced from the 3-ary schemata. Please refer to Section 3.2.2 for details.. Is the input image and caption helpful to answer the following question. Answer in one word - Yes or No. Question: What does the induced schema Win <A4, B3, C2> represent?. 10th grade students would know it as an inductive step\nYes", "Caption: Overview of Step 2 of TFBA. Induction of higher-order schemata from the tri-partite graph formed from the columns of matrices A, B, and C. Triangles in this graph (solid) represent a 3-ary schema, n-ary schemata for n > 3 can be induced from the 3-ary schemata. Please refer to Section 3.2.2 for details.. Please provide a brief answer to the following question after looking into the input image and caption. Question: What does the induced schema Win <A4, B3, C2> represent?. 3-ary schema"]}, "referred_figures_names": ["1707.01917v2-Figure2-1.png"], "answer": "The induced schema Win <A4, B3, C2> represents the fact that player A4 won tournament C2, defeating player B3."}, "1": {"question": "Which dataset has the highest value for the hyperparameter  \u03bba?", "response": {"1707.01917v2-Table3-1.png": ["Caption: Details of hyper-parameters set for different datasets.. Is the input image and caption helpful to answer the following question. Answer in one word - Yes or No. Question: Which dataset has the highest value for the hyperparameter  \u03bba?. 1024x768", "Caption: Details of hyper-parameters set for different datasets.. Please provide a brief answer to the following question after looking into the input image and caption. Question: Which dataset has the highest value for the hyperparameter  \u03bba?. 2015"]}, "referred_figures_names": ["1707.01917v2-Table3-1.png"], "answer": "The NYT Sports dataset has the highest value for \u03bba (0.9)."}, "2": {"question": "What is the shape of the tensor $x^1$ for the Shootings dataset?", "response": {"1707.01917v2-Table2-1.png": ["Caption: Details of dimensions of tensors constructed for each dataset used in the experiments.. Is the input image and caption helpful to answer the following question. Answer in one word - Yes or No. Question: What is the shape of the tensor $x^1$ for the Shootings dataset?. 304896572-a", "Caption: Details of dimensions of tensors constructed for each dataset used in the experiments.. Please provide a brief answer to the following question after looking into the input image and caption. Question: What is the shape of the tensor $x^1$ for the Shootings dataset?. Square"]}, "referred_figures_names": ["1707.01917v2-Table2-1.png"], "answer": "The shape of the tensor $x^1$ for the Shootings dataset is 3365 x 1295 x 50."}, "3": {"question": "What is the definition of a non-negative tensor?", "response": {"1707.01917v2-Table1-1.png": ["Caption: Notations used in the paper.. Is the input image and caption helpful to answer the following question. Answer in one word - Yes or No. Question: What is the definition of a non-negative tensor?. 10th grade level math book", "Caption: Notations used in the paper.. Please provide a brief answer to the following question after looking into the input image and caption. Question: What is the definition of a non-negative tensor?. A non-negative tensor is a tensor whose values are all non-negative"]}, "referred_figures_names": ["1707.01917v2-Table1-1.png"], "answer": "A non-negative tensor is a tensor whose elements are all non-negative real numbers."}, "4": {"question": "What is the role of OpenIE in Step 1 of TFBA?", "response": {"1707.01917v2-Figure1-1.png": ["Caption: Overview of Step 1 of TFBA. Rather than factorizing the higher-order tensor X , TFBA performs joint Tucker decomposition of multiple 3-mode tensors, X 1, X 2, and X 3, derived out of X . This joint factorization is performed using shared latent factors A, B, and C. This results in binary schemata, each of which is stored as a cell in one of the core tensors G1, G2, and G3. Please see Section 3.2.1 for details.. Is the input image and caption helpful to answer the following question. Answer in one word - Yes or No. Question: What is the role of OpenIE in Step 1 of TFBA?. 0\nYes! The correct option would be yes; it provides an interface between different programming languages such that they can communicate with other programs written by others without having any knowledge about their internal structure (easy). It also allows you to use your own", "Caption: Overview of Step 1 of TFBA. Rather than factorizing the higher-order tensor X , TFBA performs joint Tucker decomposition of multiple 3-mode tensors, X 1, X 2, and X 3, derived out of X . This joint factorization is performed using shared latent factors A, B, and C. This results in binary schemata, each of which is stored as a cell in one of the core tensors G1, G2, and G3. Please see Section 3.2.1 for details.. Please provide a brief answer to the following question after looking into the input image and caption. Question: What is the role of OpenIE in Step 1 of TFBA?. Joint Tucker Decomposition of Multiple 3-Mode Tensors"]}, "referred_figures_names": ["1707.01917v2-Figure1-1.png"], "answer": "OpenIE is used to extract tuples from the unlabeled text corpus. These tuples are then used to create the 3-mode tensors X1, X2, and X3."}, "5": {"question": "Which method achieves the highest accuracy on the Shootings dataset?", "response": {"1707.01917v2-Table5-1.png": ["Caption: Higher-order RSI accuracies of various methods on the three datasets. Induced schemata for each dataset and method are evaluated by three human evaluators, E1, E2, and E3. TFBA performs better than HardClust for Shootings and NYT Sports datasets. Even though HardClust achieves better accuracy on MUC dataset, it has several limitations, see Section 4 for more details. Chambers-13 solves a slightly different problem called event schema induction, for more details about the comparison with Chambers-13 see Section 4.1.. Is the input image and caption helpful to answer the following question. Answer in one word - Yes or No. Question: Which method achieves the highest accuracy on the Shootings dataset?. 09/17/2018;Yes | 56% (1 vote) no answers accepted", "Caption: Higher-order RSI accuracies of various methods on the three datasets. Induced schemata for each dataset and method are evaluated by three human evaluators, E1, E2, and E3. TFBA performs better than HardClust for Shootings and NYT Sports datasets. Even though HardClust achieves better accuracy on MUC dataset, it has several limitations, see Section 4 for more details. Chambers-13 solves a slightly different problem called event schema induction, for more details about the comparison with Chambers-13 see Section 4.1.. Please provide a brief answer to the following question after looking into the input image and caption. Question: Which method achieves the highest accuracy on the Shootings dataset?. Higher-order RSI accuracies of various methods on the three datasets are evaluated by three human evaluators, E1, E2, and E3. TFBA performs better than HardClust for Shootings and NYT Sports datasets. Even though HardClust achieves better accuracy on MUC dataset, it has several limitations, see Section 4 for more details. Chambers-13 solves a slightly different problem called event schema induction, for more details about the comparison with Chambers-13 see Section 4.1."]}, "referred_figures_names": ["1707.01917v2-Table5-1.png"], "answer": "TFBA"}}