{"0": {"question": "Which model achieved the highest performance score on the Breakout game?", "response": {"1707.00524v2-Table2-1.png": ["Caption: Performance score for the proposed approach and baseline RL approaches.. Is the input image and caption helpful to answer the following question. Answer in one word - Yes or No. Question: Which model achieved the highest performance score on the Breakout game?. 1024x768", "Caption: Performance score for the proposed approach and baseline RL approaches.. Please provide a brief answer to the following question after looking into the input image and caption. Question: Which model achieved the highest performance score on the Breakout game?. Proposed approach"]}, "referred_figures_names": ["1707.00524v2-Table2-1.png"], "answer": "A3C-CTS"}, "1": {"question": "Which game has the highest code loss in phase 2?", "response": {"1707.00524v2-Figure5-1.png": ["Caption: Comparison of the code loss and the frame reconstruction loss (MSE) for autoencoder after the training of phase 1 & phase 2.. Is the input image and caption helpful to answer the following question. Answer in one word - Yes or No. Question: Which game has the highest code loss in phase 2?. 0% no", "Caption: Comparison of the code loss and the frame reconstruction loss (MSE) for autoencoder after the training of phase 1 & phase 2.. Please provide a brief answer to the following question after looking into the input image and caption. Question: Which game has the highest code loss in phase 2?. Phase 1"]}, "referred_figures_names": ["1707.00524v2-Figure5-1.png"], "answer": "Pacman"}, "2": {"question": "What is the difference between the predicted frame and the reconstructed frame for each task domain?", "response": {"1707.00524v2-Figure3-1.png": ["Caption: The prediction and reconstruction result for each task domain. For each task, we present 1 set of frames, where the four frames are organized as follows: (1) the ground-truth frame seen by the agent; (2) the predicted frame by the prediction model; (3) the reconstruction of autoencoder trained only with reconstruction loss; (4) the reconstruction of autoencoder trained after the second phase (i.e., trained with both reconstruction loss and code matching loss). Overall, the prediction model could perfectly produce frame output, while the fully trained autoencoder generates slightly blurred frames.. Is the input image and caption helpful to answer the following question. Answer in one word - Yes or No. Question: What is the difference between the predicted frame and the reconstructed frame for each task domain?. \u200bYes\nTitle Description", "Caption: The prediction and reconstruction result for each task domain. For each task, we present 1 set of frames, where the four frames are organized as follows: (1) the ground-truth frame seen by the agent; (2) the predicted frame by the prediction model; (3) the reconstruction of autoencoder trained only with reconstruction loss; (4) the reconstruction of autoencoder trained after the second phase (i.e., trained with both reconstruction loss and code matching loss). Overall, the prediction model could perfectly produce frame output, while the fully trained autoencoder generates slightly blurred frames.. Please provide a brief answer to the following question after looking into the input image and caption. Question: What is the difference between the predicted frame and the reconstructed frame for each task domain?. The difference between the predicted frame and the reconstructed frame for each task domain is that the predicted frame is generated by the prediction model, while the reconstructed frame is generated by the fully trained autoencoder."]}, "referred_figures_names": ["1707.00524v2-Figure3-1.png"], "answer": "The predicted frame is generated by the prediction model, while the reconstructed frame is generated by the autoencoder. The predicted frame is typically more accurate than the reconstructed frame, as the prediction model is trained to predict the future state of the environment, while the autoencoder is only trained to reconstruct the input image."}, "3": {"question": "What is the difference between the encoder and decoder networks in the action-conditional prediction model?", "response": {"1707.00524v2-Figure2-1.png": ["Caption: Deep neural network architectures adopted for informed exploration. Up: action-conditional prediction model for predicting over future transition frames; down: autoencoder model for conducting hashing over the state space.. Is the input image and caption helpful to answer the following question. Answer in one word - Yes or No. Question: What is the difference between the encoder and decoder networks in the action-conditional prediction model?. 1024x768 pixels, 3 channels (RGB)\nYes", "Caption: Deep neural network architectures adopted for informed exploration. Up: action-conditional prediction model for predicting over future transition frames; down: autoencoder model for conducting hashing over the state space.. Please provide a brief answer to the following question after looking into the input image and caption. Question: What is the difference between the encoder and decoder networks in the action-conditional prediction model?. The encoder network compresses the information, while the decoder network expands the information."]}, "referred_figures_names": ["1707.00524v2-Figure2-1.png"], "answer": "The encoder network takes a one-hot action and the current state as input and outputs a latent representation of the state. The decoder network takes the latent representation and outputs a prediction of the next state."}}