{"0": {"question": "Which genre in the SRL-NW network has the lowest failure rate and how does its inference time compare to other genres within the same network?", "response": {"1707.08608v3-Table11-1.png": ["Caption: Table 11: Comparison of runtime for difference inference procedures in the noise-free constraint setting: Viterbi, A*(He et al. 2017) and GBI. For SRL-100 refer Table 1 and SRL-NW is a model trained on NW genre.. Is the input image and caption helpful to answer the following question. Answer in one word - Yes or No. Question: Which genre in the SRL-NW network has the lowest failure rate and how does its inference time compare to other genres within the same network?. 368954_SRL\\_GenreComparisonsTable11.png Failure Rate | Runtime (s/frame at FPS = 1 / Frame Size MB).", "Caption: Table 11: Comparison of runtime for difference inference procedures in the noise-free constraint setting: Viterbi, A*(He et al. 2017) and GBI. For SRL-100 refer Table 1 and SRL-NW is a model trained on NW genre.. Please provide a brief answer to the following question after looking into the input image and caption. Question: Which genre in the SRL-NW network has the lowest failure rate and how does its inference time compare to other genres within the same network?. SRL-NW"]}, "referred_figures_names": ["1707.08608v3-Table11-1.png"], "answer": "The PT genre within the SRL-NW network has the lowest failure rate at 10.01%. Its inference time is also the lowest across all genres in the SRL-NW network for all three inference procedures (Viterbi, GBI, and A*)."}, "1": {"question": "Which genre shows the **largest absolute improvement** in F1 score on the failure set after applying GBI for **both** syntactic parsing and SRL?", "response": {"1707.08608v3-Table5-1.png": ["Caption: Table 5: Evaluation of syntactic parser and SRL system on out-of-domain data. F1 scores are reported on the failure set. SRL model was trained on NW and the syntactic parser was trained on WSJ Section on OntoNote v5.0. Except PT, which is new and old Testament, all failure rate on out-domain data is higher than that of in-domain (11.9% for parsing and 18.1% for SRL) as suspected. The table shows that GBI can be successfully applied to resolve performance degradation on out-of-domain data.. Is the input image and caption helpful to answer the following question. Answer in one word - Yes or No. Question: Which genre shows the **largest absolute improvement** in F1 score on the failure set after applying GBI for **both** syntactic parsing and SRL?. 24/76", "Caption: Table 5: Evaluation of syntactic parser and SRL system on out-of-domain data. F1 scores are reported on the failure set. SRL model was trained on NW and the syntactic parser was trained on WSJ Section on OntoNote v5.0. Except PT, which is new and old Testament, all failure rate on out-domain data is higher than that of in-domain (11.9% for parsing and 18.1% for SRL) as suspected. The table shows that GBI can be successfully applied to resolve performance degradation on out-of-domain data.. Please provide a brief answer to the following question after looking into the input image and caption. Question: Which genre shows the **largest absolute improvement** in F1 score on the failure set after applying GBI for **both** syntactic parsing and SRL?."]}, "referred_figures_names": ["1707.08608v3-Table5-1.png"], "answer": "Pivot Corpus (PT) shows the largest absolute improvement in F1 score on the failure set after applying GBI for both syntactic parsing and SRL."}, "2": {"question": "How did the accuracy of the model change as the iterations progressed?", "response": {"1707.08608v3-Table9-1.png": ["Caption: A sequence transduction example for which enforcing the constraints improves accuracy. Red indicates errors.. Is the input image and caption helpful to answer the following question. Answer in one word - Yes or No. Question: How did the accuracy of the model change as the iterations progressed?. 10% improvement from iteration number zero through three, then a steady state at four\nYes", "Caption: A sequence transduction example for which enforcing the constraints improves accuracy. Red indicates errors.. Please provide a brief answer to the following question after looking into the input image and caption. Question: How did the accuracy of the model change as the iterations progressed?. Improved"]}, "referred_figures_names": ["1707.08608v3-Table9-1.png"], "answer": "The accuracy of the model increased from 66.7% to 100% as the iterations progressed."}, "3": {"question": "What is the effect of enforcing syntactic constraints on the semantic role labeling output?", "response": {"1707.08608v3-Table7-1.png": ["Caption: A semantic role labeling example for which the method successfully enforces syntactic constraints. The initial output has an inconsistent span for token \u201dreally like this\u201d. Enforcing the constraint not only corrects the number of agreeing spans, but also changes the semantic role \u201dB-ARG2\u201d to \u201dB-ARGM-ADV\u201d and \u201dI-ARG2\u201d to \u201dB-ARG2\u201d... Is the input image and caption helpful to answer the following question. Answer in one word - Yes or No. Question: What is the effect of enforcing syntactic constraints on the semantic role labeling output?. 107894653", "Caption: A semantic role labeling example for which the method successfully enforces syntactic constraints. The initial output has an inconsistent span for token \u201dreally like this\u201d. Enforcing the constraint not only corrects the number of agreeing spans, but also changes the semantic role \u201dB-ARG2\u201d to \u201dB-ARGM-ADV\u201d and \u201dI-ARG2\u201d to \u201dB-ARG2\u201d... Please provide a brief answer to the following question after looking into the input image and caption. Question: What is the effect of enforcing syntactic constraints on the semantic role labeling output?. It corrects the number of agreeing spans."]}, "referred_figures_names": ["1707.08608v3-Table7-1.png"], "answer": "Enforcing syntactic constraints can correct the number of agreeing spans, and also change the semantic roles assigned to tokens."}, "4": {"question": "What is the relationship between the number of shifts and the accuracy of the output?", "response": {"1707.08608v3-Table8-1.png": ["Caption: A shift-reduce example for which the method successfully enforces constraints. The initial output has only nine shifts, but there are ten tokens in the input. Enforcing the constraint not only corrects the number of shifts to ten, but changes the implied tree structure to the correct tree.. Is the input image and caption helpful to answer the following question. Answer in one word - Yes or No. Question: What is the relationship between the number of shifts and the accuracy of the output?. 100% accurate if it matches exactly with all possible permutations\nYes!", "Caption: A shift-reduce example for which the method successfully enforces constraints. The initial output has only nine shifts, but there are ten tokens in the input. Enforcing the constraint not only corrects the number of shifts to ten, but changes the implied tree structure to the correct tree.. Please provide a brief answer to the following question after looking into the input image and caption. Question: What is the relationship between the number of shifts and the accuracy of the output?. There is a direct relationship between the number of shifts and the accuracy of the output."]}, "referred_figures_names": ["1707.08608v3-Table8-1.png"], "answer": "The accuracy of the output increases as the number of shifts increases."}, "5": {"question": "Which inference method consistently leads to the highest F1 score on the failure set across all three networks (Net3, Net4, and Net5)?", "response": {"1707.08608v3-Table4-1.png": ["Caption: Table 4: Evaluation of GBI on simpler, low-resource seq2seq networks. Here, we also evaluate whether GBI can be used in combination with different inference techniques: greedy and beam search of various widths.. Is the input image and caption helpful to answer the following question. Answer in one word - Yes or No. Question: Which inference method consistently leads to the highest F1 score on the failure set across all three networks (Net3, Net4, and Net5)?. \ud83d\uddef\ufe0f Beam Search at a Width = 0.7896\nTable 4 is an example table that shows how Greedification Inference Techniques perform when combined together for better results; it evaluates their", "Caption: Table 4: Evaluation of GBI on simpler, low-resource seq2seq networks. Here, we also evaluate whether GBI can be used in combination with different inference techniques: greedy and beam search of various widths.. Please provide a brief answer to the following question after looking into the input image and caption. Question: Which inference method consistently leads to the highest F1 score on the failure set across all three networks (Net3, Net4, and Net5)?. Greedy"]}, "referred_figures_names": ["1707.08608v3-Table4-1.png"], "answer": "Beam search with a width of 9 consistently leads to the highest F1 score on the failure set across all three networks."}, "6": {"question": "How does GBI compare to A* in terms of reducing disagreement rate on the SRL-100 network's failure set?", "response": {"1707.08608v3-Table1-1.png": ["Caption: Table 1: Comparison of the GBI vs. A*inference procedure for SRL. We report the avg. disagreement rate, F1-scores and exact match for the failure set (columns 5-10) and F1-score for the whole test set (last 2 columns). Also, we report performances on a wide range of reference models SRL-X, where X denotes % of dataset used for training. We employ Viterbi decoding as a base inference strategy (before) and apply GBI (after) in combination with Viterbi.. Is the input image and caption helpful to answer the following question. Answer in one word - Yes or No. Question: How does GBI compare to A* in terms of reducing disagreement rate on the SRL-100 network's failure set?. 36% less than baseline | no more than +/-4%.", "Caption: Table 1: Comparison of the GBI vs. A*inference procedure for SRL. We report the avg. disagreement rate, F1-scores and exact match for the failure set (columns 5-10) and F1-score for the whole test set (last 2 columns). Also, we report performances on a wide range of reference models SRL-X, where X denotes % of dataset used for training. We employ Viterbi decoding as a base inference strategy (before) and apply GBI (after) in combination with Viterbi.. Please provide a brief answer to the following question after looking into the input image and caption. Question: How does GBI compare to A* in terms of reducing disagreement rate on the SRL-100 network's failure set?. GBI outperforms A\\* in terms of reducing disagreement rate on the SRL-100 network's failure set."]}, "referred_figures_names": ["1707.08608v3-Table1-1.png"], "answer": "GBI is more effective than A* in reducing the disagreement rate on the SRL-100 network's failure set. After applying GBI, the average disagreement rate drops to 24.92%, while A* only reduces it to 33.91%. This represents an 19.93% greater reduction in disagreement rate when using GBI compared to A*."}}