{"0": {"question": "Which model performs best when trained on the NYT dataset and evaluated on the WT14 dataset, and how does its performance compare to the baselines?", "response": {"1707.00189v3-Table1-1.png": ["Caption: Table 1: Ranking performance when trained using contentbased sources (NYT and Wiki). Significant differences compared to the baselines ([B]M25, [W]T10, [A]OL) are indicated with \u2191 and \u2193 (paired t-test, p < 0.05).. Is the input image and caption helpful to answer the following question. Answer in one word - Yes or No. Question: Which model performs best when trained on the NYT dataset and evaluated on the WT14 dataset, and how does its performance compare to the baselines?. \u25cb M26 is better than T37 by a significant margin of +89% while OL has no improvement over BERT's results\nYes", "Caption: Table 1: Ranking performance when trained using contentbased sources (NYT and Wiki). Significant differences compared to the baselines ([B]M25, [W]T10, [A]OL) are indicated with \u2191 and \u2193 (paired t-test, p < 0.05).. Please provide a brief answer to the following question after looking into the input image and caption. Question: Which model performs best when trained on the NYT dataset and evaluated on the WT14 dataset, and how does its performance compare to the baselines?. M25"]}, "referred_figures_names": ["1707.00189v3-Table1-1.png"], "answer": "The Conv-KNRM model performs best when trained on the NYT dataset and evaluated on the WT14 dataset, achieving an nDCG@20 score of 0.3215. This performance is significantly better than all the baselines: BM25 (B), WT10 (W), and AOL (A)."}}