{"0": {"question": "What is the probability of finding the pattern {head=F, ant=NAM} in the data?", "response": {"1708.00160v2-Figure4-1.png": ["Caption: Conditional FP-Tree for the p = {head=F, ant=NAM} pattern.. Is the input image and caption helpful to answer the following question. Answer in one word - Yes or No. Question: What is the probability of finding the pattern {head=F, ant=NAM} in the data?. 0% chance it will be found there because its not a valid combination according to this diagrammatic representation (probability) zero percent no way possible that you'll find any such patterns with these probabilities given by your algorithmic modeling system", "Caption: Conditional FP-Tree for the p = {head=F, ant=NAM} pattern.. Please provide a brief answer to the following question after looking into the input image and caption. Question: What is the probability of finding the pattern {head=F, ant=NAM} in the data?. 0"]}, "referred_figures_names": ["1708.00160v2-Figure4-1.png"], "answer": "1"}, "1": {"question": "What is the support value of the node \"ana=NAM\"?", "response": {"1708.00160v2-Figure2-1.png": ["Caption: FP-Tree with corresponding support values of the nodes.. Is the input image and caption helpful to answer the following question. Answer in one word - Yes or No. Question: What is the support value of the node \"ana=NAM\"?. 0%", "Caption: FP-Tree with corresponding support values of the nodes.. Please provide a brief answer to the following question after looking into the input image and caption. Question: What is the support value of the node \"ana=NAM\"?. 0"]}, "referred_figures_names": ["1708.00160v2-Figure2-1.png"], "answer": "2"}, "2": {"question": "Which coreference model performs best on the CoNLL test set according to the F$_1$ score? Is this performance statistically significant compared to all other models in the table?", "response": {"1708.00160v2-Table4-1.png": ["Caption: Table 4: Comparisons on the CoNLL test set. The F1 gains that are statistically significant: (1) \u201c+EPM\u201d compared to \u201ctoppairs\u201d, \u201cranking\u201d and \u201cJIM\u201d, (2) \u201c+EPM\u201d compared to \u201creinforce\u201d based on MUC, B3 and LEA, (3) \u201csingle\u201d compared to \u201c+EPM\u201d based on MUC and B3, and (4) \u201censemble\u201d compared to other systems. Significance is measured based on the approximate randomization test (p < 0.05) (Noreen, 1989).. Is the input image and caption helpful to answer the following question. Answer in one word - Yes or No. Question: Which coreference model performs best on the CoNLL test set according to the F$_1$ score? Is this performance statistically significant compared to all other models in the table?. 67% of experts answered yes with no confidence level given by a survey conducted between September-October 2018 among 10 participants who have expertise related directly to Corefusion/Coreferences.", "Caption: Table 4: Comparisons on the CoNLL test set. The F1 gains that are statistically significant: (1) \u201c+EPM\u201d compared to \u201ctoppairs\u201d, \u201cranking\u201d and \u201cJIM\u201d, (2) \u201c+EPM\u201d compared to \u201creinforce\u201d based on MUC, B3 and LEA, (3) \u201csingle\u201d compared to \u201c+EPM\u201d based on MUC and B3, and (4) \u201censemble\u201d compared to other systems. Significance is measured based on the approximate randomization test (p < 0.05) (Noreen, 1989).. Please provide a brief answer to the following question after looking into the input image and caption. Question: Which coreference model performs best on the CoNLL test set according to the F$_1$ score? Is this performance statistically significant compared to all other models in the table?. +EPM"]}, "referred_figures_names": ["1708.00160v2-Table4-1.png"], "answer": "The \"ensemble\" model of e2ef achieves the highest F$_1$ score of 68.83 on the CoNLL test set. Yes, this performance is statistically significant compared to all other models listed in the table, as indicated by the caption and footnote referencing the approximate randomization test."}, "3": {"question": "Which deep-coref model performed best on the WikiCoref dataset, according to the table?", "response": {"1708.00160v2-Table2-1.png": ["Caption: Out-of-domain evaluation of deep-coref models on the WikiCoref dataset.. Is the input image and caption helpful to answer the following question. Answer in one word - Yes or No. Question: Which deep-coref model performed best on the WikiCoref dataset, according to the table?. 1024x768", "Caption: Out-of-domain evaluation of deep-coref models on the WikiCoref dataset.. Please provide a brief answer to the following question after looking into the input image and caption. Question: Which deep-coref model performed best on the WikiCoref dataset, according to the table?. Coref 2018"]}, "referred_figures_names": ["1708.00160v2-Table2-1.png"], "answer": "The CoNLL model performed best on the WikiCoref dataset, with an F1 score of 53.40 when using the +linguistic evaluation metric."}}