{"0": {"question": "What are the different steps involved in reconstructing implicit warrants for argument reasoning comprehension?", "response": {"1708.01425v4-Figure2-1.png": ["Caption: Overview of the methodology of reconstructing implicit warrants for argument reasoning comprehension.. Is the input image and caption helpful to answer the following question. Answer in one word - Yes or No. Question: What are the different steps involved in reconstructing implicit warrants for argument reasoning comprehension?. 1024x768", "Caption: Overview of the methodology of reconstructing implicit warrants for argument reasoning comprehension.. Please provide a brief answer to the following question after looking into the input image and caption. Question: What are the different steps involved in reconstructing implicit warrants for argument reasoning comprehension?. 1. 2. 3. 4. 5."]}, "referred_figures_names": ["1708.01425v4-Figure2-1.png"], "answer": "The different steps involved in reconstructing implicit warrants for argument reasoning comprehension are:\n1. Sampling comments\n2. Stance annotation\n3. Reason span annotations\n4. Reason gist summarization\n5. Reason disambiguation\n6. Alternative warrant\n7. Alternative warrant validation\n8. Warrant for original claim\n9. Warrant validation"}, "1": {"question": "What is the relationship between the number of workers per \"expert\" and Cohen's kappa agreement for stance annotation?", "response": {"1708.01425v4-Figure3-1.png": ["Caption: Figure 3: Cohen\u2019s \u03ba agreement for stance annotation on 98 comments. As a trade-off between reducing costs (i.e., discarding fewer instances) and increasing reliability, we chose 5 annotators and a threshold of 0.95 for this task, which resulted in \u03ba = 0.58 (moderate to substantial agreement).. Is the input image and caption helpful to answer the following question. Answer in one word - Yes or No. Question: What is the relationship between the number of workers per \"expert\" and Cohen's kappa agreement for stance annotation?. 1st degree correlation with no direct causation linkage but indirectly related through cost savings by not having more experts than necessary while maintaining high accuracy level using only five expert annotations at an acceptable value that can be considered moderately reliable as", "Caption: Figure 3: Cohen\u2019s \u03ba agreement for stance annotation on 98 comments. As a trade-off between reducing costs (i.e., discarding fewer instances) and increasing reliability, we chose 5 annotators and a threshold of 0.95 for this task, which resulted in \u03ba = 0.58 (moderate to substantial agreement).. Please provide a brief answer to the following question after looking into the input image and caption. Question: What is the relationship between the number of workers per \"expert\" and Cohen's kappa agreement for stance annotation?. Moderate to substantial"]}, "referred_figures_names": ["1708.01425v4-Figure3-1.png"], "answer": "The Cohen's kappa agreement for stance annotation increases as the number of workers per \"expert\" increases."}, "2": {"question": "Which approach performs best on the development set?", "response": {"1708.01425v4-Table2-1.png": ["Caption: Accuracy of each approach (humans and systems) on the development set and test set, respectively.. Is the input image and caption helpful to answer the following question. Answer in one word - Yes or No. Question: Which approach performs best on the development set?. 1056789432", "Caption: Accuracy of each approach (humans and systems) on the development set and test set, respectively.. Please provide a brief answer to the following question after looking into the input image and caption. Question: Which approach performs best on the development set?. Humans"]}, "referred_figures_names": ["1708.01425v4-Table2-1.png"], "answer": "Intra-warrant attention with context."}, "3": {"question": "Does formal training in reasoning, logic, or argumentation seem to have a significant effect on argument reasoning comprehension accuracy for people with graduate degrees?", "response": {"1708.01425v4-Figure4-1.png": ["Caption: Human upper bounds on the argument reasoning comprehension task with respect to education and formal training in reasoning, logic, or argumentation. For each configuration, the mean values are displayed together with the number of participants (above the bar) and with their standard deviations (error bars).. Is the input image and caption helpful to answer the following question. Answer in one word - Yes or No. Question: Does formal training in reasoning, logic, or argumentation seem to have a significant effect on argument reasoning comprehension accuracy for people with graduate degrees?. 10% no\nYes | No  25789463-cbaa-bdfd-fcae-cbcdedebbefaaa/iq_test_results?imageSize=large&", "Caption: Human upper bounds on the argument reasoning comprehension task with respect to education and formal training in reasoning, logic, or argumentation. For each configuration, the mean values are displayed together with the number of participants (above the bar) and with their standard deviations (error bars).. Please provide a brief answer to the following question after looking into the input image and caption. Question: Does formal training in reasoning, logic, or argumentation seem to have a significant effect on argument reasoning comprehension accuracy for people with graduate degrees?. Yes"]}, "referred_figures_names": ["1708.01425v4-Figure4-1.png"], "answer": "No, it does not appear to have a significant effect."}, "4": {"question": "Which step in the methodology resulted in the largest decrease in the size of the dataset?", "response": {"1708.01425v4-Table1-1.png": ["Caption: Details and statistics of the datasets resulting from the eight steps of our methodology implemented in a crowdsourcing process. *Input instances were filtered by their \u2018logic score\u2019 assigned in Step 6, such that the weakest 30% were discarded. A more detailed description is available in the readme file of the source code.. Is the input image and caption helpful to answer the following question. Answer in one word - Yes or No. Question: Which step in the methodology resulted in the largest decrease in the size of the dataset?. 1928574-large_increase\nYes", "Caption: Details and statistics of the datasets resulting from the eight steps of our methodology implemented in a crowdsourcing process. *Input instances were filtered by their \u2018logic score\u2019 assigned in Step 6, such that the weakest 30% were discarded. A more detailed description is available in the readme file of the source code.. Please provide a brief answer to the following question after looking into the input image and caption. Question: Which step in the methodology resulted in the largest decrease in the size of the dataset?."]}, "referred_figures_names": ["1708.01425v4-Table1-1.png"], "answer": "Step 4, Reason disambiguation."}, "5": {"question": "How does the intra-warrant attention mechanism work?", "response": {"1708.01425v4-Figure5-1.png": ["Caption: Figure 5: Intra-warrant attention. Only the attention vector for the warrant W1 is shown; the attention vector for W0 is constructed analogously. Grey areas represent a modification with additional context.. Is the input image and caption helpful to answer the following question. Answer in one word - Yes or No. Question: How does the intra-warrant attention mechanism work?. 24 bit", "Caption: Figure 5: Intra-warrant attention. Only the attention vector for the warrant W1 is shown; the attention vector for W0 is constructed analogously. Grey areas represent a modification with additional context.. Please provide a brief answer to the following question after looking into the input image and caption. Question: How does the intra-warrant attention mechanism work?. The attention vector for the warrant W1 is shown, the attention vector for W0 is constructed analogously"]}, "referred_figures_names": ["1708.01425v4-Figure5-1.png"], "answer": "The intra-warrant attention mechanism uses a BiLSTM to encode the reason and claim, and then provides this encoded information as an attention vector to LSTM layers for each warrant. The attention vector allows the model to focus on specific parts of the reason and claim that are most relevant to each warrant."}}