{"0": {"question": "Which MCMC sampler appears to have the most consistent performance across the different variables?", "response": {"1708.05239v3-Figure9-1.png": ["Caption: Plots of marginal posterior densities for a random subsample of variables. Each column represents a different variable and each row is a different MCMC sampler, HMC, PE-HMC (N=2) and PE-HMC (N=5), respectively. Is the input image and caption helpful to answer the following question. Answer in one word - Yes or No. Question: Which MCMC sampler appears to have the most consistent performance across the different variables?. 10% chance that you are correct\nYes I am right! The blue plot has more consistency than any other plots with respects to its corresponding value on all columns except two cases where it's not as good but still better compared others", "Caption: Plots of marginal posterior densities for a random subsample of variables. Each column represents a different variable and each row is a different MCMC sampler, HMC, PE-HMC (N=2) and PE-HMC (N=5), respectively. Please provide a brief answer to the following question after looking into the input image and caption. Question: Which MCMC sampler appears to have the most consistent performance across the different variables?. PE-HMC (N=5)"]}, "referred_figures_names": ["1708.05239v3-Figure9-1.png"], "answer": "PE-HMC (N=5)"}, "1": {"question": "How does the performance of the PE-N=5 sampler compare to the HMC sampler?", "response": {"1708.05239v3-Figure10-1.png": ["Caption: Log-predictive density on held-out test data (random 20% of full data) for the prostate cancer dataset comparing the HMC and pseudo-extended HMC samplers, with N = 2 and N = 5. For the case of fixed \u03b2 = [0.25, 0.5, 0.75], the number of pseudo-samples N = 2.. Is the input image and caption helpful to answer the following question. Answer in one word - Yes or No. Question: How does the performance of the PE-N=5 sampler compare to the HMC sampler?. 198643 times better than hmc\nNo; The two are not directly comparable as they have different parameters such that a comparison is meaningless without additional information about those values being used by each algorithm respectively at any given time frame", "Caption: Log-predictive density on held-out test data (random 20% of full data) for the prostate cancer dataset comparing the HMC and pseudo-extended HMC samplers, with N = 2 and N = 5. For the case of fixed \u03b2 = [0.25, 0.5, 0.75], the number of pseudo-samples N = 2.. Please provide a brief answer to the following question after looking into the input image and caption. Question: How does the performance of the PE-N=5 sampler compare to the HMC sampler?. Random 20% of full data for the prostate cancer dataset comparing the HMC and pseudo-extended HMC samplers, with N = 2 and N = 5. For the case of fixed \u03b2 = [0.25, 0.5, 0.75], the number of pseudo-samples N = 2."]}, "referred_figures_names": ["1708.05239v3-Figure10-1.png"], "answer": "The PE-N=5 sampler performs better than the HMC sampler."}}