{"0": {"question": "Which method achieves the lowest error rate on ILSVRC at 1/4 of the total cost?", "response": {"1708.06832v3-Figure3-1.png": ["Caption: (a) Average relative percentage increase in error from OPT on CIFAR and SVHN at 1/4, 1/2, 3/4 and 1 of the total cost. E.g., the bottom right entry means that if OPT has a 10% final error rate, then AdaLoss has about 10.27%. (b) Test error rates at different fraction of the total costs on ResANN50 and DenseANN169.. Is the input image and caption helpful to answer the following question. Answer in one word - Yes or No. Question: Which method achieves the lowest error rate on ILSVRC at 1/4 of the total cost?. \u0097Adaptive Lambda Optimization for Neural Networks with TensorFlow's Learning Rate Scheduler is correct\nYes", "Caption: (a) Average relative percentage increase in error from OPT on CIFAR and SVHN at 1/4, 1/2, 3/4 and 1 of the total cost. E.g., the bottom right entry means that if OPT has a 10% final error rate, then AdaLoss has about 10.27%. (b) Test error rates at different fraction of the total costs on ResANN50 and DenseANN169.. Please provide a brief answer to the following question after looking into the input image and caption. Question: Which method achieves the lowest error rate on ILSVRC at 1/4 of the total cost?. ResANN50"]}, "referred_figures_names": ["1708.06832v3-Figure3-1.png"], "answer": "MSDNNet38"}, "1": {"question": "What is the effect of increasing the budget in FLOPS on the test Top-1 error rate for the three different training strategies?", "response": {"1708.06832v3-Figure1-1.png": ["Caption: (a) The common ANN training strategy increases final errors from the optimal (green vs. blue), which decreases exponentially slowly. By learning to focus more on the final auxiliary losses, the proposed adaptive loss weights make a small ANN (orange) to outperform a large one (green) that has non-adaptive weights. (b) Anytime neural networks contain auxiliary predictions and losses, y\u0302i and `i, for intermediate feature unit fi.. Is the input image and caption helpful to answer the following question. Answer in one word - Yes or No. Question: What is the effect of increasing the budget in FLOPS on the test Top-1 error rate for the three different training strategies?. 20% less than current best value | no impact at all\n| 5 times better performance compared with baseline model's prediction accuracy but still worse overall then stateofart models trained by similar methods using larger budgets flop wise?", "Caption: (a) The common ANN training strategy increases final errors from the optimal (green vs. blue), which decreases exponentially slowly. By learning to focus more on the final auxiliary losses, the proposed adaptive loss weights make a small ANN (orange) to outperform a large one (green) that has non-adaptive weights. (b) Anytime neural networks contain auxiliary predictions and losses, y\u0302i and `i, for intermediate feature unit fi.. Please provide a brief answer to the following question after looking into the input image and caption. Question: What is the effect of increasing the budget in FLOPS on the test Top-1 error rate for the three different training strategies?."]}, "referred_figures_names": ["1708.06832v3-Figure1-1.png"], "answer": "The test Top-1 error rate decreases as the budget in FLOPS increases for all three training strategies."}, "2": {"question": "Which model performs the best on CIFAR100 and ILSVRC datasets?", "response": {"1708.06832v3-Figure5-1.png": ["Caption: (a) EANN performs better if the ANNs use AdaLoss instead of CONST. (b) EANN outperforms linear ensembles of DNNs on ILSVRC. (c) The learned adaptive weights of the same model on three data-sets.. Is the input image and caption helpful to answer the following question. Answer in one word - Yes or No. Question: Which model performs the best on CIFAR100 and ILSVRC datasets?. 256 layered CNN with a large number of neurons per hidden unit? no | yes\nno", "Caption: (a) EANN performs better if the ANNs use AdaLoss instead of CONST. (b) EANN outperforms linear ensembles of DNNs on ILSVRC. (c) The learned adaptive weights of the same model on three data-sets.. Please provide a brief answer to the following question after looking into the input image and caption. Question: Which model performs the best on CIFAR100 and ILSVRC datasets?. (c) The learned adaptive weights of the same model on three data-sets."]}, "referred_figures_names": ["1708.06832v3-Figure5-1.png"], "answer": "EANN with AdaLoss performs the best on both CIFAR100 and ILSVRC datasets."}}