{"0": {"question": "What is the role of the code layer in the HDMF architecture?", "response": {"1708.03797v1-Figure1-1.png": ["Caption: Overview of HDMF. Is the input image and caption helpful to answer the following question. Answer in one word - Yes or No. Question: What is the role of the code layer in the HDMF architecture?. 1024x768 pixel resolutions are used for this purpose only, not larger ones like 35mm film frames\nYes", "Caption: Overview of HDMF. Please provide a brief answer to the following question after looking into the input image and caption. Question: What is the role of the code layer in the HDMF architecture?. Encoder"]}, "referred_figures_names": ["1708.03797v1-Figure1-1.png"], "answer": "The code layer is responsible for generating a compressed representation of the input data. This compressed representation is then used by the decoder to reconstruct the original data."}, "1": {"question": "Which model achieved the best overall performance in terms of ranking relevant tags for users?", "response": {"1708.03797v1-Table2-1.png": ["Caption: Table 2: Recommendation Performance of Various Models (in %). Is the input image and caption helpful to answer the following question. Answer in one word - Yes or No. Question: Which model achieved the best overall performance in terms of ranking relevant tags for users?. 10%", "Caption: Table 2: Recommendation Performance of Various Models (in %). Please provide a brief answer to the following question after looking into the input image and caption. Question: Which model achieved the best overall performance in terms of ranking relevant tags for users?. Yes"]}, "referred_figures_names": ["1708.03797v1-Table2-1.png"], "answer": "HDMF achieved the best overall performance."}}