{"0": {"question": "How does increasing the parameter value (\u03c1 for LIME with Euclidean distance, \u03bc for LIME with cosine similarity, and \u03c3 for Parzen) seem to affect the influence vectors?", "response": {"1708.02153v2-Table3-1.png": ["Caption: Table 3: The effect of different parameters and different distance measures.. Is the input image and caption helpful to answer the following question. Answer in one word - Yes or No. Question: How does increasing the parameter value (\u03c1 for LIME with Euclidean distance, \u03bc for LIME with cosine similarity, and \u03c3 for Parzen) seem to affect the influence vectors?. 10% more influential than a random person on average? Not at all\nYes", "Caption: Table 3: The effect of different parameters and different distance measures.. Please provide a brief answer to the following question after looking into the input image and caption. Question: How does increasing the parameter value (\u03c1 for LIME with Euclidean distance, \u03bc for LIME with cosine similarity, and \u03c3 for Parzen) seem to affect the influence vectors?. Increasing the parameter value seems to decrease the influence vectors."]}, "referred_figures_names": ["1708.02153v2-Table3-1.png"], "answer": "As the parameter value increases, the influence vectors generally become smoother and less noisy."}, "1": {"question": "Which explanation method seems to place the most emphasis on specific, localized features rather than smooth, gradual changes in pixel intensity?", "response": {"1708.02153v2-Table1-1.png": ["Caption: Table 1: Influence of two different points of interest (POI). Is the input image and caption helpful to answer the following question. Answer in one word - Yes or No. Question: Which explanation method seems to place the most emphasis on specific, localized features rather than smooth, gradual changes in pixel intensity?. 20%", "Caption: Table 1: Influence of two different points of interest (POI). Please provide a brief answer to the following question after looking into the input image and caption. Question: Which explanation method seems to place the most emphasis on specific, localized features rather than smooth, gradual changes in pixel intensity?. Inverse Shift"]}, "referred_figures_names": ["1708.02153v2-Table1-1.png"], "answer": "LIME appears to place the most emphasis on specific, localized features."}, "2": {"question": "Explain why the \"Last contact\" feature has a significant positive influence on the SSL score in both examples, even though it is not directly used by the SSL algorithm.", "response": {"1708.02153v2-Table4-1.png": ["Caption: Table 4: Two example results of MIM influence measurement. Age is given in decades, features 5, 11, 12 and 13 are binary.. Is the input image and caption helpful to answer the following question. Answer in one word - Yes or No. Question: Explain why the \"Last contact\" feature has a significant positive influence on the SSL score in both examples, even though it is not directly used by the SSL algorithm.. 08/16/2017 9am", "Caption: Table 4: Two example results of MIM influence measurement. Age is given in decades, features 5, 11, 12 and 13 are binary.. Please provide a brief answer to the following question after looking into the input image and caption. Question: Explain why the \"Last contact\" feature has a significant positive influence on the SSL score in both examples, even though it is not directly used by the SSL algorithm.. The Last Contact feature can be seen as an indication of the user's level of engagement with the platform, which can indirectly affect the SSL score through its impact on the user's overall behavior on the platform."]}, "referred_figures_names": ["1708.02153v2-Table4-1.png"], "answer": "The \"Last contact\" feature shows a strong positive influence on the SSL score because it is likely correlated with other features that are used by the algorithm. As the passage mentions, data-driven methods like MIM can assign influence to features that are not directly used by the model if they are correlated with other influential features. In this case, a recent \"Last contact\" date might be correlated with a higher number of recent offenses or other factors that contribute to a higher SSL score."}}