{"0": {"question": "Which method generally achieved a lower objective function value (OFV) for the different datasets, FISVDD or Incremental SVM? Does this imply that one method is definitively better than the other?", "response": {"1709.00139v4-Table1-1.png": ["Caption: Table 1: Experimental Results of FISVDD and Incremental SVM on Different Data Sets. Is the input image and caption helpful to answer the following question. Answer in one word - Yes or No. Question: Which method generally achieved a lower objective function value (OFV) for the different datasets, FISVDD or Incremental SVM? Does this imply that one method is definitively better than the other?. 209647583-crop_image\\nYes \\frown\\_oneup", "Caption: Table 1: Experimental Results of FISVDD and Incremental SVM on Different Data Sets. Please provide a brief answer to the following question after looking into the input image and caption. Question: Which method generally achieved a lower objective function value (OFV) for the different datasets, FISVDD or Incremental SVM? Does this imply that one method is definitively better than the other?. Yes"]}, "referred_figures_names": ["1709.00139v4-Table1-1.png"], "answer": "For all datasets presented, Incremental SVM achieved a slightly lower OFV compared to FISVDD. However, this does not necessarily mean that Incremental SVM is definitively better."}}