{"0": {"question": "What is the effect of performing a left-swap on a binary vector y at index j\u2032?", "response": {"1709.02418v2-Figure1-1.png": ["Caption: Illustration of how performing a left-swap on binary vector y at index j\u2032 yields a new vector z such that the number of misclassified pairs h(z, y\u0302) is one more than h(y, y\u0302). Specifically, y\u0302 misclassifies pairs (3, 4), (3, 5), (3, 7), and (6, 7) w.r.t. to y, since for each such pair (i, j), y\u0302i < y\u0302j but yi > yj . In contrast, y\u0302 misclassifies (3, 4), (3, 6), (3, 7), (5, 6), and (5, 7) w.r.t. to z.. Is the input image and caption helpful to answer the following question. Answer in one word - Yes or No. Question: What is the effect of performing a left-swap on a binary vector y at index j\u2032?. 10% increase\nNo", "Caption: Illustration of how performing a left-swap on binary vector y at index j\u2032 yields a new vector z such that the number of misclassified pairs h(z, y\u0302) is one more than h(y, y\u0302). Specifically, y\u0302 misclassifies pairs (3, 4), (3, 5), (3, 7), and (6, 7) w.r.t. to y, since for each such pair (i, j), y\u0302i < y\u0302j but yi > yj . In contrast, y\u0302 misclassifies (3, 4), (3, 6), (3, 7), (5, 6), and (5, 7) w.r.t. to z.. Please provide a brief answer to the following question after looking into the input image and caption. Question: What is the effect of performing a left-swap on a binary vector y at index j\u2032?. The number of misclassified pairs increases by one."]}, "referred_figures_names": ["1709.02418v2-Figure1-1.png"], "answer": "The left-swap increases the number of misclassified pairs by one."}}