{"0": {"question": "How does the performance of the two-way AdaQA model compare to the one-way AdaQA model and other CNN-based baseline models on the WikiQA dataset?", "response": {"1709.08294v3-Table3-1.png": ["Caption: Table 3: Results of our models on WikiQA dataset, compared with previous CNN-based methods.. Is the input image and caption helpful to answer the following question. Answer in one word - Yes or No. Question: How does the performance of the two-way AdaQA model compare to the one-way AdaQA model and other CNN-based baseline models on the WikiQA dataset?. 10% better than both one way adaptive Q A (one\\_wa) and all others?", "Caption: Table 3: Results of our models on WikiQA dataset, compared with previous CNN-based methods.. Please provide a brief answer to the following question after looking into the input image and caption. Question: How does the performance of the two-way AdaQA model compare to the one-way AdaQA model and other CNN-based baseline models on the WikiQA dataset?."]}, "referred_figures_names": ["1709.08294v3-Table3-1.png"], "answer": "The two-way AdaQA model significantly outperforms the one-way AdaQA model and all other CNN-based baseline models on the WikiQA dataset. This is evident from the higher MAP and MRR values achieved by the two-way model (0.7107 and 0.7304 respectively) compared to the one-way model (0.7005 and 0.7161) and the baseline models."}, "1": {"question": "How does the ACNN framework learn context-sensitive filters?", "response": {"1709.08294v3-Figure1-1.png": ["Caption: Figure 1: The general ACNN framework. Notably, the input sentences to filter generating module and convolution module could be different (see Section 3.3).. Is the input image and caption helpful to answer the following question. Answer in one word - Yes or No. Question: How does the ACNN framework learn context-sensitive filters?. 2016/07/19 1548 Y", "Caption: Figure 1: The general ACNN framework. Notably, the input sentences to filter generating module and convolution module could be different (see Section 3.3).. Please provide a brief answer to the following question after looking into the input image and caption. Question: How does the ACNN framework learn context-sensitive filters?. Convolutional Modules"]}, "referred_figures_names": ["1709.08294v3-Figure1-1.png"], "answer": "The ACNN framework learns context-sensitive filters through two modules: the filter generation module and the adaptive convolution module. The filter generation module produces a set of filters conditioned on the input sentence, while the adaptive convolution module applies the generated filters to an input sentence. The two modules are jointly differentiable, and the overall architecture can be trained in an end-to-end manner."}, "2": {"question": "Which model performed the best on the Quora Question Pairs dataset?", "response": {"1709.08294v3-Table5-1.png": ["Caption: Results on the Quora Question Pairs dataset.. Is the input image and caption helpful to answer the following question. Answer in one word - Yes or No. Question: Which model performed the best on the Quora Question Pairs dataset?. 1049672583-cnn", "Caption: Results on the Quora Question Pairs dataset.. Please provide a brief answer to the following question after looking into the input image and caption. Question: Which model performed the best on the Quora Question Pairs dataset?. Siamese Multi-Perspective Convolutional Neural Network (CNN)"]}, "referred_figures_names": ["1709.08294v3-Table5-1.png"], "answer": "AdaQA (two-way) + att."}, "3": {"question": "Based on the figure, which type of question does ACNN perform the best on?", "response": {"1709.08294v3-Figure3-1.png": ["Caption: Comprehensive study of the proposed ACNN framework, including (a) the number of filters (Yelp dataset), and (b) performance vs question types (WikiQA dataset), and (c) t-SNE visualization of learned filter weights (DBpedia dataset).. Is the input image and caption helpful to answer the following question. Answer in one word - Yes or No. Question: Based on the figure, which type of question does ACNN perform the best on?. 1024", "Caption: Comprehensive study of the proposed ACNN framework, including (a) the number of filters (Yelp dataset), and (b) performance vs question types (WikiQA dataset), and (c) t-SNE visualization of learned filter weights (DBpedia dataset).. Please provide a brief answer to the following question after looking into the input image and caption. Question: Based on the figure, which type of question does ACNN perform the best on?. (c) t-SNE visualization of learned filter weights"]}, "referred_figures_names": ["1709.08294v3-Figure3-1.png"], "answer": "ACNN performs best on \"Who\" questions."}, "4": {"question": "How does the Adaptive Question Answering (AdaQA) model generate context-aware filters?", "response": {"1709.08294v3-Figure2-1.png": ["Caption: Figure 2: Schematic description of Adaptive Question Answering (AdaQA) model.. Is the input image and caption helpful to answer the following question. Answer in one word - Yes or No. Question: How does the Adaptive Question Answering (AdaQA) model generate context-aware filters?. 10984765/question", "Caption: Figure 2: Schematic description of Adaptive Question Answering (AdaQA) model.. Please provide a brief answer to the following question after looking into the input image and caption. Question: How does the Adaptive Question Answering (AdaQA) model generate context-aware filters?."]}, "referred_figures_names": ["1709.08294v3-Figure2-1.png"], "answer": "The AdaQA model generates context-aware filters through the filter generation module. This module takes the question and answer as input and outputs a set of filters that are specific to the question and answer pair."}, "5": {"question": "Based on Table 1, which dataset has the largest vocabulary size and how does this compare to the average number of words per document in that dataset?", "response": {"1709.08294v3-Table1-1.png": ["Caption: Table 1: Dataset statistics.. Is the input image and caption helpful to answer the following question. Answer in one word - Yes or No. Question: Based on Table 1, which dataset has the largest vocabulary size and how does this compare to the average number of words per document in that dataset?. 205689743 WQA", "Caption: Table 1: Dataset statistics.. Please provide a brief answer to the following question after looking into the input image and caption. Question: Based on Table 1, which dataset has the largest vocabulary size and how does this compare to the average number of words per document in that dataset?. WWWQA"]}, "referred_figures_names": ["1709.08294v3-Table1-1.png"], "answer": "The Yelp P. dataset has the largest vocabulary size with 25,709 unique words. This is significantly larger than the average number of words per document in the dataset, which is 138."}, "6": {"question": "Can you explain why the authors claim that their S-ACNN model with a single filter is \"much more expressive\" than the basic S-CNN model, even though it doesn't achieve the best overall performance on either dataset?", "response": {"1709.08294v3-Table2-1.png": ["Caption: Table 2: Test error rates on document classification tasks (in percentages). S-model indicates that the model has one single convolutional filter, while M-model indicates that the model has multiple convolutional filters. Results marked with \u2217 are reported by (Zhang et al., 2015), \u2020 are reported by (Conneau et al., 2016), and \u2021 are reported by (Lin et al., 2017).. Is the input image and caption helpful to answer the following question. Answer in one word - Yes or No. Question: Can you explain why the authors claim that their S-ACNN model with a single filter is \"much more expressive\" than the basic S-CNN model, even though it doesn't achieve the best overall performance on either dataset?. Yes\nNo", "Caption: Table 2: Test error rates on document classification tasks (in percentages). S-model indicates that the model has one single convolutional filter, while M-model indicates that the model has multiple convolutional filters. Results marked with \u2217 are reported by (Zhang et al., 2015), \u2020 are reported by (Conneau et al., 2016), and \u2021 are reported by (Lin et al., 2017).. Please provide a brief answer to the following question after looking into the input image and caption. Question: Can you explain why the authors claim that their S-ACNN model with a single filter is \"much more expressive\" than the basic S-CNN model, even though it doesn't achieve the best overall performance on either dataset?. Yes"]}, "referred_figures_names": ["1709.08294v3-Table2-1.png"], "answer": "The authors claim that S-ACNN is more expressive than S-CNN because, despite having only one filter, it significantly outperforms S-CNN on both datasets. This suggests that the filter-generation module in ACNN allows for greater flexibility and adaptability, enabling the model to better capture the specific features of each sentence."}, "7": {"question": "Which model performs best on the SelQA dataset and how does it compare to the baseline CNN model reported in Jurczyk et al. (2016)?", "response": {"1709.08294v3-Table4-1.png": ["Caption: Table 4: Results of our models on SelQA dataset, compared with previous CNN-based methods. Results marked with \u2217 are from (Jurczyk et al., 2016), and marked with \u2021 are from (Santos et al., 2017).. Is the input image and caption helpful to answer the following question. Answer in one word - Yes or No. Question: Which model performs best on the SelQA dataset and how does it compare to the baseline CNN model reported in Jurczyk et al. (2016)?. \u221a Model A is better than all other three models tested by Santos at a statistically significant level (*). It outperforms both Baselines as well (+) for most evaluation metrics considered herein; however its performance varies depending upon which metric(", "Caption: Table 4: Results of our models on SelQA dataset, compared with previous CNN-based methods. Results marked with \u2217 are from (Jurczyk et al., 2016), and marked with \u2021 are from (Santos et al., 2017).. Please provide a brief answer to the following question after looking into the input image and caption. Question: Which model performs best on the SelQA dataset and how does it compare to the baseline CNN model reported in Jurczyk et al. (2016)?. \u2021"]}, "referred_figures_names": ["1709.08294v3-Table4-1.png"], "answer": "The AdaQA (two-way) + att. model achieves the best performance on the SelQA dataset with a MAP score of 0.9021 and an MRR score of 0.9103. Compared to the baseline CNN model from Jurczyk et al. (2016) which has a MAP score of 0.8320 and an MRR score of 0.8420, the AdaQA (two-way) + att. model demonstrates a significant improvement in both metrics."}}