{"0": {"question": "How does the validation accuracy of the SRU model compare to that of the cuDNN LSTM and CNN models?", "response": {"1709.02755v5-Figure3-1.png": ["Caption: Figure 3: Mean validation accuracies (y-axis) and standard deviations of the CNN, 2-layer LSTM and 2-layer SRU models. We plot the curves of the first 100 epochs. X-axis is the training time used (in seconds). Timings are performed on NVIDIA GeForce GTX 1070 GPU, Intel Core i7-7700K Processor and cuDNN 7003.. Is the input image and caption helpful to answer the following question. Answer in one word - Yes or No. Question: How does the validation accuracy of the SRU model compare to that of the cuDNN LSTM and CNN models?. 5% better than both other methods\nYes", "Caption: Figure 3: Mean validation accuracies (y-axis) and standard deviations of the CNN, 2-layer LSTM and 2-layer SRU models. We plot the curves of the first 100 epochs. X-axis is the training time used (in seconds). Timings are performed on NVIDIA GeForce GTX 1070 GPU, Intel Core i7-7700K Processor and cuDNN 7003.. Please provide a brief answer to the following question after looking into the input image and caption. Question: How does the validation accuracy of the SRU model compare to that of the cuDNN LSTM and CNN models?. The SRU model has a higher validation accuracy than both the cuDNN LSTM and CNN models during the first 100 epochs."]}, "referred_figures_names": ["1709.02755v5-Figure3-1.png"], "answer": "The SRU model achieves comparable or slightly higher validation accuracy than the cuDNN LSTM and CNN models on all six benchmarks."}, "1": {"question": "How does the processing time of SRU compare to that of cuDNN LSTM and word-level convolution with filter widths k=2 and k=3?", "response": {"1709.02755v5-Figure1-1.png": ["Caption: Figure 1: Average processing time in milliseconds of a batch of 32 samples using cuDNN LSTM, wordlevel convolution conv2d (with filter width k = 2 and k = 3), and the proposed SRU. We vary the number of tokens per sequence (l) and feature dimension (d).. Is the input image and caption helpful to answer the following question. Answer in one word - Yes or No. Question: How does the processing time of SRU compare to that of cuDNN LSTM and word-level convolution with filter widths k=2 and k=3?. 0598467 seconds for both methods are within error bars\nYes", "Caption: Figure 1: Average processing time in milliseconds of a batch of 32 samples using cuDNN LSTM, wordlevel convolution conv2d (with filter width k = 2 and k = 3), and the proposed SRU. We vary the number of tokens per sequence (l) and feature dimension (d).. Please provide a brief answer to the following question after looking into the input image and caption. Question: How does the processing time of SRU compare to that of cuDNN LSTM and word-level convolution with filter widths k=2 and k=3?. On average, the processing time of SRU is faster than that of cuDNN LSTM and word-level convolution with filter widths k=2 and k=3."]}, "referred_figures_names": ["1709.02755v5-Figure1-1.png"], "answer": "The processing time of SRU is significantly faster than that of cuDNN LSTM and word-level convolution with filter widths k=2 and k=3."}, "2": {"question": "According to Table 1 and the passage, how does the performance of the SRU model compare to the LSTM model in terms of both accuracy and training speed on the SQuAD dataset?", "response": {"1709.02755v5-Table2-1.png": ["Caption: Table 2: Exact match (EM) and F1 scores of various models on SQuAD (Section 4.2). We also report the total processing time per epoch and the time spent in RNN computations. SRU outperforms other models, and is more than five times faster than cuDNN LSTM.. Is the input image and caption helpful to answer the following question. Answer in one word - Yes or No. Question: According to Table 1 and the passage, how does the performance of the SRU model compare to the LSTM model in terms of both accuracy and training speed on the SQuAD dataset?. 0-5% better for all metrics except precision\nYes", "Caption: Table 2: Exact match (EM) and F1 scores of various models on SQuAD (Section 4.2). We also report the total processing time per epoch and the time spent in RNN computations. SRU outperforms other models, and is more than five times faster than cuDNN LSTM.. Please provide a brief answer to the following question after looking into the input image and caption. Question: According to Table 1 and the passage, how does the performance of the SRU model compare to the LSTM model in terms of both accuracy and training speed on the SQuAD dataset?. The SRU model outperforms the LSTM model in terms of both accuracy and training speed on the SQuAD dataset."]}, "referred_figures_names": ["1709.02755v5-Table2-1.png"], "answer": "The SRU model outperforms the LSTM model in both accuracy and training speed on the SQuAD dataset."}, "3": {"question": "Based on the table, how does the training process handle large vocabulary sizes?", "response": {"1709.02755v5-Table6-1.png": ["Caption: Table 6: Translation training configuration.. Is the input image and caption helpful to answer the following question. Answer in one word - Yes or No. Question: Based on the table, how does the training process handle large vocabulary sizes?. 1024 bit embedding size is used for all languages with a maximum of two layers per language type (English)", "Caption: Table 6: Translation training configuration.. Please provide a brief answer to the following question after looking into the input image and caption. Question: Based on the table, how does the training process handle large vocabulary sizes?. Share Embedding"]}, "referred_figures_names": ["1709.02755v5-Table6-1.png"], "answer": "The training process uses several techniques to handle large vocabulary sizes. These include:\n\n1. **Token-based batching:** Instead of grouping sentences of similar lengths together, the training process batches together a fixed number of tokens (5120 tokens per batch). This approach ensures that the model sees a consistent amount of vocabulary regardless of sentence length variation.\n2. **Shared embedding:** This technique maps both source and target words to the same embedding space, effectively reducing the memory footprint needed to store word representations. \n3. **Positional encoding:** This method injects information about the position of words in a sentence into the model, helping it better understand long-range dependencies within the text. "}, "4": {"question": "How does the variance of the hidden state $h_t$ compare to the variance of the input $x_t$ in deep layers of the SRU model?", "response": {"1709.02755v5-Figure6-1.png": ["Caption: Figure 6: Empirical estimation of the variance ratio Var[ct]/Var[xt] at each layer in a randomly initialized SRU model. We use the pre-trained word2vec embeddings as input, resulting an initial ratio slightly higher than 1/3. As expected, the ratio increases to 1 in deep layers.. Is the input image and caption helpful to answer the following question. Answer in one word - Yes or No. Question: How does the variance of the hidden state $h_t$ compare to the variance of the input $x_t$ in deep layers of the SRU model?. 0.57948\nYes I am not sure what you are asking with that information but it is correct for me! The text says yes because there's no other possible response here given this contextual setup where we have two numbers", "Caption: Figure 6: Empirical estimation of the variance ratio Var[ct]/Var[xt] at each layer in a randomly initialized SRU model. We use the pre-trained word2vec embeddings as input, resulting an initial ratio slightly higher than 1/3. As expected, the ratio increases to 1 in deep layers.. Please provide a brief answer to the following question after looking into the input image and caption. Question: How does the variance of the hidden state $h_t$ compare to the variance of the input $x_t$ in deep layers of the SRU model?. The variance of the hidden state $h\\_t$ is higher than the variance of the input $x\\_t$ in deep layers of the SRU model."]}, "referred_figures_names": ["1709.02755v5-Figure6-1.png"], "answer": "According to the passage, the variance of the hidden state is approximately equal to the variance of the input in deep layers."}, "5": {"question": "How does scaling correction affect the training of SRU models?", "response": {"1709.02755v5-Figure2-1.png": ["Caption: Figure 2: Training curves of SRU on classification. The x-axis is the number of training steps and the y-axis is the training loss. Scaling correction improves the training progress, especially for deeper models with many stacked layers.. Is the input image and caption helpful to answer the following question. Answer in one word - Yes or No. Question: How does scaling correction affect the training of SRU models?. 108597364", "Caption: Figure 2: Training curves of SRU on classification. The x-axis is the number of training steps and the y-axis is the training loss. Scaling correction improves the training progress, especially for deeper models with many stacked layers.. Please provide a brief answer to the following question after looking into the input image and caption. Question: How does scaling correction affect the training of SRU models?. It improves the training progress, especially for deeper models with many stacked layers."]}, "referred_figures_names": ["1709.02755v5-Figure2-1.png"], "answer": "Scaling correction improves the training progress of SRU models, especially for deeper models with many stacked layers."}, "6": {"question": "How does the performance of SRU with 8 layers compare to the best reported results on the SUBJ dataset, and how does its training time compare to the other models in the \"Our setup\" section?", "response": {"1709.02755v5-Table1-1.png": ["Caption: Table 1: Test accuracies on classification benchmarks (Section 4.1). The first block presents best reported results of various methods. The second block compares SRU and other baselines given the same setup. For the SST dataset, we report average results of 5 runs. For other datasets, we perform 3 independent trials of 10-fold cross validation (3\u00d710 runs). The last column compares the wall clock time (in seconds) to finish 100 epochs on the SST dataset.. Is the input image and caption helpful to answer the following question. Answer in one word - Yes or No. Question: How does the performance of SRU with 8 layers compare to the best reported results on the SUBJ dataset, and how does its training time compare to the other models in the \"Our setup\" section?. 29%\nYes!", "Caption: Table 1: Test accuracies on classification benchmarks (Section 4.1). The first block presents best reported results of various methods. The second block compares SRU and other baselines given the same setup. For the SST dataset, we report average results of 5 runs. For other datasets, we perform 3 independent trials of 10-fold cross validation (3\u00d710 runs). The last column compares the wall clock time (in seconds) to finish 100 epochs on the SST dataset.. Please provide a brief answer to the following question after looking into the input image and caption. Question: How does the performance of SRU with 8 layers compare to the best reported results on the SUBJ dataset, and how does its training time compare to the other models in the \"Our setup\" section?. On the SUBJ dataset, SRU outperforms the current state-of-the-art model by a significant margin, achieving an accuracy of 79.6% compared to the previous best result of 72.5%. In terms of training time, SRU is faster than the other models in the \"Our setup\" section, completing 100 epochs on the SST dataset in just over 10 minutes."]}, "referred_figures_names": ["1709.02755v5-Table1-1.png"], "answer": "While SRU with 8 layers achieves high test accuracy within the \"Our setup\" section on the SUBJ dataset (93.7%), it falls slightly short of the best reported result of 95.5% achieved by Zhao et al. (2015). However, SRU's training time of 879 seconds for 100 epochs on the SST dataset is faster than the LSTM model (2409 seconds) but slower than the CNN model (417 seconds) and the QRNN models (345 and 371 seconds)."}}