{"0": {"question": "What is the role of the LSTM network in the model architecture?", "response": {"1710.01507v4-Figure1-1.png": ["Caption: Model Architecture. Is the input image and caption helpful to answer the following question. Answer in one word - Yes or No. Question: What is the role of the LSTM network in the model architecture?. 1089547263", "Caption: Model Architecture. Please provide a brief answer to the following question after looking into the input image and caption. Question: What is the role of the LSTM network in the model architecture?. Recognition"]}, "referred_figures_names": ["1710.01507v4-Figure1-1.png"], "answer": "The LSTM network is used to process the post text and generate a post text embedding."}}