{"0": {"question": "How does the performance of VAGER+Voting compare to other VAGER variants in the 1-shot and 20-shot settings?", "response": {"1710.06177v2-Table1-1.png": ["Caption: Table 1. Performance of different algorithms for k-shot binary classification problem. Is the input image and caption helpful to answer the following question. Answer in one word - Yes or No. Question: How does the performance of VAGER+Voting compare to other VAGER variants in the 1-shot and 20-shot settings?. 36% better than GPT on average, but worse at some specific values (e g., 5)\nYes", "Caption: Table 1. Performance of different algorithms for k-shot binary classification problem. Please provide a brief answer to the following question after looking into the input image and caption. Question: How does the performance of VAGER+Voting compare to other VAGER variants in the 1-shot and 20-shot settings?. Yes"]}, "referred_figures_names": ["1710.06177v2-Table1-1.png"], "answer": "VAGER+Voting consistently outperforms all other VAGER variants in both 1-shot and 20-shot settings, achieving the highest AUC and F1 scores."}, "1": {"question": "Can you explain why the performance of VAGER is worse than LR for the \"Bubble\" class in the 1-shot binary classification setting, while it performs better for the other nine classes?", "response": {"1710.06177v2-Table2-1.png": ["Caption: Table 2. Comparison of VAGER and LR over novel classes with 1-shot binary classification setting. Is the input image and caption helpful to answer the following question. Answer in one word - Yes or No. Question: Can you explain why the performance of VAGER is worse than LR for the \"Bubble\" class in the 1-shot binary classification setting, while it performs better for the other nine classes?. 0", "Caption: Table 2. Comparison of VAGER and LR over novel classes with 1-shot binary classification setting. Please provide a brief answer to the following question after looking into the input image and caption. Question: Can you explain why the performance of VAGER is worse than LR for the \"Bubble\" class in the 1-shot binary classification setting, while it performs better for the other nine classes?. Yes"]}, "referred_figures_names": ["1710.06177v2-Table2-1.png"], "answer": "VAGER leverages transfer learning, while LR does not. This means VAGER attempts to apply knowledge from other classes to improve its performance on new classes. For nine out of the ten novel classes, this strategy seems to be successful, as VAGER consistently outperforms LR. However, for the \"Bubble\" class, the transfer learning approach seems to have a negative impact, causing VAGER to perform worse than LR."}, "2": {"question": "What is the relationship between the Similarity Ratio and AUC Increasing?", "response": {"1710.06177v2-Figure3-1.png": ["Caption: Linear regression of AUC improvement on Similarity Ratio for all novel classes. Is the input image and caption helpful to answer the following question. Answer in one word - Yes or No. Question: What is the relationship between the Similarity Ratio and AUC Increasing?. 10% positive correlation (Yes) no relation at zero percent (-25%) negative correlation (+76%). The plot shows a red line that goes up, but it's not clear if there are any other points around this point; however", "Caption: Linear regression of AUC improvement on Similarity Ratio for all novel classes. Please provide a brief answer to the following question after looking into the input image and caption. Question: What is the relationship between the Similarity Ratio and AUC Increasing?. Positive"]}, "referred_figures_names": ["1710.06177v2-Figure3-1.png"], "answer": "There is a positive linear relationship between the Similarity Ratio and AUC Increasing."}, "3": {"question": "Which method performs best in the 10 classes 1-shot multi-class classification problem?", "response": {"1710.06177v2-Figure5-1.png": ["Caption: Change of performance as shot number increases in 10 classes 1-shot multi-class classification problem.. Is the input image and caption helpful to answer the following question. Answer in one word - Yes or No. Question: Which method performs best in the 10 classes 1-shot multi-class classification problem?. 5 shots\nNo, it is not possible for a single classifier with only five training samples per category (one sample/category) on average across all categories at random initialization from scratch using VGGish featureset to achieve better than chance accuracy", "Caption: Change of performance as shot number increases in 10 classes 1-shot multi-class classification problem.. Please provide a brief answer to the following question after looking into the input image and caption. Question: Which method performs best in the 10 classes 1-shot multi-class classification problem?. Winner-Take-All (WTA)"]}, "referred_figures_names": ["1710.06177v2-Figure5-1.png"], "answer": "VAGER + Voting"}, "4": {"question": "What is the relationship between the novel class and the top-3 most similar base classes?", "response": {"1710.06177v2-Figure4-1.png": ["Caption: Top-3 most similar base classes to novel class on embedding layer in 5-shot setting.. Is the input image and caption helpful to answer the following question. Answer in one word - Yes or No. Question: What is the relationship between the novel class and the top-3 most similar base classes?. 10%", "Caption: Top-3 most similar base classes to novel class on embedding layer in 5-shot setting.. Please provide a brief answer to the following question after looking into the input image and caption. Question: What is the relationship between the novel class and the top-3 most similar base classes?. Similar"]}, "referred_figures_names": ["1710.06177v2-Figure4-1.png"], "answer": "The top-3 most similar base classes are the three classes that are most similar to the novel class, based on the embedding layer in a 5-shot setting."}, "5": {"question": "Which method performs the best when the number of shots is 50?", "response": {"1710.06177v2-Figure2-1.png": ["Caption: The change of performance as the number of shots increases in binary classification.. Is the input image and caption helpful to answer the following question. Answer in one word - Yes or No. Question: Which method performs the best when the number of shots is 50?. 128\nYes, it's a yes!", "Caption: The change of performance as the number of shots increases in binary classification.. Please provide a brief answer to the following question after looking into the input image and caption. Question: Which method performs the best when the number of shots is 50?. Binary classification"]}, "referred_figures_names": ["1710.06177v2-Figure2-1.png"], "answer": "VAGER+Voting"}}