{"0": {"question": "How does the time needed for learning a graph with a subset of allowed edges $\\mathcal{E}^\\text{allowed}$ change as the number of edges per node increases?", "response": {"1710.05654v2-Figure15-1.png": ["Caption: Figure 15: Time needed for learning a graph of 60000 nodes (MNIST images) using the large-scale version of (3). Our algorithm converged after 250 to 450 iterations with a tolerance of 1e\u2212 4. The time needed is linear to the number of variables, that is linear to the average degree of the graph.. Is the input image and caption helpful to answer the following question. Answer in one word - Yes or No. Question: How does the time needed for learning a graph with a subset of allowed edges $\\mathcal{E}^\\text{allowed}$ change as the number of edges per node increases?.  Not Applicable\nNo", "Caption: Figure 15: Time needed for learning a graph of 60000 nodes (MNIST images) using the large-scale version of (3). Our algorithm converged after 250 to 450 iterations with a tolerance of 1e\u2212 4. The time needed is linear to the number of variables, that is linear to the average degree of the graph.. Please provide a brief answer to the following question after looking into the input image and caption. Question: How does the time needed for learning a graph with a subset of allowed edges $\\mathcal{E}^\\text{allowed}$ change as the number of edges per node increases?. The time needed for learning a graph with a subset of allowed edges $\\mathcal{E}^\\text{allowed}$ increases as the number of edges per node increases."]}, "referred_figures_names": ["1710.05654v2-Figure15-1.png"], "answer": "The time needed for learning a graph with a subset of allowed edges $\\mathcal{E}^\\text{allowed}$ increases linearly as the number of edges per node increases."}, "1": {"question": "Which method is the fastest for computing a graph with a small average node degree?", "response": {"1710.05654v2-Figure1-1.png": ["Caption: Time comparison of different ways to compute a graph. Left: Graph between 10,000 most frequent English words using a word2vec representation. Right: Graph between 1,000,000 nodes from 68 features (US Census 1990). Scalable algorithms benefit from a small average node degree k.. Is the input image and caption helpful to answer the following question. Answer in one word - Yes or No. Question: Which method is the fastest for computing a graph with a small average node degree?. 35% yes\nNo  47%. no it's not faster than any other methods mentioned on this slide show/graph plotter page? I don t know yet! The correct percentage would be about halfway through that list at around", "Caption: Time comparison of different ways to compute a graph. Left: Graph between 10,000 most frequent English words using a word2vec representation. Right: Graph between 1,000,000 nodes from 68 features (US Census 1990). Scalable algorithms benefit from a small average node degree k.. Please provide a brief answer to the following question after looking into the input image and caption. Question: Which method is the fastest for computing a graph with a small average node degree?. US Census 1990\nGraph between 1,000,000 nodes from 68 features"]}, "referred_figures_names": ["1710.05654v2-Figure1-1.png"], "answer": "The proposed method in this paper (k=5) is the fastest for computing a graph with a small average node degree."}, "2": {"question": "Which digit has the highest average squared distance to other digits in the MNIST dataset?", "response": {"1710.05654v2-Figure11-1.png": ["Caption: Label frequency (left) and average squared distribution (right) of MNIST train data (60000 nodes). The distances between digits \u201c1\u201d are significantly smaller than distances between other digits.. Is the input image and caption helpful to answer the following question. Answer in one word - Yes or No. Question: Which digit has the highest average squared distance to other digits in the MNIST dataset?. 9", "Caption: Label frequency (left) and average squared distribution (right) of MNIST train data (60000 nodes). The distances between digits \u201c1\u201d are significantly smaller than distances between other digits.. Please provide a brief answer to the following question after looking into the input image and caption. Question: Which digit has the highest average squared distance to other digits in the MNIST dataset?. 0"]}, "referred_figures_names": ["1710.05654v2-Figure11-1.png"], "answer": "Digit \"1\""}, "3": {"question": "How well do the approximate bounds of $\\theta$ predict sparsity in the \"spherical\" dataset?", "response": {"1710.05654v2-Figure4-1.png": ["Caption: Figure 4: Effectiveness of \u03b8 bounds eq. (18). Requested versus obtained degree, \"spherical\" data (262, 000 nodes).. Is the input image and caption helpful to answer the following question. Answer in one word - Yes or No. Question: How well do the approximate bounds of $\\theta$ predict sparsity in the \"spherical\" dataset?. 57% no match found", "Caption: Figure 4: Effectiveness of \u03b8 bounds eq. (18). Requested versus obtained degree, \"spherical\" data (262, 000 nodes).. Please provide a brief answer to the following question after looking into the input image and caption. Question: How well do the approximate bounds of $\\theta$ predict sparsity in the \"spherical\" dataset?. Not well"]}, "referred_figures_names": ["1710.05654v2-Figure4-1.png"], "answer": "The approximate bounds of $\\theta$ are very effective at predicting sparsity in the \"spherical\" dataset."}, "4": {"question": "Which model is the most effective at connecting digits with larger distances?", "response": {"1710.05654v2-Figure5-1.png": ["Caption: Connectivity across classes of MNIST. The graph is normalized so that \u2016W\u20161,1 = 1. We measure the percentage of the total weight for connected pairs of each label. The last columns correspond to the total of the wrong edges, between images of different labels. Left: A-NN graph. Middle: `2 model (4) neglects digits with larger distance. Right: log model (5) does not neglect to connect any cluster even for very sparse graphs of 5 edges per node.. Is the input image and caption helpful to answer the following question. Answer in one word - Yes or No. Question: Which model is the most effective at connecting digits with larger distances?. \u200bNo\nAnswer : Logistic Regression Model has a higher probability than other models like Convolutional Neural Network(CAN). This means it will be more likely to correctly classify an edge as being present when two clusters are farther apart", "Caption: Connectivity across classes of MNIST. The graph is normalized so that \u2016W\u20161,1 = 1. We measure the percentage of the total weight for connected pairs of each label. The last columns correspond to the total of the wrong edges, between images of different labels. Left: A-NN graph. Middle: `2 model (4) neglects digits with larger distance. Right: log model (5) does not neglect to connect any cluster even for very sparse graphs of 5 edges per node.. Please provide a brief answer to the following question after looking into the input image and caption. Question: Which model is the most effective at connecting digits with larger distances?. 2 model"]}, "referred_figures_names": ["1710.05654v2-Figure5-1.png"], "answer": "The log model."}, "5": {"question": "What is the effect of adding Gaussian noise to the images on the measured sparsity?", "response": {"1710.05654v2-Figure12-1.png": ["Caption: Robustness of the theoretical bounds of \u03b8 in the existence of outliers or duplicate nodes. Same dataset as the one used for Figure 2. Even for extreme cases in terms of distance distribution, the bounds give a good approximation. Left: Results when we add Gaussian noise from N (0, 1) to 10% of the images before calculating Z. Note that the noise added is significant given that the initial pixel values are in [0, 1]. Right: We replaced 10% of the images with duplicates of other images already in the dataset.. Is the input image and caption helpful to answer the following question. Answer in one word - Yes or No. Question: What is the effect of adding Gaussian noise to the images on the measured sparsity?. \u200bYes\nTitle Author(s): The authors go by their first names only; no last name was provided at press time.*", "Caption: Robustness of the theoretical bounds of \u03b8 in the existence of outliers or duplicate nodes. Same dataset as the one used for Figure 2. Even for extreme cases in terms of distance distribution, the bounds give a good approximation. Left: Results when we add Gaussian noise from N (0, 1) to 10% of the images before calculating Z. Note that the noise added is significant given that the initial pixel values are in [0, 1]. Right: We replaced 10% of the images with duplicates of other images already in the dataset.. Please provide a brief answer to the following question after looking into the input image and caption. Question: What is the effect of adding Gaussian noise to the images on the measured sparsity?."]}, "referred_figures_names": ["1710.05654v2-Figure12-1.png"], "answer": "Adding Gaussian noise to the images increases the measured sparsity."}, "6": {"question": "How does the connectivity of the Daitch hard scalable model compare to the Daitch soft scalable model?", "response": {"1710.05654v2-Figure14-1.png": ["Caption: Connectivity across different classes of MNIST (60000 nodes). The graph is normalized so that \u2016W\u20161,1 = 1. We measure the percentage of the total weight for connected pairs of each label. The last columns correspond to the total of the wrong edges, between images of different labels. Left: (Daitch et al., 2009) hard model. As the degree is constant over the nodes, the hard model is close the A-NN. Right: (Daitch et al., 2009) soft model. In terms of connextivity, the soft model seems to be between the log and the `2 model. Note that while it favors connections between \"1\"s, this effect becomes worse with higher density. Note also that these algorithms fail to give reasonable graphs for densities outside a small range, making it very difficult to control sparsity.. Is the input image and caption helpful to answer the following question. Answer in one word - Yes or No. Question: How does the connectivity of the Daitch hard scalable model compare to the Daitch soft scalable model?. \u200bYes", "Caption: Connectivity across different classes of MNIST (60000 nodes). The graph is normalized so that \u2016W\u20161,1 = 1. We measure the percentage of the total weight for connected pairs of each label. The last columns correspond to the total of the wrong edges, between images of different labels. Left: (Daitch et al., 2009) hard model. As the degree is constant over the nodes, the hard model is close the A-NN. Right: (Daitch et al., 2009) soft model. In terms of connextivity, the soft model seems to be between the log and the `2 model. Note that while it favors connections between \"1\"s, this effect becomes worse with higher density. Note also that these algorithms fail to give reasonable graphs for densities outside a small range, making it very difficult to control sparsity.. Please provide a brief answer to the following question after looking into the input image and caption. Question: How does the connectivity of the Daitch hard scalable model compare to the Daitch soft scalable model?."]}, "referred_figures_names": ["1710.05654v2-Figure14-1.png"], "answer": "The Daitch hard scalable model has a higher connectivity than the Daitch soft scalable model. This can be seen in the figure, where the bars for the hard model are generally higher than the bars for the soft model."}, "7": {"question": "How does the relevance of terms assigned by the learned graph compare to the relevance assigned by k-NN and A-NN graphs?", "response": {"1710.05654v2-Table1-1.png": ["Caption: Table 1: Weight comparison between k-NN, A-NN and learned graphs. The weights assigned by graph learning correspond much better to the relevance of the terms.. Is the input image and caption helpful to answer the following question. Answer in one word - Yes or No. Question: How does the relevance of terms assigned by the learned graph compare to the relevance assigned by k-NN and A-NN graphs?. 20% more relevant than KNNSAINSANSAIASAIASAAISAIAWYTTYTTYYUUTUSATURSTTSRTRSSRTSTRSRRSRYSYSUVTHHHTHH", "Caption: Table 1: Weight comparison between k-NN, A-NN and learned graphs. The weights assigned by graph learning correspond much better to the relevance of the terms.. Please provide a brief answer to the following question after looking into the input image and caption. Question: How does the relevance of terms assigned by the learned graph compare to the relevance assigned by k-NN and A-NN graphs?. It corresponds much better to the relevance of the terms."]}, "referred_figures_names": ["1710.05654v2-Table1-1.png"], "answer": "The learned graph assigns weights that correspond much better to the relevance of the terms compared to k-NN and A-NN graphs."}, "8": {"question": "How does the graph diameter change with increasing average degree for different methods and datasets?", "response": {"1710.05654v2-Figure9-1.png": ["Caption: Graph diameter measures manifold recovery quality. Left: small spherical data: 4096 nodes, 1920 signals. Middle: Same data, 40 signals. Right: word2vec: 10,000 nodes, 300 features.. Is the input image and caption helpful to answer the following question. Answer in one word - Yes or No. Question: How does the graph diameter change with increasing average degree for different methods and datasets?. 578kB", "Caption: Graph diameter measures manifold recovery quality. Left: small spherical data: 4096 nodes, 1920 signals. Middle: Same data, 40 signals. Right: word2vec: 10,000 nodes, 300 features.. Please provide a brief answer to the following question after looking into the input image and caption. Question: How does the graph diameter change with increasing average degree for different methods and datasets?."]}, "referred_figures_names": ["1710.05654v2-Figure9-1.png"], "answer": "The graph diameter generally decreases with increasing average degree for all methods and datasets. However, the rate of decrease and the final diameter value vary depending on the method and dataset."}}