{"0": {"question": " How many negative samples are there in the training set of the CNSE dataset?", "response": {"1802.07459v2-Table1-1.png": ["Caption: Table 1: Description of evaluation datasets.. Is the input image and caption helpful to answer the following question. Answer in one word - Yes or No. Question:  How many negative samples are there in the training set of the CNSE dataset?. 204856793\nQuestion no.: None, it is not possible for me as a human being with my current knowledge base at this time on that specific number because I do have some doubts about what you're asking", "Caption: Table 1: Description of evaluation datasets.. Please provide a brief answer to the following question after looking into the input image and caption. Question:  How many negative samples are there in the training set of the CNSE dataset?. 0"]}, "referred_figures_names": ["1802.07459v2-Table1-1.png"], "answer": "There are approximately 9,719 negative samples in the training set of the CNSE dataset."}, "1": {"question": "Which model variant achieves the best performance on the CNSS dataset in terms of F1-score, and what are its key components?", "response": {"1802.07459v2-Table2-1.png": ["Caption: Table 2: Accuracy and F1-score results of different algorithms on CNSE and CNSS datasets.. Is the input image and caption helpful to answer the following question. Answer in one word - Yes or No. Question: Which model variant achieves the best performance on the CNSS dataset in terms of F1-score, and what are its key components?. 05687934_v1", "Caption: Table 2: Accuracy and F1-score results of different algorithms on CNSE and CNSS datasets.. Please provide a brief answer to the following question after looking into the input image and caption. Question: Which model variant achieves the best performance on the CNSS dataset in terms of F1-score, and what are its key components?. XGBoost"]}, "referred_figures_names": ["1802.07459v2-Table2-1.png"], "answer": "Model XVIII, CIG-Sim&Siam-GCN-Sim$^{g}$, achieves the best performance on the CNSS dataset with an F1-score of 90.29%. This model utilizes the following key components:\n\n1. CIG: It directly uses keywords as concepts without community detection.\n2. Sim & Siam: It employs both term-based similarity encoder (\"Sim\") and Siamese encoder (\"Siam\") for generating matching vectors on vertices.\n3. GCN: It performs convolution on local matching vectors through GCN layers.\n4. Sim$^{g}$: It incorporates additional global features based on the five term-based similarity metrics."}, "2": {"question": "What are the different stages involved in constructing the Concept Interaction Graph (CIG) from a pair of documents?", "response": {"1802.07459v2-Figure2-1.png": ["Caption: An overview of our approach for constructing the Concept Interaction Graph (CIG) from a pair of documents and classifying it by Graph Convolutional Networks.. Is the input image and caption helpful to answer the following question. Answer in one word - Yes or No. Question: What are the different stages involved in constructing the Concept Interaction Graph (CIG) from a pair of documents?. 10,256 words no | yes", "Caption: An overview of our approach for constructing the Concept Interaction Graph (CIG) from a pair of documents and classifying it by Graph Convolutional Networks.. Please provide a brief answer to the following question after looking into the input image and caption. Question: What are the different stages involved in constructing the Concept Interaction Graph (CIG) from a pair of documents?. Graph Convolutional Networks"]}, "referred_figures_names": ["1802.07459v2-Figure2-1.png"], "answer": "The different stages involved in constructing the Concept Interaction Graph (CIG) from a pair of documents are: (a) Representation, (b) Encoding, (c) Transformation, and (d) Aggregation."}}