{"0": {"question": "What is the purpose of the residual connection in the decoding module?", "response": {"1802.07351v2-Figure7-1.png": ["Caption: Decoding module g. The residual connection denotes the output of a layer is added to the output of another layer.. Is the input image and caption helpful to answer the following question. Answer in one word - Yes or No. Question: What is the purpose of the residual connection in the decoding module?. 1024x768\nYes, it's used for adding layers together at each step until you get your final result which should be an integer value between zeroes (for black) upwards towards white values as they are more", "Caption: Decoding module g. The residual connection denotes the output of a layer is added to the output of another layer.. Please provide a brief answer to the following question after looking into the input image and caption. Question: What is the purpose of the residual connection in the decoding module?. Residual connections are used in the decoding module to add the output of one layer to the output of another layer."]}, "referred_figures_names": ["1802.07351v2-Figure7-1.png"], "answer": "The residual connection allows the output of a layer to be added to the output of another layer, which helps to improve the flow of information through the network."}, "1": {"question": "What are the differences between the results of the three methods, LiteFlowNet, PWC-Net, and Devon, compared to the ground truth?", "response": {"1802.07351v2-Figure9-1.png": ["Caption: Sintel (training set). Green arrows indicate the small object that moves fast.. Is the input image and caption helpful to answer the following question. Answer in one word - Yes or No. Question: What are the differences between the results of the three methods, LiteFlowNet, PWC-Net, and Devon, compared to the ground truth?. 10% more accurate than Ground Truth", "Caption: Sintel (training set). Green arrows indicate the small object that moves fast.. Please provide a brief answer to the following question after looking into the input image and caption. Question: What are the differences between the results of the three methods, LiteFlowNet, PWC-Net, and Devon, compared to the ground truth?. Green arrows indicate the small object that moves fast"]}, "referred_figures_names": ["1802.07351v2-Figure9-1.png"], "answer": "LiteFlowNet, PWC-Net, and Devon all produce results that are similar to the ground truth, but there are some subtle differences. For example, LiteFlowNet tends to overestimate the motion of the small object, while PWC-Net and Devon tend to underestimate it. Additionally, all three methods produce some artifacts around the edges of the moving object."}, "2": {"question": "What is the difference between a standard cost volume and a deformable cost volume?", "response": {"1802.07351v2-Figure2-1.png": ["Caption: Cost Volumes. Is the input image and caption helpful to answer the following question. Answer in one word - Yes or No. Question: What is the difference between a standard cost volume and a deformable cost volume?. 10% more pixels are used for each location on an object's surface when creating them from images of that same size than with smaller ones, but not as many extra pixel values will be generated by this process compared to using larger inputs; also", "Caption: Cost Volumes. Please provide a brief answer to the following question after looking into the input image and caption. Question: What is the difference between a standard cost volume and a deformable cost volume?. The deformable cost volume is more flexible"]}, "referred_figures_names": ["1802.07351v2-Figure2-1.png"], "answer": "A standard cost volume computes the matching costs for a neighborhood of the same location on the feature maps of the first and second images. A deformable cost volume computes the matching costs for a dilated neighborhood of the same location on the feature maps of the first and second images, offset by a flow vector."}, "3": {"question": "Based on the ablation study, which modification to the Devon model architecture had the most significant negative impact on performance for the KITTI 2015 dataset?", "response": {"1802.07351v2-Table5-1.png": ["Caption: Table 5. Results of ablation experiments after training on FlyingChairs (end-point error).. Is the input image and caption helpful to answer the following question. Answer in one word - Yes or No. Question: Based on the ablation study, which modification to the Devon model architecture had the most significant negative impact on performance for the KITTI 2015 dataset?. 3D UV mapping with a full body motion capture system using default settings without any modifications made by us\nNo", "Caption: Table 5. Results of ablation experiments after training on FlyingChairs (end-point error).. Please provide a brief answer to the following question after looking into the input image and caption. Question: Based on the ablation study, which modification to the Devon model architecture had the most significant negative impact on performance for the KITTI 2015 dataset?. Full Modeling Changes"]}, "referred_figures_names": ["1802.07351v2-Table5-1.png"], "answer": "Removing the normalization in the relation modules had the most significant negative impact on performance for the KITTI 2015 dataset."}, "4": {"question": "Which modification to the Devon model resulted in the fastest processing time for both forward and backward passes, and how much faster was it compared to the full model in terms of the backward pass? ", "response": {"1802.07351v2-Table6-1.png": ["Caption: Table 6. Runtime (ms).. Is the input image and caption helpful to answer the following question. Answer in one word - Yes or No. Question: Which modification to the Devon model resulted in the fastest processing time for both forward and backward passes, and how much faster was it compared to the full model in terms of the backward pass? . 10%", "Caption: Table 6. Runtime (ms).. Please provide a brief answer to the following question after looking into the input image and caption. Question: Which modification to the Devon model resulted in the fastest processing time for both forward and backward passes, and how much faster was it compared to the full model in terms of the backward pass? ."]}, "referred_figures_names": ["1802.07351v2-Table6-1.png"], "answer": "The \"Without dilation\" configuration resulted in the fastest processing time for both forward and backward passes. It was approximately 29.43 ms faster than the full model in terms of the backward pass (147.74 ms vs. 177.17 ms)."}, "5": {"question": "What is the purpose of the residual connection in the encoding module?", "response": {"1802.07351v2-Figure4-1.png": ["Caption: Encoding module f . The residual connection denotes the output of a layer is added to the output of another layer.. Is the input image and caption helpful to answer the following question. Answer in one word - Yes or No. Question: What is the purpose of the residual connection in the encoding module?. 1024x768\nYes, it's used for adding an additional value from each previous convolutional filter stage as well as providing more information about what has been learned by that specific model so far during training process?", "Caption: Encoding module f . The residual connection denotes the output of a layer is added to the output of another layer.. Please provide a brief answer to the following question after looking into the input image and caption. Question: What is the purpose of the residual connection in the encoding module?. To add the output of a layer to the output of another layer"]}, "referred_figures_names": ["1802.07351v2-Figure4-1.png"], "answer": "The residual connection adds the output of a layer to the output of another layer, which helps to prevent the vanishing gradient problem."}, "6": {"question": "What is the role of the relation module (Rt) in the Deformable Volume Network (Devon)?", "response": {"1802.07351v2-Figure3-1.png": ["Caption: Deformable Volume Network (Devon) with three stages. I denotes the first image, J denotes the second image, f denotes the encoding module (\u00a74.1), Rt denotes the relation module (\u00a74.2), gt denotes the decoding module (\u00a74.3) and Ft denotes the estimated optical flow for stage t.. Is the input image and caption helpful to answer the following question. Answer in one word - Yes or No. Question: What is the role of the relation module (Rt) in the Deformable Volume Network (Devon)?. 0\nYes", "Caption: Deformable Volume Network (Devon) with three stages. I denotes the first image, J denotes the second image, f denotes the encoding module (\u00a74.1), Rt denotes the relation module (\u00a74.2), gt denotes the decoding module (\u00a74.3) and Ft denotes the estimated optical flow for stage t.. Please provide a brief answer to the following question after looking into the input image and caption. Question: What is the role of the relation module (Rt) in the Deformable Volume Network (Devon)?. 1"]}, "referred_figures_names": ["1802.07351v2-Figure3-1.png"], "answer": "The relation module (Rt) is responsible for capturing the spatial relationships between the features extracted from the first and second images."}, "7": {"question": "Explain the rationale behind using five deformable cost volumes with different hyperparameter settings in Devon's relation module.", "response": {"1802.07351v2-Table1-1.png": ["Caption: Table 1. Hyperparameters of deformable cost volumes in Devon.. Is the input image and caption helpful to answer the following question. Answer in one word - Yes or No. Question: Explain the rationale behind using five deformable cost volumes with different hyperparameter settings in Devon's relation module.. 2015-03-16_deformation\\_costvolumes.png The reason for this is that it allows us to compare how well each volume performs on a given task, such as detecting objects within an environment by comparing", "Caption: Table 1. Hyperparameters of deformable cost volumes in Devon.. Please provide a brief answer to the following question after looking into the input image and caption. Question: Explain the rationale behind using five deformable cost volumes with different hyperparameter settings in Devon's relation module.. The rationale behind using five deformable cost volumes with different hyperparameter settings in Devon's relation module is to evaluate the effect of hyperparameters on the performance of the model"]}, "referred_figures_names": ["1802.07351v2-Table1-1.png"], "answer": "The five deformable cost volumes in Devon's relation module are designed to capture multi-scale motion by combining dense correspondences near the image center with sparser correspondences in the periphery. This is achieved by using different neighborhood sizes (k) and dilation rates (r) for each cost volume, as shown in Table 1. Smaller neighborhood sizes and dilation rates result in denser correspondences, focusing on finer details and small displacements, while larger values capture broader context and larger motions."}, "8": {"question": "Based on the table, which model achieved the best performance on the KITTI 2015 test set in terms of F1-all score, and how does its performance compare to Devon (ft) on the same dataset?", "response": {"1802.07351v2-Table4-1.png": ["Caption: Table 4. Results on KITTI. (ft) denotes the fine-tuning. EPE denotes end-point error. Fl-all denotes the ratio of pixels where the flow estimate is incorrect by both \u2265 3 pixels and \u2265 5%.. Is the input image and caption helpful to answer the following question. Answer in one word - Yes or No. Question: Based on the table, which model achieved the best performance on the KITTI 2015 test set in terms of F1-all score, and how does its performance compare to Devon (ft) on the same dataset?. 9867a", "Caption: Table 4. Results on KITTI. (ft) denotes the fine-tuning. EPE denotes end-point error. Fl-all denotes the ratio of pixels where the flow estimate is incorrect by both \u2265 3 pixels and \u2265 5%.. Please provide a brief answer to the following question after looking into the input image and caption. Question: Based on the table, which model achieved the best performance on the KITTI 2015 test set in terms of F1-all score, and how does its performance compare to Devon (ft) on the same dataset?. Pix4Learn"]}, "referred_figures_names": ["1802.07351v2-Table4-1.png"], "answer": "PWC-Net (ft) achieved the best performance on the KITTI 2015 test set with an F1-all score of 9.16%. This is significantly better than Devon (ft), which achieved an F1-all score of 14.31% on the same dataset. "}, "9": {"question": "Based on the table, which method performs best on the Sintel \"Final\" test set, and how does its performance compare to Devon (ft) on the same set? ", "response": {"1802.07351v2-Table2-1.png": ["Caption: Table 2. Results on Sintel (end-point error). (ft) denotes the finetuning.. Is the input image and caption helpful to answer the following question. Answer in one word - Yes or No. Question: Based on the table, which method performs best on the Sintel \"Final\" test set, and how does its performance compare to Devon (ft) on the same set? . 105679348", "Caption: Table 2. Results on Sintel (end-point error). (ft) denotes the finetuning.. Please provide a brief answer to the following question after looking into the input image and caption. Question: Based on the table, which method performs best on the Sintel \"Final\" test set, and how does its performance compare to Devon (ft) on the same set? ."]}, "referred_figures_names": ["1802.07351v2-Table2-1.png"], "answer": "PWC-Net (ft) performs best on the Sintel \"Final\" test set with an error of 5.04. Devon (ft) has a higher error of 6.35 on the same set. "}, "10": {"question": "Which of the three methods, LiteFlowNet, PWC-Net, or Devon, most accurately predicts the motion of the small object in the scene?", "response": {"1802.07351v2-Figure8-1.png": ["Caption: FlyingChairs (validation set). Green arrows indicate the small object that moves fast.. Is the input image and caption helpful to answer the following question. Answer in one word - Yes or No. Question: Which of the three methods, LiteFlowNet, PWC-Net, or Devon, most accurately predicts the motion of the small object in the scene?. 1024x768 resolution images with a green arrow pointing at it are used for validation purposes only during training time when using these models on this dataset called flying chains where you have two objects moving independently but they're connected by", "Caption: FlyingChairs (validation set). Green arrows indicate the small object that moves fast.. Please provide a brief answer to the following question after looking into the input image and caption. Question: Which of the three methods, LiteFlowNet, PWC-Net, or Devon, most accurately predicts the motion of the small object in the scene?. LiteFlowNet"]}, "referred_figures_names": ["1802.07351v2-Figure8-1.png"], "answer": "Devon."}}