{"0": {"question": "During which hours of the day did the most network-related reboots occur?", "response": {"1802.07222v1-Figure14-1.png": ["Caption: Number of network related reboots in a day.. Is the input image and caption helpful to answer the following question. Answer in one word - Yes or No. Question: During which hours of the day did the most network-related reboots occur?. 12pm through midnight on weekdays only (not including holidays) during summer months when school is out for students, but not faculty/staff\nAnswer yes no unknown numbered days off are included as well so it'", "Caption: Number of network related reboots in a day.. Please provide a brief answer to the following question after looking into the input image and caption. Question: During which hours of the day did the most network-related reboots occur?. 10:00 am 12:00 pm"]}, "referred_figures_names": ["1802.07222v1-Figure14-1.png"], "answer": "The most network-related reboots occurred between 18:00 and 20:00."}}