{"0": {"question": "What are the key differences between Seq2Sick and existing attack methods on RNN-based models?", "response": {"1803.01128v3-Table1-1.png": ["Caption: Table 1: Summary of existing works that are designed to attack RNN models. \u201cBINARY\u201d indicates the attack is for binary classifications, and there is no difference between untargeted and targeted attack in this case. \u201cCLASS\u201d means targeted attack to a specific class. \u201cKEYWORD\u201d means targeted attack to a specific keyword. Here we omit follow-up works based on Seq2Sick.. Is the input image and caption helpful to answer the following question. Answer in one word - Yes or No. Question: What are the key differences between Seq2Sick and existing attack methods on RNN-based models?. 0 yes; 3986475 times no\nYes", "Caption: Table 1: Summary of existing works that are designed to attack RNN models. \u201cBINARY\u201d indicates the attack is for binary classifications, and there is no difference between untargeted and targeted attack in this case. \u201cCLASS\u201d means targeted attack to a specific class. \u201cKEYWORD\u201d means targeted attack to a specific keyword. Here we omit follow-up works based on Seq2Sick.. Please provide a brief answer to the following question after looking into the input image and caption. Question: What are the key differences between Seq2Sick and existing attack methods on RNN-based models?. Unlike existing attack methods, Seq2Sick is specifically designed to attack recurrent neural network (RNN) models."]}, "referred_figures_names": ["1803.01128v3-Table1-1.png"], "answer": "Seq2Sick differs from existing attack methods in two key aspects:\n\n1. Search Strategy: While previous methods primarily rely on greedy search, which becomes increasingly inefficient for longer sequences, Seq2Sick employs group lasso regularization and projected gradient descent with gradient regularization. This allows for simultaneous searching of all replacement positions, leading to improved efficiency.\n\n2. Targeted Attack Type: Existing methods focus on targeting specific classes or binary classifications, while Seq2Sick introduces a novel \"keyword\" target type, allowing attacks to be directed towards specific keywords within the generated sequence."}, "1": {"question": "What is the relationship between the success rate of the non-overlapping attack and the number of words changed in the input sentence?", "response": {"1803.01128v3-Table3-1.png": ["Caption: Table 3: Results of non-overlapping attack in text summarization. # changed is how many words are changed in the input sentence. The high BLEU scores and low average number of changed words indicate that the crafted adversarial inputs are very similar to their originals, and we achieve high success rates to generate a summarization that differs with the original at every position for all three datasets.. Is the input image and caption helpful to answer the following question. Answer in one word - Yes or No. Question: What is the relationship between the success rate of the non-overlapping attack and the number of words changed in the input sentence?. 10%", "Caption: Table 3: Results of non-overlapping attack in text summarization. # changed is how many words are changed in the input sentence. The high BLEU scores and low average number of changed words indicate that the crafted adversarial inputs are very similar to their originals, and we achieve high success rates to generate a summarization that differs with the original at every position for all three datasets.. Please provide a brief answer to the following question after looking into the input image and caption. Question: What is the relationship between the success rate of the non-overlapping attack and the number of words changed in the input sentence?. Success rate of the non-overlapping attack is directly proportional to the number of words changed in the input sentence."]}, "referred_figures_names": ["1803.01128v3-Table3-1.png"], "answer": "There is a negative correlation between the success rate of the non-overlapping attack and the number of words changed in the input sentence. In other words, the fewer words that are changed, the higher the success rate of the attack."}, "2": {"question": "How does the difficulty of performing a successful targeted keywords attack change as the number of targeted keywords increases?", "response": {"1803.01128v3-Table4-1.png": ["Caption: Table 4: Results of targeted keywords attack in text summarization. |K| is the number of keywords. We found that our method can make the summarization include 1 or 2 target keywords with a high success rate, while the changes made to the input sentences are relatively small, as indicated by the high BLEU scores and low average number of changed words. When |K| = 3, this task becomes more challenging, but our algorithm can still find many adversarial examples.. Is the input image and caption helpful to answer the following question. Answer in one word - Yes or No. Question: How does the difficulty of performing a successful targeted keywords attack change as the number of targeted keywords increases?. \u200bYes", "Caption: Table 4: Results of targeted keywords attack in text summarization. |K| is the number of keywords. We found that our method can make the summarization include 1 or 2 target keywords with a high success rate, while the changes made to the input sentences are relatively small, as indicated by the high BLEU scores and low average number of changed words. When |K| = 3, this task becomes more challenging, but our algorithm can still find many adversarial examples.. Please provide a brief answer to the following question after looking into the input image and caption. Question: How does the difficulty of performing a successful targeted keywords attack change as the number of targeted keywords increases?. The difficulty of performing a successful targeted keywords attack increases as the number of targeted keywords increases."]}, "referred_figures_names": ["1803.01128v3-Table4-1.png"], "answer": "The difficulty of performing a successful targeted keywords attack increases as the number of targeted keywords increases."}, "3": {"question": "Which method resulted in the highest BLEU score?", "response": {"1803.01128v3-Table5-1.png": ["Caption: Results of non-overlapping method and targeted keywords method in machine translation.. Is the input image and caption helpful to answer the following question. Answer in one word - Yes or No. Question: Which method resulted in the highest BLEU score?. 10%", "Caption: Results of non-overlapping method and targeted keywords method in machine translation.. Please provide a brief answer to the following question after looking into the input image and caption. Question: Which method resulted in the highest BLEU score?. Non-overlapping method"]}, "referred_figures_names": ["1803.01128v3-Table5-1.png"], "answer": "The 1-keyword method resulted in the highest BLEU score of 0.705."}, "4": {"question": "Do adversarial examples generated with the 2-keyword constraint maintain a similar syntactic structure to the original sentences?", "response": {"1803.01128v3-Table6-1.png": ["Caption: Table 6: Perplexity score for adversarial example. Is the input image and caption helpful to answer the following question. Answer in one word - Yes or No. Question: Do adversarial examples generated with the 2-keyword constraint maintain a similar syntactic structure to the original sentences?. 10549738 (Yes) Original sentence Keyword Adversary keyword Nonoverlapping keywords 1st row 1, 1; second column 1/1 = 1 / 1 +/- \u221a", "Caption: Table 6: Perplexity score for adversarial example. Please provide a brief answer to the following question after looking into the input image and caption. Question: Do adversarial examples generated with the 2-keyword constraint maintain a similar syntactic structure to the original sentences?. Yes"]}, "referred_figures_names": ["1803.01128v3-Table6-1.png"], "answer": "No, adversarial examples generated with the 2-keyword constraint deviate significantly from the original syntactic structure."}}