{"0": {"question": "Which constraint has the most significant impact on the FIT values for the CMS data set when the target rank is 15?", "response": {"1803.04572v2-Figure3-1.png": ["Caption: Figure 3: Comparison of FIT for different approaches with various constraints on two target ranks R = 15 and R = 40 on real world datasets. Overall, COPA achieves comparable fit to SPARTan while supporting more constraints. The missing purple bar in the forth column is out of memory failure for Helwig method.. Is the input image and caption helpful to answer the following question. Answer in one word - Yes or No. Question: Which constraint has the most significant impact on the FIT values for the CMS data set when the target rank is 15?. 28%\nNo", "Caption: Figure 3: Comparison of FIT for different approaches with various constraints on two target ranks R = 15 and R = 40 on real world datasets. Overall, COPA achieves comparable fit to SPARTan while supporting more constraints. The missing purple bar in the forth column is out of memory failure for Helwig method.. Please provide a brief answer to the following question after looking into the input image and caption. Question: Which constraint has the most significant impact on the FIT values for the CMS data set when the target rank is 15?. Constraints"]}, "referred_figures_names": ["1803.04572v2-Figure3-1.png"], "answer": "The smoothness constraint on $\\M{U_k}$ has the most significant impact on the FIT values for the CMS data set when the target rank is 15."}, "1": {"question": "What are some common medications used to treat Sickle Cell Anemia?", "response": {"1803.04572v2-Table7-1.png": ["Caption: Table 7: Phenotypes discovered by COPA . The red color corresponds to diagnosis and blue color corresponds to medication. The meaningfulness of phenotypes endorsed by a medical expert. No additional post-processing was performed on these results.. Is the input image and caption helpful to answer the following question. Answer in one word - Yes or No. Question: What are some common medications used to treat Sickle Cell Anemia?. 1024x836", "Caption: Table 7: Phenotypes discovered by COPA . The red color corresponds to diagnosis and blue color corresponds to medication. The meaningfulness of phenotypes endorsed by a medical expert. No additional post-processing was performed on these results.. Please provide a brief answer to the following question after looking into the input image and caption. Question: What are some common medications used to treat Sickle Cell Anemia?. Hydroxyurea"]}, "referred_figures_names": ["1803.04572v2-Table7-1.png"], "answer": "According to the table, some common medications used to treat Sickle Cell Anemia include:\n\nBeta-adrenergic agents\nAnalgesics (narcotics and non-narcotics)\nNSAIDs (cyclooxygenase inhibitor - type)\nPotassium replacement\nSodium/saline preparations\nGeneral inhalation agents\nLaxatives and cathartics\nIV solutions (dextrose-saline)\nAntiemetic/antivertigo agents\nSedative-hypnotics (non-barbiturate)\nGlucocorticoids (orally inhaled)\nFolic acid preparations\nAnalgesic narcotic anesthetic adjunct agents"}, "2": {"question": "What are the three constraints imposed by COPA on PARAFAC2 model factors?", "response": {"1803.04572v2-Figure1-1.png": ["Caption: An illustration of the constraints imposed by COPA on PARAFAC2 model factors, targeting temporal phenotyping via EHR data.. Is the input image and caption helpful to answer the following question. Answer in one word - Yes or No. Question: What are the three constraints imposed by COPA on PARAFAC2 model factors?. 1) Temporal Phenoptype Targeted Via Electronic Health Records Data\n2) Supply Chain Management (SCM), which is a complex system that involves multiple actors with different objectives such as manufacturers suppliers ret", "Caption: An illustration of the constraints imposed by COPA on PARAFAC2 model factors, targeting temporal phenotyping via EHR data.. Please provide a brief answer to the following question after looking into the input image and caption. Question: What are the three constraints imposed by COPA on PARAFAC2 model factors?. Temporal phenotyping via EHR data."]}, "referred_figures_names": ["1803.04572v2-Figure1-1.png"], "answer": "Non-negativity, smoothness, and sparsity."}, "3": {"question": "How do the temporal patterns of phenotype magnitude differ between sickle cell anemia and leukemia patients?", "response": {"1803.04572v2-Figure8-1.png": ["Caption: The temporal patterns extracted for two patients by COPA , Helwig, and SPARTan. The first row is associated with a patient who has sickle cell anemia while the second row is for a patient with Leukemia.. Is the input image and caption helpful to answer the following question. Answer in one word - Yes or No. Question: How do the temporal patterns of phenotype magnitude differ between sickle cell anemia and leukemia patients?. 1096572483-page_iqdvzfyuqxbwcgmjhkpwhsbsnryrgytcrthyslcyaebvyivst", "Caption: The temporal patterns extracted for two patients by COPA , Helwig, and SPARTan. The first row is associated with a patient who has sickle cell anemia while the second row is for a patient with Leukemia.. Please provide a brief answer to the following question after looking into the input image and caption. Question: How do the temporal patterns of phenotype magnitude differ between sickle cell anemia and leukemia patients?. Sickle cell anemia"]}, "referred_figures_names": ["1803.04572v2-Figure8-1.png"], "answer": "The temporal patterns of phenotype magnitude differ between sickle cell anemia and leukemia patients in terms of both shape and magnitude. For sickle cell anemia patients, the patterns are generally smoother and more periodic, with lower overall magnitude. For leukemia patients, the patterns are more erratic and have higher overall magnitude."}, "4": {"question": "Which algorithm converged faster in both cases of target rank?", "response": {"1803.04572v2-Figure6-1.png": ["Caption: The best convergence of COPA and SPARTan out of 5 different random initializations with non-negativity constraint on H, {Sk}, and V on CMS data with K=843,162, J=284 and maximum number of observations are 1500. Algorithms tested on different target ranks (two cases considered: R={15,40}).. Is the input image and caption helpful to answer the following question. Answer in one word - Yes or No. Question: Which algorithm converged faster in both cases of target rank?. 97% said yes\nNo", "Caption: The best convergence of COPA and SPARTan out of 5 different random initializations with non-negativity constraint on H, {Sk}, and V on CMS data with K=843,162, J=284 and maximum number of observations are 1500. Algorithms tested on different target ranks (two cases considered: R={15,40}).. Please provide a brief answer to the following question after looking into the input image and caption. Question: Which algorithm converged faster in both cases of target rank?. COPA"]}, "referred_figures_names": ["1803.04572v2-Figure6-1.png"], "answer": "SPARTan converged faster in both cases of target rank."}, "5": {"question": "Which method is faster, COPA or Helwig?", "response": {"1803.04572v2-Figure7-1.png": ["Caption: Time in seconds for one iteration (as an average of 5 different random initializations) for different values of R. The left figure is the comparison on CHOA and the right figure shows the comparison on CMS. For R=40 COPA achieves 32\u00d7 over the Helwig approach on CHOA while for CMS dataset, execution in Helwig failed due to the excessive amount of memory request and COPA finished an iteration with the average of 224.21 seconds.. Is the input image and caption helpful to answer the following question. Answer in one word - Yes or No. Question: Which method is faster, COPA or Helwig?. \u200bYes", "Caption: Time in seconds for one iteration (as an average of 5 different random initializations) for different values of R. The left figure is the comparison on CHOA and the right figure shows the comparison on CMS. For R=40 COPA achieves 32\u00d7 over the Helwig approach on CHOA while for CMS dataset, execution in Helwig failed due to the excessive amount of memory request and COPA finished an iteration with the average of 224.21 seconds.. Please provide a brief answer to the following question after looking into the input image and caption. Question: Which method is faster, COPA or Helwig?. COPA"]}, "referred_figures_names": ["1803.04572v2-Figure7-1.png"], "answer": "COPA is faster than Helwig."}, "6": {"question": "Which dataset has the largest number of clinical visits per patient?", "response": {"1803.04572v2-Table3-1.png": ["Caption: Summary statistics of real datasets that we used in the experiments. K denotes the number of patients, J is the number of medical features and Ik denotes the number of clinical visits for kth patient.. Is the input image and caption helpful to answer the following question. Answer in one word - Yes or No. Question: Which dataset has the largest number of clinical visits per patient?. 1024x768", "Caption: Summary statistics of real datasets that we used in the experiments. K denotes the number of patients, J is the number of medical features and Ik denotes the number of clinical visits for kth patient.. Please provide a brief answer to the following question after looking into the input image and caption. Question: Which dataset has the largest number of clinical visits per patient?. Dataset 1"]}, "referred_figures_names": ["1803.04572v2-Table3-1.png"], "answer": "CMS"}}