{"0": {"question": "Which model performs the best at SNR=0dB?", "response": {"1803.05776v2-Figure1-1.png": ["Caption: Results for the cerebellum data (a) Adjacency matrix, (b) NMSE for testing data as a function of training data size at SNR=10dB, and (c) at SNR=0dB.. Is the input image and caption helpful to answer the following question. Answer in one word - Yes or No. Question: Which model performs the best at SNR=0dB?. 256x48", "Caption: Results for the cerebellum data (a) Adjacency matrix, (b) NMSE for testing data as a function of training data size at SNR=10dB, and (c) at SNR=0dB.. Please provide a brief answer to the following question after looking into the input image and caption. Question: Which model performs the best at SNR=0dB?. (c) at SNR=0dB"]}, "referred_figures_names": ["1803.05776v2-Figure1-1.png"], "answer": "GPG-K"}}