{"0": {"question": "Which synchronization method is the most efficient in terms of CPU processing time?", "response": {"1803.02750v3-Figure1-1.png": ["Caption: Experiment setup: 15 nodes in a partial mesh topology replicating an always-growing set. The left plot depicts the number of elements being sent throughout the experiment, while the right plot shows the CPU processing time ratio with respect to state-based. Not only does delta-based synchronization not improve state-based in terms of state transmission, it even incurs a substantial processing overhead.. Is the input image and caption helpful to answer the following question. Answer in one word - Yes or No. Question: Which synchronization method is the most efficient in terms of CPU processing time?. 0%\nYes!", "Caption: Experiment setup: 15 nodes in a partial mesh topology replicating an always-growing set. The left plot depicts the number of elements being sent throughout the experiment, while the right plot shows the CPU processing time ratio with respect to state-based. Not only does delta-based synchronization not improve state-based in terms of state transmission, it even incurs a substantial processing overhead.. Please provide a brief answer to the following question after looking into the input image and caption. Question: Which synchronization method is the most efficient in terms of CPU processing time?. State-based"]}, "referred_figures_names": ["1803.02750v3-Figure1-1.png"], "answer": "The proposed method compared to state-based and delta-based methods."}, "1": {"question": "What is the difference between GCounter and GSet?", "response": {"1803.02750v3-TableI-1.png": ["Caption: TABLE I: Description of micro-benchmarks.. Is the input image and caption helpful to answer the following question. Answer in one word - Yes or No. Question: What is the difference between GCounter and GSet?. 1024 elements are used for both counters, but only a single element can be measured at once with counter while set has multiple values that could change over time (e g., number of events) which would affect its value if it were", "Caption: TABLE I: Description of micro-benchmarks.. Please provide a brief answer to the following question after looking into the input image and caption. Question: What is the difference between GCounter and GSet?. GCounter is a counter that increments by 1 each time it is called. GSet is a set that increments by 1 each time an element is added to it."]}, "referred_figures_names": ["1803.02750v3-TableI-1.png"], "answer": "GCounter measures the number of times an event has occurred, while GSet measures the number of unique elements in a set."}, "2": {"question": "Which of the algorithms is most efficient in terms of transmission in a tree topology?", "response": {"1803.02750v3-Figure7-1.png": ["Caption: Transmission of GSet and GCounter with respect to delta-based BP+RR \u2013 tree and mesh topologies.. Is the input image and caption helpful to answer the following question. Answer in one word - Yes or No. Question: Which of the algorithms is most efficient in terms of transmission in a tree topology?. 1024 bit key generation algorithm\nNo", "Caption: Transmission of GSet and GCounter with respect to delta-based BP+RR \u2013 tree and mesh topologies.. Please provide a brief answer to the following question after looking into the input image and caption. Question: Which of the algorithms is most efficient in terms of transmission in a tree topology?. Delta-based BP+RR"]}, "referred_figures_names": ["1803.02750v3-Figure7-1.png"], "answer": "Op-based GSet."}, "3": {"question": "What is the role of the RR optimization in the delta-based synchronization of a GSet?", "response": {"1803.02750v3-Figure5-1.png": ["Caption: Delta-based synchronization of a GSet with 4 replicas A,B,C,D \u2208 I. The overlined element represents the RR optimization.. Is the input image and caption helpful to answer the following question. Answer in one word - Yes or No. Question: What is the role of the RR optimization in the delta-based synchronization of a GSet?. 102597863/yes (Yes) no answers are possible for this item yes\nNo", "Caption: Delta-based synchronization of a GSet with 4 replicas A,B,C,D \u2208 I. The overlined element represents the RR optimization.. Please provide a brief answer to the following question after looking into the input image and caption. Question: What is the role of the RR optimization in the delta-based synchronization of a GSet?. Optimization"]}, "referred_figures_names": ["1803.02750v3-Figure5-1.png"], "answer": "The RR optimization helps to reduce the number of messages that need to be exchanged between replicas."}, "4": {"question": "How does the average metadata required per node for the Op-based BP+RR approach change as the number of nodes in the network increases?", "response": {"1803.02750v3-Figure9-1.png": ["Caption: Metadata required per node when synchronizing a GSet in a mesh topology. Each node has 4 neighbours (as in Figure 6) and each node identifier has size 20B.. Is the input image and caption helpful to answer the following question. Answer in one word - Yes or No. Question: How does the average metadata required per node for the Op-based BP+RR approach change as the number of nodes in the network increases?. 189573e", "Caption: Metadata required per node when synchronizing a GSet in a mesh topology. Each node has 4 neighbours (as in Figure 6) and each node identifier has size 20B.. Please provide a brief answer to the following question after looking into the input image and caption. Question: How does the average metadata required per node for the Op-based BP+RR approach change as the number of nodes in the network increases?. The metadata required per node decreases as the number of nodes in the network increases."]}, "referred_figures_names": ["1803.02750v3-Figure9-1.png"], "answer": "The average metadata required per node for the Op-based BP+RR approach increases as the number of nodes in the network increases."}, "5": {"question": "Which algorithm performs the best in terms of average memory ratio with respect to BP+RR for GMap 10%?", "response": {"1803.02750v3-Figure10-1.png": ["Caption: Average memory ratio with respect to BP+RR for GCounter, GSet, GMap 10% and 100% \u2013 mesh topology. Is the input image and caption helpful to answer the following question. Answer in one word - Yes or No. Question: Which algorithm performs the best in terms of average memory ratio with respect to BP+RR for GMap 10%?. 256x384 grid size? Map", "Caption: Average memory ratio with respect to BP+RR for GCounter, GSet, GMap 10% and 100% \u2013 mesh topology. Please provide a brief answer to the following question after looking into the input image and caption. Question: Which algorithm performs the best in terms of average memory ratio with respect to BP+RR for GMap 10%?. GCounter"]}, "referred_figures_names": ["1803.02750v3-Figure10-1.png"], "answer": "Delta-based BP+RR"}, "6": {"question": "What is the difference between the `inc_i(p)` and `inc_i'(p)` operations in the Grow-only Counter data type?", "response": {"1803.02750v3-Figure2-1.png": ["Caption: Specifications of two data types, replica i \u2208 I.. Is the input image and caption helpful to answer the following question. Answer in one word - Yes or No. Question: What is the difference between the `inc_i(p)` and `inc_i'(p)` operations in the Grow-only Counter data type?. 10 points no", "Caption: Specifications of two data types, replica i \u2208 I.. Please provide a brief answer to the following question after looking into the input image and caption. Question: What is the difference between the `inc_i(p)` and `inc_i'(p)` operations in the Grow-only Counter data type?. The `inc_i(p)` operation increments the counter by 1, while the `inc_i'(p)` operation increments the counter by 2."]}, "referred_figures_names": ["1803.02750v3-Figure2-1.png"], "answer": "The `inc_i(p)` operation increments the value associated with the key `i` in the counter `p`, while the `inc_i'(p)` operation increments the value associated with the key `i` in the counter `p` only if the key `i` is not already present in the counter."}, "7": {"question": "Which topology has the highest transmission rate for GMap 100%?", "response": {"1803.02750v3-Figure8-1.png": ["Caption: Transmission of GMap 10%, 30%, 60% and 100% \u2013 tree and mesh topologies.. Is the input image and caption helpful to answer the following question. Answer in one word - Yes or No. Question: Which topology has the highest transmission rate for GMap 100%?. 25% (tree) Topology? Tree is correct!", "Caption: Transmission of GMap 10%, 30%, 60% and 100% \u2013 tree and mesh topologies.. Please provide a brief answer to the following question after looking into the input image and caption. Question: Which topology has the highest transmission rate for GMap 100%?. Tree"]}, "referred_figures_names": ["1803.02750v3-Figure8-1.png"], "answer": "Mesh"}, "8": {"question": "If a user with 100 followers posts a tweet, how many CRDT updates will be performed in total, and what percentage of the overall workload does this represent?", "response": {"1803.02750v3-TableII-1.png": ["Caption: TABLE II: Retwis workload characterization: for each operation, the number of CRDT updates performed and its workload percentage.. Is the input image and caption helpful to answer the following question. Answer in one word - Yes or No. Question: If a user with 100 followers posts a tweet, how many CRDT updates will be performed in total, and what percentage of the overall workload does this represent?. 256\nAnswered yes! One update is made on average per post by users who have more than five hundred Twitter friends; it represents about half (49%) percentile-wise outliers among all operations that are not part of any", "Caption: TABLE II: Retwis workload characterization: for each operation, the number of CRDT updates performed and its workload percentage.. Please provide a brief answer to the following question after looking into the input image and caption. Question: If a user with 100 followers posts a tweet, how many CRDT updates will be performed in total, and what percentage of the overall workload does this represent?. 1 update and 15% of the overall workload."]}, "referred_figures_names": ["1803.02750v3-TableII-1.png"], "answer": "Posting a tweet will result in 1 + 100 = 101 CRDT updates. This represents 35% of the overall workload."}, "9": {"question": "If we use the lexicographic product with a chain as the first component and a distributive lattice as the second component to design a CRDT, will the resulting CRDT lattice be guaranteed to be distributive and satisfy the descending chain condition (DCC)?", "response": {"1803.02750v3-TableIII-1.png": ["Caption: TABLE III: Composition techniques that yield lattices satisfying DCC and distributive lattices, given lattices A and B, chain C, partial order P and (unordered) set U .. Is the input image and caption helpful to answer the following question. Answer in one word - Yes or No. Question: If we use the lexicographic product with a chain as the first component and a distributive lattice as the second component to design a CRDT, will the resulting CRDT lattice be guaranteed to be distributive and satisfy the descending chain condition (DCC)?. 1098573462 yes no", "Caption: TABLE III: Composition techniques that yield lattices satisfying DCC and distributive lattices, given lattices A and B, chain C, partial order P and (unordered) set U .. Please provide a brief answer to the following question after looking into the input image and caption. Question: If we use the lexicographic product with a chain as the first component and a distributive lattice as the second component to design a CRDT, will the resulting CRDT lattice be guaranteed to be distributive and satisfy the descending chain condition (DCC)?. Yes"]}, "referred_figures_names": ["1803.02750v3-TableIII-1.png"], "answer": "Yes, the resulting CRDT lattice will be guaranteed to be both distributive and satisfy the DCC."}, "10": {"question": "How does the CPU overhead of classic delta-based compare to delta-based BP+RR as the Zipf coefficient increases?", "response": {"1803.02750v3-Figure12-1.png": ["Caption: CPU overhead of classic delta-based when compared to delta-based BP+RR.. Is the input image and caption helpful to answer the following question. Answer in one word - Yes or No. Question: How does the CPU overhead of classic delta-based compare to delta-based BP+RR as the Zipf coefficient increases?. 10% less than Delta based RBPCM for all values, but more efficient at high coefficients (>2) where it is only a few percent worse on average over most range tested by authors herein; see Figure A3a", "Caption: CPU overhead of classic delta-based when compared to delta-based BP+RR.. Please provide a brief answer to the following question after looking into the input image and caption. Question: How does the CPU overhead of classic delta-based compare to delta-based BP+RR as the Zipf coefficient increases?. 0.5%"]}, "referred_figures_names": ["1803.02750v3-Figure12-1.png"], "answer": "The CPU overhead of classic delta-based is consistently higher than that of delta-based BP+RR as the Zipf coefficient increases."}}