{"0": {"question": "How do the outcome curves for the black and white groups differ?", "response": {"1803.04383v2-Figure6-1.png": ["Caption: Figure 6: The outcome and utility curves are plotted for both groups against the group selection rates. The relative positions of the utility maxima determine the position of the decision rule thresholds. We hold u\u2212 u+ = \u22124 as fixed.. Is the input image and caption helpful to answer the following question. Answer in one word - Yes or No. Question: How do the outcome curves for the black and white groups differ?. 10% difference between them on average\nYes, there is a significant (about) ten percent gap separating their outcomes at each point along those two lines that represent different levels/amounts selected by either strategy A-B versus B-", "Caption: Figure 6: The outcome and utility curves are plotted for both groups against the group selection rates. The relative positions of the utility maxima determine the position of the decision rule thresholds. We hold u\u2212 u+ = \u22124 as fixed.. Please provide a brief answer to the following question after looking into the input image and caption. Question: How do the outcome curves for the black and white groups differ?. Relative positions of the utility maxima determine the position of the decision rule thresholds"]}, "referred_figures_names": ["1803.04383v2-Figure6-1.png"], "answer": "The outcome curve for the black group is generally lower than the outcome curve for the white group. This indicates that, for a given selection rate, the black group experiences a smaller change in credit score than the white group."}, "1": {"question": "How does the selection rate affect the expected outcome and institution utilities for different decision rules?", "response": {"1803.04383v2-Figure2-1.png": ["Caption: Figure 2: Both outcomes \u2206\u00b5 and institution utilities U can be plotted as a function of selection rate for one group. The maxima of the utility curves determine the selection rates resulting from various decision rules.. Is the input image and caption helpful to answer the following question. Answer in one word - Yes or No. Question: How does the selection rate affect the expected outcome and institution utilities for different decision rules?. 10987654321", "Caption: Figure 2: Both outcomes \u2206\u00b5 and institution utilities U can be plotted as a function of selection rate for one group. The maxima of the utility curves determine the selection rates resulting from various decision rules.. Please provide a brief answer to the following question after looking into the input image and caption. Question: How does the selection rate affect the expected outcome and institution utilities for different decision rules?. It depends on the selection rate."]}, "referred_figures_names": ["1803.04383v2-Figure2-1.png"], "answer": "The selection rate has a different effect on the expected outcome and institution utilities for different decision rules. For example, the maximum expected outcome is achieved at a higher selection rate for the MaxUtil rule than for the EqOpt rule."}, "2": {"question": "Does the probability of repaying a debt increase or decrease with credit score?", "response": {"1803.04383v2-Figure4-1.png": ["Caption: Figure 4: The empirical payback rates as a function of credit score and CDF for both groups from the TransUnion TransRisk dataset.. Is the input image and caption helpful to answer the following question. Answer in one word - Yes or No. Question: Does the probability of repaying a debt increase or decrease with credit score?. 012597863X", "Caption: Figure 4: The empirical payback rates as a function of credit score and CDF for both groups from the TransUnion TransRisk dataset.. Please provide a brief answer to the following question after looking into the input image and caption. Question: Does the probability of repaying a debt increase or decrease with credit score?. Increase"]}, "referred_figures_names": ["1803.04383v2-Figure4-1.png"], "answer": "The probability of repaying a debt increases with credit score."}, "3": {"question": "Which fairness criteria results in the highest loan approval rate for the Black group when the loss/profit ratio is -4?", "response": {"1803.04383v2-Figure5-1.png": ["Caption: Figure 5: The empirical CDFs of both groups are plotted along with the decision thresholds resulting from MaxUtil, DemParity, and EqOpt for a model with bank utilities set to (a) u\u2212 u+ = \u22124 and (b) u\u2212 u+ = \u221210. The threshold for active harm is displayed; in (a) DemParity causes active harm while in (b) it does not. EqOpt and MaxUtil never cause active harm.. Is the input image and caption helpful to answer the following question. Answer in one word - Yes or No. Question: Which fairness criteria results in the highest loan approval rate for the Black group when the loss/profit ratio is -4?. 2A\nMaximum Utilitarianism", "Caption: Figure 5: The empirical CDFs of both groups are plotted along with the decision thresholds resulting from MaxUtil, DemParity, and EqOpt for a model with bank utilities set to (a) u\u2212 u+ = \u22124 and (b) u\u2212 u+ = \u221210. The threshold for active harm is displayed; in (a) DemParity causes active harm while in (b) it does not. EqOpt and MaxUtil never cause active harm.. Please provide a brief answer to the following question after looking into the input image and caption. Question: Which fairness criteria results in the highest loan approval rate for the Black group when the loss/profit ratio is -4?. DemParity"]}, "referred_figures_names": ["1803.04383v2-Figure5-1.png"], "answer": "The maximum profit criteria ($\\maxprof$) results in the highest loan approval rate for the Black group when the loss/profit ratio is -4."}, "4": {"question": "What does the outcome curve tell us about the relationship between selection rate and mean change in score?", "response": {"1803.04383v2-Figure1-1.png": ["Caption: The above figure shows the outcome curve. The horizontal axis represents the selection rate for the population; the vertical axis represents the mean change in score. (a) depicts the full spectrum of outcome regimes, and colors indicate regions of active harm, relative harm, and no harm. In (b): a group that has much potential for gain, in (c): a group that has no potential for gain.. Is the input image and caption helpful to answer the following question. Answer in one word - Yes or No. Question: What does the outcome curve tell us about the relationship between selection rate and mean change in score?. 10%\nNo it doesn't provide any information on this topic at all! It is just an illustration showing different outcomes based upon various selections rates within certain parameters such as \"active\" versus 'no-harm\". This graph", "Caption: The above figure shows the outcome curve. The horizontal axis represents the selection rate for the population; the vertical axis represents the mean change in score. (a) depicts the full spectrum of outcome regimes, and colors indicate regions of active harm, relative harm, and no harm. In (b): a group that has much potential for gain, in (c): a group that has no potential for gain.. Please provide a brief answer to the following question after looking into the input image and caption. Question: What does the outcome curve tell us about the relationship between selection rate and mean change in score?. It tells us that as the selection rate increases, the mean change in score also increases."]}, "referred_figures_names": ["1803.04383v2-Figure1-1.png"], "answer": "The outcome curve shows that the relationship between selection rate and mean change in score is complex and depends on the specific group being considered. For groups with high potential for gain, increasing the selection rate can lead to large increases in mean score. However, for groups with low potential for gain, increasing the selection rate can actually lead to decreases in mean score."}}