{"0": {"question": "What is the role of the Joint Attention Module in the model?", "response": {"1803.06506v3-Figure2-1.png": ["Caption: Figure 2. An overview of our model for unsupervised visual grounding of phrases. The encoder takes in a set of image-phrase pairs, indexed by i, all sharing a common concept. The encoder embeds the image and the phrase to Vi and ti respectively. These features are used to induce a parametrization for spatial attention. Next, the decoder uses the visual attention map to predict the common concept. In addition, the decoder also predicts the common concept independently for each pair (i). For details, see Section 3.2.. Is the input image and caption helpful to answer the following question. Answer in one word - Yes or No. Question: What is the role of the Joint Attention Module in the model?. 19856740 answers yes; it helps generate an attentive joint representation between images/captions that can be useful during training time as well as inference phase when generating explanations about objects within scenes described through textual descri", "Caption: Figure 2. An overview of our model for unsupervised visual grounding of phrases. The encoder takes in a set of image-phrase pairs, indexed by i, all sharing a common concept. The encoder embeds the image and the phrase to Vi and ti respectively. These features are used to induce a parametrization for spatial attention. Next, the decoder uses the visual attention map to predict the common concept. In addition, the decoder also predicts the common concept independently for each pair (i). For details, see Section 3.2.. Please provide a brief answer to the following question after looking into the input image and caption. Question: What is the role of the Joint Attention Module in the model?."]}, "referred_figures_names": ["1803.06506v3-Figure2-1.png"], "answer": "The Joint Attention Module takes the embedded image and phrase features as input and uses them to induce a parameterization for spatial attention. This spatial attention map is then used by the decoder to predict the common concept."}, "1": {"question": "How does the quality of the output heatmap change when the selected concept, predicted concept, and the real entity to be grounded are all aligned?", "response": {"1803.06506v3-Figure6-1.png": ["Caption: Figure 6. The figure shows how the quality of output heatmap changes with the alignment of the selected concept, predicted concept and the real entity to be grounded. For some sampled concept batch, the gray box refers to the chosen common concept, the red box refers to the predicted common concept and the blue box refers to the predicted independent concept. See section 10 for details about each row.. Is the input image and caption helpful to answer the following question. Answer in one word - Yes or No. Question: How does the quality of the output heatmap change when the selected concept, predicted concept, and the real entity to be grounded are all aligned?. 2598734-jpg", "Caption: Figure 6. The figure shows how the quality of output heatmap changes with the alignment of the selected concept, predicted concept and the real entity to be grounded. For some sampled concept batch, the gray box refers to the chosen common concept, the red box refers to the predicted common concept and the blue box refers to the predicted independent concept. See section 10 for details about each row.. Please provide a brief answer to the following question after looking into the input image and caption. Question: How does the quality of the output heatmap change when the selected concept, predicted concept, and the real entity to be grounded are all aligned?."]}, "referred_figures_names": ["1803.06506v3-Figure6-1.png"], "answer": "When the selected concept, predicted concept, and the real entity to be grounded are all aligned, the generated heatmap produces a good localization of the phrase."}, "2": {"question": "Why does the Semantic self-supervision model perform better on ReferIt (mask) compared to ReferIt (bbox), and how does this relate to the difference in performance between Visual Genome and Flickr30k datasets? ", "response": {"1803.06506v3-Table2-1.png": ["Caption: Table 2. Phrase grounding evaluation on 3 datasets using the pointing game metric. See Section 5 for mask vs bbox explanation for ReferIt.. Is the input image and caption helpful to answer the following question. Answer in one word - Yes or No. Question: Why does the Semantic self-supervision model perform better on ReferIt (mask) compared to ReferIt (bbox), and how does this relate to the difference in performance between Visual Genome and Flickr30k datasets? . 198647_referit\\_vs\\_flicker30K\\n\\_vg\\_datasets\\_table of results table 2 shows that, when comparing models trained only with visual genome data against those also given", "Caption: Table 2. Phrase grounding evaluation on 3 datasets using the pointing game metric. See Section 5 for mask vs bbox explanation for ReferIt.. Please provide a brief answer to the following question after looking into the input image and caption. Question: Why does the Semantic self-supervision model perform better on ReferIt (mask) compared to ReferIt (bbox), and how does this relate to the difference in performance between Visual Genome and Flickr30k datasets? ."]}, "referred_figures_names": ["1803.06506v3-Table2-1.png"], "answer": "The Semantic self-supervision model performs better on ReferIt (mask) compared to ReferIt (bbox) because mask-based annotations are considered more precise and accurate for measuring localization performance than bounding boxes. Masks tightly encompass the specific region referred to by the phrase, whereas bounding boxes can include extraneous areas. \n\nThis relates to the difference in performance between Visual Genome and Flickr30k because both Visual Genome and ReferIt (mask) contain phrases that refer to very specific regions or non-salient objects. Precise localization is crucial for achieving high accuracy on these datasets. Flickr30k, on the other hand, annotates all bounding boxes referring to a phrase, leading to potentially less precise localization requirements and generally higher performance across methods. "}, "3": {"question": "How does the proposed method's attention map differ from the VGG16 feature map?", "response": {"1803.06506v3-Figure5-1.png": ["Caption: Figure 5. Comparison of VGG16 feature maps with our generated attention maps.. Is the input image and caption helpful to answer the following question. Answer in one word - Yes or No. Question: How does the proposed method's attention map differ from the VGG16 feature map?. 2017 yes no photo", "Caption: Figure 5. Comparison of VGG16 feature maps with our generated attention maps.. Please provide a brief answer to the following question after looking into the input image and caption. Question: How does the proposed method's attention map differ from the VGG16 feature map?. The proposed method's attention map focuses more on certain areas of the image than the VGG16 feature map."]}, "referred_figures_names": ["1803.06506v3-Figure5-1.png"], "answer": "The attention map generated by proposed method is able to localize regions that were weak or non-existent in the activations of the input maps, while the VGG16 feature map simply amplifies the activations present in VGG16 channels."}, "4": {"question": "Which loss type performs best when the concept batch size is 5k?", "response": {"1803.06506v3-Table3-1.png": ["Caption: Analysis of different surrogate losses while varying the concept batch size.. Is the input image and caption helpful to answer the following question. Answer in one word - Yes or No. Question: Which loss type performs best when the concept batch size is 5k?. 1024x768", "Caption: Analysis of different surrogate losses while varying the concept batch size.. Please provide a brief answer to the following question after looking into the input image and caption. Question: Which loss type performs best when the concept batch size is 5k?. Mean Squared Error"]}, "referred_figures_names": ["1803.06506v3-Table3-1.png"], "answer": "Independent and common concept"}, "5": {"question": "How does the performance of the model vary with respect to the bounding box area and the similarity of the concept with ImageNet classes?", "response": {"1803.06506v3-Figure3-1.png": ["Caption: Variation of performance with respect to bounding box area and similarity of concept with ImageNet classes.. Is the input image and caption helpful to answer the following question. Answer in one word - Yes or No. Question: How does the performance of the model vary with respect to the bounding box area and the similarity of the concept with ImageNet classes?. 1084972563/Yes, it is not useful for answering that specific questions as there are no images provided on this page (yet). The plot shows a comparison between two models' performances based upon their respective size", "Caption: Variation of performance with respect to bounding box area and similarity of concept with ImageNet classes.. Please provide a brief answer to the following question after looking into the input image and caption. Question: How does the performance of the model vary with respect to the bounding box area and the similarity of the concept with ImageNet classes?."]}, "referred_figures_names": ["1803.06506v3-Figure3-1.png"], "answer": "The performance of the model increases with increasing bounding box area and decreases with increasing similarity of the concept with ImageNet classes."}, "6": {"question": "Which dataset would you expect to be the easiest for a model to localize phrases in, and why?", "response": {"1803.06506v3-Table1-1.png": ["Caption: Table 1. Phrase-region related statistics for datasets used in evaluation. The numbers reflect the relative complexity of these datasets.. Is the input image and caption helpful to answer the following question. Answer in one word - Yes or No. Question: Which dataset would you expect to be the easiest for a model to localize phrases in, and why?. 2016_val\nTable 3 shows that the 5th column is not present on some rows which means it's missing data from certain images? Yes! It also indicates an error rate higher than expected by chance (p <", "Caption: Table 1. Phrase-region related statistics for datasets used in evaluation. The numbers reflect the relative complexity of these datasets.. Please provide a brief answer to the following question after looking into the input image and caption. Question: Which dataset would you expect to be the easiest for a model to localize phrases in, and why?."]}, "referred_figures_names": ["1803.06506v3-Table1-1.png"], "answer": "Flickr30k is likely the easiest dataset for a model to localize phrases in. \nFlickr30k has the shortest average phrase length (2.3 words) and the lowest average noun count (1.2) per phrase. This suggests that the phrases in this dataset are simpler and often directly refer to single objects present in the image. This makes the localization task easier, almost approaching a weakly supervised setting where the object to be localized is explicitly named in the phrase."}}