{"0": {"question": "Which relevance label category of documents received the most significant rank promotion according to the NegPair reduction metric?", "response": {"1804.05936v2-Figure2-1.png": ["Caption: Figure 2: The NegPair reduction (NP(d,LambdaMART )- NP(d,DLCM)) on documents with different relevance labels.. Is the input image and caption helpful to answer the following question. Answer in one word - Yes or No. Question: Which relevance label category of documents received the most significant rank promotion according to the NegPair reduction metric?. 10 percentile increase from good to excellent\n Good Excellent Documents are labeled as such based upon their quality level within a given dataset that is being analyzed by some algorithmic process for comparison purposes only; not necessarily reflecting any", "Caption: Figure 2: The NegPair reduction (NP(d,LambdaMART )- NP(d,DLCM)) on documents with different relevance labels.. Please provide a brief answer to the following question after looking into the input image and caption. Question: Which relevance label category of documents received the most significant rank promotion according to the NegPair reduction metric?. DLCM"]}, "referred_figures_names": ["1804.05936v2-Figure2-1.png"], "answer": "The perfect results received the largest promotions in rank."}, "1": {"question": "What is the role of the GRU in the Deep Listwise Context Model (DLCM)?", "response": {"1804.05936v2-Figure1-1.png": ["Caption: The overall structure of the Deep Listwise Context Model (DLCM). Rnq is a ranked list provided by a global ranking function f for query q; x(q,di ) is the feature vector for document di ; sn and oi is the final network state and hidden outputs of the RNN with GRU in I (Rnq ,Xn q ); and Score(di ) is the final ranking score of di computed with \u03d5(on+1\u2212i , sn ). Is the input image and caption helpful to answer the following question. Answer in one word - Yes or No. Question: What is the role of the GRU in the Deep Listwise Context Model (DLCM)?. 0\nYes", "Caption: The overall structure of the Deep Listwise Context Model (DLCM). Rnq is a ranked list provided by a global ranking function f for query q; x(q,di ) is the feature vector for document di ; sn and oi is the final network state and hidden outputs of the RNN with GRU in I (Rnq ,Xn q ); and Score(di ) is the final ranking score of di computed with \u03d5(on+1\u2212i , sn ). Please provide a brief answer to the following question after looking into the input image and caption. Question: What is the role of the GRU in the Deep Listwise Context Model (DLCM)?. Recurrent Neural Network with Gated Recurrent Unit (RNN-GRU)"]}, "referred_figures_names": ["1804.05936v2-Figure1-1.png"], "answer": "The GRU is used to process the ranked list of documents provided by a global ranking function."}, "2": {"question": "How does the NegPair reduction vary with the number of perfect results in a query?", "response": {"1804.05936v2-Figure3-1.png": ["Caption: Figure 3: TheNegPair reduction and corresponding improvement proportion for queries with different number of perfect documents.. Is the input image and caption helpful to answer the following question. Answer in one word - Yes or No. Question: How does the NegPair reduction vary with the number of perfect results in a query?. 10% increase per result\nYes, it is an important graphic that shows how negpair reduces as more perfect matches are found by increasing the number from zero upwards on this scale (x-axis) which represents the percentage decrease due to", "Caption: Figure 3: TheNegPair reduction and corresponding improvement proportion for queries with different number of perfect documents.. Please provide a brief answer to the following question after looking into the input image and caption. Question: How does the NegPair reduction vary with the number of perfect results in a query?. Percentage"]}, "referred_figures_names": ["1804.05936v2-Figure3-1.png"], "answer": "The NegPair reduction generally increases as the number of perfect results in a query increases."}, "3": {"question": "Which dataset would be most suitable for training a learning-to-rank model with limited computational resources, and why?", "response": {"1804.05936v2-Table1-1.png": ["Caption: Table 1: The characteristics of learning-to-rank datasets used in our experiments: number of queries, documents, relevance levels, features and year of release.. Is the input image and caption helpful to answer the following question. Answer in one word - Yes or No. Question: Which dataset would be most suitable for training a learning-to-rank model with limited computational resources, and why?. 2003 Microsoft SQL Server Documents", "Caption: Table 1: The characteristics of learning-to-rank datasets used in our experiments: number of queries, documents, relevance levels, features and year of release.. Please provide a brief answer to the following question after looking into the input image and caption. Question: Which dataset would be most suitable for training a learning-to-rank model with limited computational resources, and why?. Microsoft 2003"]}, "referred_figures_names": ["1804.05936v2-Table1-1.png"], "answer": "Microsoft 10k would be the most suitable dataset for training with limited computational resources."}, "4": {"question": "Which of the following methods has the best performance?", "response": {"1804.05936v2-Figure4-1.png": ["Caption: The performance of the DLCMs on Microsoft 30k with different hyper-parameters.. Is the input image and caption helpful to answer the following question. Answer in one word - Yes or No. Question: Which of the following methods has the best performance?. 128x96", "Caption: The performance of the DLCMs on Microsoft 30k with different hyper-parameters.. Please provide a brief answer to the following question after looking into the input image and caption. Question: Which of the following methods has the best performance?. 1 2 3 4 5 6 7 8 9 10 11 12 13 14 15 16 17 18 19 20 21 22 23 24 25 26 27 28 29 30 31 32 33 34 35 36 37 38 39 40 41 42 43 44 45 46 47 48 49 50 51 52 53 54 55 56 57 58 59 60 61 62 63 64 65 66 67 68 69 70 71 72 73 74 75 76 77 78 79 80 81 82 83 84 85 86 87 88"]}, "referred_figures_names": ["1804.05936v2-Figure4-1.png"], "answer": "LambdaMART"}, "5": {"question": "Which combination of initial list, model, and loss function achieved the best overall performance on the Yahoo! set 1, as measured by nDCG@10 and ERR@10?", "response": {"1804.05936v2-Table4-1.png": ["Caption: Table 4: Comparison of baselines and the DLCMs on Yahoo! set 1. \u2217, + and \u2021 denotes significant improvements over the global ranking algorithm and the best corresponding re-ranking baseline (DNN) and LIDNN.. Is the input image and caption helpful to answer the following question. Answer in one word - Yes or No. Question: Which combination of initial list, model, and loss function achieved the best overall performance on the Yahoo! set 1, as measured by nDCG@10 and ERR@10?. 2a\nYes | no", "Caption: Table 4: Comparison of baselines and the DLCMs on Yahoo! set 1. \u2217, + and \u2021 denotes significant improvements over the global ranking algorithm and the best corresponding re-ranking baseline (DNN) and LIDNN.. Please provide a brief answer to the following question after looking into the input image and caption. Question: Which combination of initial list, model, and loss function achieved the best overall performance on the Yahoo! set 1, as measured by nDCG@10 and ERR@10?. *, +, and \u2021"]}, "referred_figures_names": ["1804.05936v2-Table4-1.png"], "answer": "LambdaMART initial list, DLCM model, and AttRank loss function achieved the best overall performance on the Yahoo! set 1, with an nDCG@10 of 0.743 and an ERR@10 of 0.453."}}