{"0": {"question": "How are documents ranked and pruned in the telescoping architecture?", "response": {"1804.04410v2-Figure1-1.png": ["Caption: Figure 1: A telescoping architecture employed in Bing\u2019s retrieval system. Documents are scanned using a pre-defined match plan. Matched documents are passed through additional rank-and-prune stages.. Is the input image and caption helpful to answer the following question. Answer in one word - Yes or No. Question: How are documents ranked and pruned in the telescoping architecture?. 2016/03 / 57894321", "Caption: Figure 1: A telescoping architecture employed in Bing\u2019s retrieval system. Documents are scanned using a pre-defined match plan. Matched documents are passed through additional rank-and-prune stages.. Please provide a brief answer to the following question after looking into the input image and caption. Question: How are documents ranked and pruned in the telescoping architecture?. Rank-and-prune"]}, "referred_figures_names": ["1804.04410v2-Figure1-1.png"], "answer": "Documents are first matched using a pre-defined match plan. Then, they are passed through additional rank-and-prune stages, which are implemented as a cascade of machine learning models."}, "1": {"question": "How does the RL policy compare to the baseline in terms of index blocks accessed?", "response": {"1804.04410v2-Figure2-1.png": ["Caption: Figure 2: The reduction in index blocks accessed from the learned policy for CAT2 queries on the weighted set. We intentionally leave out the actual page access numbers on the y-axis because of confidentiality. The queries on the x-axis are sorted by page access independently for each treatment.. Is the input image and caption helpful to answer the following question. Answer in one word - Yes or No. Question: How does the RL policy compare to the baseline in terms of index blocks accessed?. 10% less than average, but still within a reasonable range compared with other policies that have been used before (either through random search over all possible values).", "Caption: Figure 2: The reduction in index blocks accessed from the learned policy for CAT2 queries on the weighted set. We intentionally leave out the actual page access numbers on the y-axis because of confidentiality. The queries on the x-axis are sorted by page access independently for each treatment.. Please provide a brief answer to the following question after looking into the input image and caption. Question: How does the RL policy compare to the baseline in terms of index blocks accessed?. Reduced"]}, "referred_figures_names": ["1804.04410v2-Figure2-1.png"], "answer": "The RL policy accesses fewer index blocks than the baseline."}, "2": {"question": "How does the performance of the learned policy compare to the production baseline for CAT2 queries in terms of relevance and efficiency?", "response": {"1804.04410v2-Table1-1.png": ["Caption: Table 1: Changes in NCG and the index blocks accessed u from our learned policy relative to production baselines. In both categories, we observe significant reduction in index blocks accessed, although at the cost of some loss in relevance in case of CAT1. All the differences in NCG and u are statistically significant (p < 0.01). Coverage of CAT2 queries in the unweighted set is too low to report numbers.. Is the input image and caption helpful to answer the following question. Answer in one word - Yes or No. Question: How does the performance of the learned policy compare to the production baseline for CAT2 queries in terms of relevance and efficiency?.  Not Applicable/No | Source The authors do not provide a comparison between their results on this topic with those obtained by other researchers using different methods; they only present statistics about changes made during training time as well as before and after it was", "Caption: Table 1: Changes in NCG and the index blocks accessed u from our learned policy relative to production baselines. In both categories, we observe significant reduction in index blocks accessed, although at the cost of some loss in relevance in case of CAT1. All the differences in NCG and u are statistically significant (p < 0.01). Coverage of CAT2 queries in the unweighted set is too low to report numbers.. Please provide a brief answer to the following question after looking into the input image and caption. Question: How does the performance of the learned policy compare to the production baseline for CAT2 queries in terms of relevance and efficiency?. Significant reduction in index blocks accessed, although at the cost of some loss in relevance in case of CAT1."]}, "referred_figures_names": ["1804.04410v2-Table1-1.png"], "answer": "For CAT2 queries, the learned policy shows a slight improvement in relevance (NCG) for the weighted set and a significant reduction in index blocks accessed for both weighted and unweighted sets."}}