{"0": {"question": "How does the appearance of the sphere differ between the re-synthesis using DAMs and the reference image?", "response": {"1804.00863v3-Figure1-1.png": ["Caption: Frames from a video with a moving viewer (columns) comparing a re-synthesis using our novel deep appearance maps (DAMs) (top) and reflectance maps (RMs) (bottom) to a photo reference of a decorative sphere with a complex material under natural illumination (middle).. Is the input image and caption helpful to answer the following question. Answer in one word - Yes or No. Question: How does the appearance of the sphere differ between the re-synthesis using DAMs and the reference image?. 1024x768\nYes, it is possible for an object's surface coloration alone not be sufficient information on which to base its visual representation within another medium such as photography; this requires additional data about how light interact", "Caption: Frames from a video with a moving viewer (columns) comparing a re-synthesis using our novel deep appearance maps (DAMs) (top) and reflectance maps (RMs) (bottom) to a photo reference of a decorative sphere with a complex material under natural illumination (middle).. Please provide a brief answer to the following question after looking into the input image and caption. Question: How does the appearance of the sphere differ between the re-synthesis using DAMs and the reference image?. The appearance of the sphere differs between the re-synthesis using DAMs and the reference image."]}, "referred_figures_names": ["1804.00863v3-Figure1-1.png"], "answer": "The sphere in the re-synthesis using DAMs appears to have a more even and consistent surface texture than the reference image."}, "1": {"question": "Which method performs best for the \"Representation\" task when the view is \"Novel\"?", "response": {"1804.00863v3-Table1-1.png": ["Caption: Quantitative results on synthetic data. Rows are different combination of tasks and methods (three applications, two view protocols, our two methods). Columns are different data. Error is measured as mean DSSIM across the data set (less is better).. Is the input image and caption helpful to answer the following question. Answer in one word - Yes or No. Question: Which method performs best for the \"Representation\" task when the view is \"Novel\"?. 1634", "Caption: Quantitative results on synthetic data. Rows are different combination of tasks and methods (three applications, two view protocols, our two methods). Columns are different data. Error is measured as mean DSSIM across the data set (less is better).. Please provide a brief answer to the following question after looking into the input image and caption. Question: Which method performs best for the \"Representation\" task when the view is \"Novel\"?. Mean DSSIM"]}, "referred_figures_names": ["1804.00863v3-Table1-1.png"], "answer": "The \"OUR\" method performs best for the \"Representation\" task when the view is \"Novel\"."}, "2": {"question": "How do the reconstructions compare to the original samples?", "response": {"1804.00863v3-Figure11-1.png": ["Caption: Real-world photo data and our reconstruction (from other views) of multiple materials (denoted M) in multiple illumination (L) from multiple views (V).. Is the input image and caption helpful to answer the following question. Answer in one word - Yes or No. Question: How do the reconstructions compare to the original samples?. Yes\r\n(*No*)", "Caption: Real-world photo data and our reconstruction (from other views) of multiple materials (denoted M) in multiple illumination (L) from multiple views (V).. Please provide a brief answer to the following question after looking into the input image and caption. Question: How do the reconstructions compare to the original samples?."]}, "referred_figures_names": ["1804.00863v3-Figure11-1.png"], "answer": "The reconstructions are very similar to the original samples."}, "3": {"question": "What is the difference between the representation module and the learning-to-learn module?", "response": {"1804.00863v3-Figure4-1.png": ["Caption: The four architectures used.. Is the input image and caption helpful to answer the following question. Answer in one word - Yes or No. Question: What is the difference between the representation module and the learning-to-learn module?. 1024x768 pixels are represented by a single layer of neurons, while 35 xp9s (or more) can be learned from experience through backpropagation using multiple layers with different weights for each pixel", "Caption: The four architectures used.. Please provide a brief answer to the following question after looking into the input image and caption. Question: What is the difference between the representation module and the learning-to-learn module?. The representation module learns to represent the input image, while the learning-to-learn module learns how to learn"]}, "referred_figures_names": ["1804.00863v3-Figure4-1.png"], "answer": "The representation module takes an input image and outputs a feature representation. The learning-to-learn module takes a set of features and learns how to segment the image."}, "4": {"question": "What is the difference between the representation task and the learning-to-learn task?", "response": {"1804.00863v3-Figure3-1.png": ["Caption: Different appearance processing tasks that we address using our deep appearance maps. a) The first task simply reproduces a given appearance, i. e., it maps from normal and view directions to RGB values using a NN. b) In a learning-to-learn task a network maps an image to a DAM representation. c) Finally, in the segmentation-and-estimation task, a network maps an image to multiple DAMs and multiple segmentation networks.. Is the input image and caption helpful to answer the following question. Answer in one word - Yes or No. Question: What is the difference between the representation task and the learning-to-learn task?. 1024x768\nYes; no", "Caption: Different appearance processing tasks that we address using our deep appearance maps. a) The first task simply reproduces a given appearance, i. e., it maps from normal and view directions to RGB values using a NN. b) In a learning-to-learn task a network maps an image to a DAM representation. c) Finally, in the segmentation-and-estimation task, a network maps an image to multiple DAMs and multiple segmentation networks.. Please provide a brief answer to the following question after looking into the input image and caption. Question: What is the difference between the representation task and the learning-to-learn task?. The representation task maps an image to a deep appearance map (DAM), while the learning-to-learn task maps an image to multiple deep appearance maps (DAMs) and multiple segmentation networks."]}, "referred_figures_names": ["1804.00863v3-Figure3-1.png"], "answer": "The representation task takes an appearance as input and outputs an RGB value, while the learning-to-learn task takes an image as input and outputs a DAM representation."}, "5": {"question": "What is the relationship between gloss and representation error?", "response": {"1804.00863v3-Figure10-1.png": ["Caption: Relation of gloss and representation error.. Is the input image and caption helpful to answer the following question. Answer in one word - Yes or No. Question: What is the relationship between gloss and representation error?. 15% test train high glass low", "Caption: Relation of gloss and representation error.. Please provide a brief answer to the following question after looking into the input image and caption. Question: What is the relationship between gloss and representation error?. high glass low"]}, "referred_figures_names": ["1804.00863v3-Figure10-1.png"], "answer": "The representation error decreases as the gloss decreases."}}