{"0": {"question": "What are the top 5 section recommendations for the Wikipedia article on Lausanne according to the category-section counts method?", "response": {"1804.05995v2-Table1-1.png": ["Caption: Top 5 section recommendations for the Wikipedia article lausanne, according to various methods.. Is the input image and caption helpful to answer the following question. Answer in one word - Yes or No. Question: What are the top 5 section recommendations for the Wikipedia article on Lausanne according to the category-section counts method?. 100% certainty no", "Caption: Top 5 section recommendations for the Wikipedia article lausanne, according to various methods.. Please provide a brief answer to the following question after looking into the input image and caption. Question: What are the top 5 section recommendations for the Wikipedia article on Lausanne according to the category-section counts method?. Swiss Federal Institute of Technology Lausanne University of Lausanne International Olympic Committee World Anti-Doping Agency International Olympic Committee World Anti-Doping Agency International Olympic Committee World Anti-Doping Agency International Olympic Committee World Anti-Doping Agency International Olympic Committee World Anti-Doping Agency International Olympic Committee World Anti-Doping Agency International Olympic Committee World Anti-Doping Agency International Olympic Committee World Anti-Doping Agency International Olympic Committee World Anti-Doping Agency International Olympic Committee World Anti-Doping Agency International Olympic Committee World Anti-Doping Agency International Olympic Committee World Anti-Doping Agency International Olympic Committee World Anti-Doping Agency International Olympic Committee World Anti-Doping Agency International Olympic Committee World Anti-Doping Agency International Olympic Committee World Anti-Doping Agency International Olympic Committee World Anti-Doping Agency International Olympic Committee World Anti-Doping Agency International Olympic Committee World Anti-Doping Agency International Olympic Committee World Anti-Doping Agency International Olympic Committee World Anti-Doping Agency International Olympic Committee World Anti-Doping Agency International Olympic Committee World Anti-Doping Agency International Olympic Committee World Anti-Doping Agency International Olympic Committee"]}, "referred_figures_names": ["1804.05995v2-Table1-1.png"], "answer": "The top 5 section recommendations for the Wikipedia article on Lausanne according to the category-section counts method are HISTORY, DEMOGRAPHICS, ECONOMY, EDUCATION, and POLITICS."}, "1": {"question": "What is the trend in precision and recall as the number of recommended sections k increases?", "response": {"1804.05995v2-Figure5-1.png": ["Caption: Precision and recall as a function of the number of recommended sections k , for all methods we evaluate.. Is the input image and caption helpful to answer the following question. Answer in one word - Yes or No. Question: What is the trend in precision and recall as the number of recommended sections k increases?. 10% increase each time\nNo, it's not possible with this information provided by you at present date/time (27-Feb)", "Caption: Precision and recall as a function of the number of recommended sections k , for all methods we evaluate.. Please provide a brief answer to the following question after looking into the input image and caption. Question: What is the trend in precision and recall as the number of recommended sections k increases?. Increase"]}, "referred_figures_names": ["1804.05995v2-Figure5-1.png"], "answer": "Precision generally decreases and recall generally increases as k increases."}, "2": {"question": "What is the percentage of categories that can generate at least 10 recommendations using the section-count-based method?", "response": {"1804.05995v2-Figure4-1.png": ["Caption: Percentage of categories (y-axis) that can generate at least x recommendations using the section-count\u2013based. Is the input image and caption helpful to answer the following question. Answer in one word - Yes or No. Question: What is the percentage of categories that can generate at least 10 recommendations using the section-count-based method?. 95%", "Caption: Percentage of categories (y-axis) that can generate at least x recommendations using the section-count\u2013based. Please provide a brief answer to the following question after looking into the input image and caption. Question: What is the percentage of categories that can generate at least 10 recommendations using the section-count-based method?. 10"]}, "referred_figures_names": ["1804.05995v2-Figure4-1.png"], "answer": "Around 68%."}}