{"0": {"question": "What are the two auxiliary tasks that are used in the ESMM architecture for CVR modeling?", "response": {"1804.07931v2-Figure2-1.png": ["Caption: Figure 2: Architecture overview of ESMM for CVR modeling. In ESMM, two auxiliary tasks of CTR and CTCVR are introduced which: i) help to model CVR over entire input space, ii) provide feature representation transfer learning. ESMM mainly consists of two sub-networks: CVR network illustrated in the left part of this figure and CTR network in the right part. Embedding parameters of CTR and CVR network are shared. CTCVR takes the product of outputs from CTR and CVR network as the output.. Is the input image and caption helpful to answer the following question. Answer in one word - Yes or No. Question: What are the two auxiliary tasks that are used in the ESMM architecture for CVR modeling?. 109876543\nYes! Conditional Truthful Voting Regression (CTCR). The other task is Convolutional Recurrent Layer Network with a different name but similar function called Continuous Time Context", "Caption: Figure 2: Architecture overview of ESMM for CVR modeling. In ESMM, two auxiliary tasks of CTR and CTCVR are introduced which: i) help to model CVR over entire input space, ii) provide feature representation transfer learning. ESMM mainly consists of two sub-networks: CVR network illustrated in the left part of this figure and CTR network in the right part. Embedding parameters of CTR and CVR network are shared. CTCVR takes the product of outputs from CTR and CVR network as the output.. Please provide a brief answer to the following question after looking into the input image and caption. Question: What are the two auxiliary tasks that are used in the ESMM architecture for CVR modeling?. Convolutional Recurrent (CTR) and Conditional Variational Recurrent (CVR)"]}, "referred_figures_names": ["1804.07931v2-Figure2-1.png"], "answer": "The two auxiliary tasks are CTR and CTCVR."}, "1": {"question": "What is the relationship between clicks and impressions?", "response": {"1804.07931v2-Figure1-1.png": ["Caption: Illustration of sample selection bias problem in conventional CVRmodeling. Training space is composed of samples with clicked impressions. It is only part of the inference space which is composed of all impressions.. Is the input image and caption helpful to answer the following question. Answer in one word - Yes or No. Question: What is the relationship between clicks and impressions?. 10% click through rate (CTA) on a website, but it's not clear if that percentage refers specifically to ad campaign performance versus general web traffic behavior; also unclear whether this number was based solely upon user-generated data from", "Caption: Illustration of sample selection bias problem in conventional CVRmodeling. Training space is composed of samples with clicked impressions. It is only part of the inference space which is composed of all impressions.. Please provide a brief answer to the following question after looking into the input image and caption. Question: What is the relationship between clicks and impressions?. Impressions are the number of times an advertisement is displayed, while clicks are the number of times a user clicks on the advertisement."]}, "referred_figures_names": ["1804.07931v2-Figure1-1.png"], "answer": "Clicks are a subset of impressions."}, "2": {"question": "How much more prevalent are click events compared to conversion events in the Product Dataset?", "response": {"1804.07931v2-Table1-1.png": ["Caption: Table 1: Statistics of experimental datasets.. Is the input image and caption helpful to answer the following question. Answer in one word - Yes or No. Question: How much more prevalent are click events compared to conversion events in the Product Dataset?. 20 times as many clicks occur than conversions do on average for this dataset (Table) .5% is a good estimate that you can use when comparing these two event types across different websites, products etc using your own data from experiments like those", "Caption: Table 1: Statistics of experimental datasets.. Please provide a brief answer to the following question after looking into the input image and caption. Question: How much more prevalent are click events compared to conversion events in the Product Dataset?. 1000"]}, "referred_figures_names": ["1804.07931v2-Table1-1.png"], "answer": "Click events are roughly 184 times more prevalent than conversion events in the Product Dataset."}, "3": {"question": "Which model performs best overall on both the CVR and CTCVR tasks?", "response": {"1804.07931v2-Table2-1.png": ["Caption: Table 2: Comparison of different models on Public Dataset.. Is the input image and caption helpful to answer the following question. Answer in one word - Yes or No. Question: Which model performs best overall on both the CVR and CTCVR tasks?. 108569473-ecebdfaedcbdccdcdcbdddcbbdbdeebbeeeecbcacaaabcaabbacaabaabcbaaaaaaaahhhhhoooooh", "Caption: Table 2: Comparison of different models on Public Dataset.. Please provide a brief answer to the following question after looking into the input image and caption. Question: Which model performs best overall on both the CVR and CTCVR tasks?. Model 1"]}, "referred_figures_names": ["1804.07931v2-Table2-1.png"], "answer": "The ESMM model performs the best overall on both the CVR and CTCVR tasks."}, "4": {"question": "How does the performance of ESMM compare to other models on the CVR task and CTCVR task with different training set sizes?", "response": {"1804.07931v2-Figure3-1.png": ["Caption: Figure 3: Comparison of different models w.r.t. different sampling rates on Product Dataset.. Is the input image and caption helpful to answer the following question. Answer in one word - Yes or No. Question: How does the performance of ESMM compare to other models on the CVR task and CTCVR task with different training set sizes?. 108567429-sample size, model type, etc.", "Caption: Figure 3: Comparison of different models w.r.t. different sampling rates on Product Dataset.. Please provide a brief answer to the following question after looking into the input image and caption. Question: How does the performance of ESMM compare to other models on the CVR task and CTCVR task with different training set sizes?."]}, "referred_figures_names": ["1804.07931v2-Figure3-1.png"], "answer": "ESMM-NS and ESMM outperform all other models consistently across different training set sizes on both the CVR and CTCVR tasks."}}