{"0": {"question": "Which method achieved the highest accuracy on the 45-tag Penn WSJ dataset, and how does its performance compare to the other methods?", "response": {"1804.07849v4-Table1-1.png": ["Caption: Table 1: Many-to-one accuracy on the 45-tag Penn WSJ with the best hyperparameter configurations. The average accuracy over 10 random restarts is reported and the standard deviation is given in parentheses (except for deterministic methods).. Is the input image and caption helpful to answer the following question. Answer in one word - Yes or No. Question: Which method achieved the highest accuracy on the 45-tag Penn WSJ dataset, and how does its performance compare to the other methods?. 23%", "Caption: Table 1: Many-to-one accuracy on the 45-tag Penn WSJ with the best hyperparameter configurations. The average accuracy over 10 random restarts is reported and the standard deviation is given in parentheses (except for deterministic methods).. Please provide a brief answer to the following question after looking into the input image and caption. Question: Which method achieved the highest accuracy on the 45-tag Penn WSJ dataset, and how does its performance compare to the other methods?. Deterministic Methods"]}, "referred_figures_names": ["1804.07849v4-Table1-1.png"], "answer": "The Variational $\\wh{J}^{\\mathrm{var}}$ method achieved the highest accuracy of 78.1% on the 45-tag Penn WSJ dataset. This is significantly higher than all other methods listed in the table, with the next best performing method (Berg-Kirkpatrick et al., 2010) achieving an accuracy of 74.9%."}, "1": {"question": "According to the ablation experiments, which factor contributes the most to the best model's performance compared to the baseline model?", "response": {"1804.07849v4-Table2-1.png": ["Caption: Table 2: Ablation of the best model on Penn WSJ.. Is the input image and caption helpful to answer the following question. Answer in one word - Yes or No. Question: According to the ablation experiments, which factor contributes the most to the best model's performance compared to the baseline model?. 108%", "Caption: Table 2: Ablation of the best model on Penn WSJ.. Please provide a brief answer to the following question after looking into the input image and caption. Question: According to the ablation experiments, which factor contributes the most to the best model's performance compared to the baseline model?. Sentence 1: Glove-to-Glove Encoding"]}, "referred_figures_names": ["1804.07849v4-Table2-1.png"], "answer": "Morphological modeling with LSTMs contributes the most to the best model's performance compared to the baseline model."}, "2": {"question": "Which method achieved the highest average V-measure (VM) across all languages, and how much higher was its average compared to the Baum-Welch method?", "response": {"1804.07849v4-Table4-1.png": ["Caption: Table 4: Comparison with the reported results with CRF autoencoders in many-to-one accuracy (M2O) and the V-measure (VM).. Is the input image and caption helpful to answer the following question. Answer in one word - Yes or No. Question: Which method achieved the highest average V-measure (VM) across all languages, and how much higher was its average compared to the Baum-Welch method?. 10% more than baums welsh on avg vm score for M3L models using a single layer LSTM network as an encoder/decoder combo model trained by minimizing cross entropy loss between predicted output symbols y\\_", "Caption: Table 4: Comparison with the reported results with CRF autoencoders in many-to-one accuracy (M2O) and the V-measure (VM).. Please provide a brief answer to the following question after looking into the input image and caption. Question: Which method achieved the highest average V-measure (VM) across all languages, and how much higher was its average compared to the Baum-Welch method?. Baum-Welch"]}, "referred_figures_names": ["1804.07849v4-Table4-1.png"], "answer": "The Variational $\\wh{J}^{\\mathrm{var}}$ method achieved the highest average VM score (50.4). Its average score is 39.6 points higher than the Baum-Welch method, which achieved an average VM score of 10.8."}, "3": {"question": "Which method achieved the highest accuracy on the Italian language data set?", "response": {"1804.07849v4-Table3-1.png": ["Caption: Many-to-one accuracy on the 12-tag universal treebank dataset. We use the same setting in Table 1. All models use a fixed hyperparameter configuration optimized on the 45-tag Penn WSJ.. Is the input image and caption helpful to answer the following question. Answer in one word - Yes or No. Question: Which method achieved the highest accuracy on the Italian language data set?. 30% of all words are not present\nYes, it is true that only about thirty percent (or less) of each sentence contains actual information relevant for training purposes; this means most sentences contain irrelevant noise which can be detrimental during", "Caption: Many-to-one accuracy on the 12-tag universal treebank dataset. We use the same setting in Table 1. All models use a fixed hyperparameter configuration optimized on the 45-tag Penn WSJ.. Please provide a brief answer to the following question after looking into the input image and caption. Question: Which method achieved the highest accuracy on the Italian language data set?. Many-to-one"]}, "referred_figures_names": ["1804.07849v4-Table3-1.png"], "answer": "Variational J^var (7)"}, "4": {"question": "What is the role of the BiLSTM in the architecture?", "response": {"1804.07849v4-Figure1-1.png": ["Caption: Architecture illustrated on the example text \u201chad these keys in my\u201d with target Y = \u201ckeys\u201d.. Is the input image and caption helpful to answer the following question. Answer in one word - Yes or No. Question: What is the role of the BiLSTM in the architecture?. 100% yes, it's a part of an LSTM model for natural language processing tasks such as sentiment analysis\nYes that would be correct! The Bidirectional Long Short-Term Memory (BiLstm) plays", "Caption: Architecture illustrated on the example text \u201chad these keys in my\u201d with target Y = \u201ckeys\u201d.. Please provide a brief answer to the following question after looking into the input image and caption. Question: What is the role of the BiLSTM in the architecture?. Bidirectional LSTM"]}, "referred_figures_names": ["1804.07849v4-Figure1-1.png"], "answer": "The BiLSTM takes as input the character-level representations of the words and outputs a word-level representation for each word."}}