{"0": {"question": "What is the difference between an \"agent-in-place\" action and a generic action category?", "response": {"1804.01429v3-Figure1-1.png": ["Caption: Figure 1. Example agent-in-place actions and segmentation maps. Different colors represent different places. We zoom in to the agents performing the actions for clarity. An agent-in-place action is represented as <agent, action, place>. Same colors indicate same place types (e.g., green for lawn, blue for walkway, etc.).. Is the input image and caption helpful to answer the following question. Answer in one word - Yes or No. Question: What is the difference between an \"agent-in-place\" action and a generic action category?. 209875643 no yes", "Caption: Figure 1. Example agent-in-place actions and segmentation maps. Different colors represent different places. We zoom in to the agents performing the actions for clarity. An agent-in-place action is represented as <agent, action, place>. Same colors indicate same place types (e.g., green for lawn, blue for walkway, etc.).. Please provide a brief answer to the following question after looking into the input image and caption. Question: What is the difference between an \"agent-in-place\" action and a generic action category?. The main difference between an \"agent-in-place\" action and a generic action category is that an \"agent-in-place\" action is specific to a particular location, while a generic action category is not."]}, "referred_figures_names": ["1804.01429v3-Figure1-1.png"], "answer": "An agent-in-place action is an action that is performed by an agent in a specific place, while a generic action category is a more general category of action that does not specify the place where the action is performed."}, "1": {"question": "What are the different types of features used by the Layout-induced Video Representation Network?", "response": {"1804.01429v3-Figure4-1.png": ["Caption: Figure 4. Layout-induced Video Representation Network: The dashed blue box indicates a shared 3D ConvNet to extract lowlevel features. We utilize the segmentation maps to decompose features into different places, and the solid blue boxes indicate that we train place-based models to extract place-based feature descriptions. When relevant to the activities of interest, we conduct distance-based place discretization to model moving directions; finally, we leverage the connectivity of places to aggregate the place-based feature descriptions at inference level.. Is the input image and caption helpful to answer the following question. Answer in one word - Yes or No. Question: What are the different types of features used by the Layout-induced Video Representation Network?. 1920x675", "Caption: Figure 4. Layout-induced Video Representation Network: The dashed blue box indicates a shared 3D ConvNet to extract lowlevel features. We utilize the segmentation maps to decompose features into different places, and the solid blue boxes indicate that we train place-based models to extract place-based feature descriptions. When relevant to the activities of interest, we conduct distance-based place discretization to model moving directions; finally, we leverage the connectivity of places to aggregate the place-based feature descriptions at inference level.. Please provide a brief answer to the following question after looking into the input image and caption. Question: What are the different types of features used by the Layout-induced Video Representation Network?. Low-level features"]}, "referred_figures_names": ["1804.01429v3-Figure4-1.png"], "answer": "The Layout-induced Video Representation Network uses three types of features: place-based features, distance-based features, and topological features."}, "2": {"question": "What is the role of the 3D ConvNet in the distance-based place discretization process?", "response": {"1804.01429v3-Figure5-1.png": ["Caption: The process of distance-based place discretization.. Is the input image and caption helpful to answer the following question. Answer in one word - Yes or No. Question: What is the role of the 3D ConvNet in the distance-based place discretization process?. 100% yes, it's a feature extractor for localizing objects within an environment using depth maps from stereo cameras", "Caption: The process of distance-based place discretization.. Please provide a brief answer to the following question after looking into the input image and caption. Question: What is the role of the 3D ConvNet in the distance-based place discretization process?. Recognition"]}, "referred_figures_names": ["1804.01429v3-Figure5-1.png"], "answer": "The 3D ConvNet is used to extract features from the input images. These features are then used to generate place-based feature descriptions."}, "3": {"question": "How does the LIVR framework decompose semantic features into different places?", "response": {"1804.01429v3-Figure2-1.png": ["Caption: Figure 2. Framework of LIVR. Given the segmentation map, we decompose the semantic features into different places and extract place-based feature descriptions individually, then dynamically aggregate them at inference time according to the topology of the scene. denotes the masking operation for spatial decomposition. \"NN\" stands for neural network.. Is the input image and caption helpful to answer the following question. Answer in one word - Yes or No. Question: How does the LIVR framework decompose semantic features into different places?. 1980s", "Caption: Figure 2. Framework of LIVR. Given the segmentation map, we decompose the semantic features into different places and extract place-based feature descriptions individually, then dynamically aggregate them at inference time according to the topology of the scene. denotes the masking operation for spatial decomposition. \"NN\" stands for neural network.. Please provide a brief answer to the following question after looking into the input image and caption. Question: How does the LIVR framework decompose semantic features into different places?. The LIVR framework decomposes semantic features into different places and extracts place-based feature descriptions individually, then dynamically aggregates them at inference time according to the topology of the scene."]}, "referred_figures_names": ["1804.01429v3-Figure2-1.png"], "answer": "The LIVR framework decomposes semantic features into different places by utilizing bitmaps encoded with the semantic labels of places. This decomposition encourages the network to learn features of generic place-based motion patterns that are independent of scene layouts."}, "4": {"question": "Why does the proposed method outperform the baselines for the action \"<person, move toward (home), walkway>\"?", "response": {"1804.01429v3-Figure8-1.png": ["Caption: Figure 8. Qualitative examples: The predicted confidences of groundtruth actions using different methods. We use 3 frames to visualize a motion and orange ellipses to highlight moving agents.. Is the input image and caption helpful to answer the following question. Answer in one word - Yes or No. Question: Why does the proposed method outperform the baselines for the action \"<person, move toward (home), walkway>\"?. 10% more confidently than our current state-of-the art model on this task by usc/vision\nYes | no", "Caption: Figure 8. Qualitative examples: The predicted confidences of groundtruth actions using different methods. We use 3 frames to visualize a motion and orange ellipses to highlight moving agents.. Please provide a brief answer to the following question after looking into the input image and caption. Question: Why does the proposed method outperform the baselines for the action \"<person, move toward (home), walkway>\"?. The proposed method outperforms the baselines for the action \"<person, move toward (home), walkway>\"."]}, "referred_figures_names": ["1804.01429v3-Figure8-1.png"], "answer": "The proposed method outperforms the baselines for the action \"<person, move toward (home), walkway>\" because it is better at modeling moving directions."}, "5": {"question": "Which actions are most challenging for the network to recognize, and how do the proposed methods improve the performance on these actions?", "response": {"1804.01429v3-Figure7-1.png": ["Caption: Figure 7. Per-category average precision of the baseline 3 and our methods on unseen scenes. The blue dashed box highlights actions which require modeling moving directions. We observe that the proposed place-based feature descriptions (PD), distance-based place discretization (DD) and topological feature aggregation (Topo-Agg) significantly improve the average precision on almost all action categories. FC-Agg stands for using a FC layer to aggregate place descriptions.. Is the input image and caption helpful to answer the following question. Answer in one word - Yes or No. Question: Which actions are most challenging for the network to recognize, and how do the proposed methods improve the performance on these actions?. 10985246_question", "Caption: Figure 7. Per-category average precision of the baseline 3 and our methods on unseen scenes. The blue dashed box highlights actions which require modeling moving directions. We observe that the proposed place-based feature descriptions (PD), distance-based place discretization (DD) and topological feature aggregation (Topo-Agg) significantly improve the average precision on almost all action categories. FC-Agg stands for using a FC layer to aggregate place descriptions.. Please provide a brief answer to the following question after looking into the input image and caption. Question: Which actions are most challenging for the network to recognize, and how do the proposed methods improve the performance on these actions?."]}, "referred_figures_names": ["1804.01429v3-Figure7-1.png"], "answer": "The actions that are most challenging for the network to recognize are those that include moving directions, such as \"person, move toward (home)\", \"person, move away (home)\", and \"vehicle, move toward (person)\". The proposed methods, distance-based place discretization (DD) and topological feature aggregation (Topo-Agg), significantly improve the average precision on almost all action categories, especially those that are more challenging and are associated with moving directions."}}