{"0": {"question": "What is the purpose of the audio encoder in the proposed conditional recurrent adversarial video generation network structure?", "response": {"1804.04786v3-Figure2-1.png": ["Caption: Figure 2: The proposed conditional recurrent adversarial video generation network structure.. Is the input image and caption helpful to answer the following question. Answer in one word - Yes or No. Question: What is the purpose of the audio encoder in the proposed conditional recurrent adversarial video generation network structure?. 108976453-c0afeeaaedfbbbffdaddebaafaeebddcccbcdcaacbcbdabdbdcbfdfdafbdbcbeabcdefghiij", "Caption: Figure 2: The proposed conditional recurrent adversarial video generation network structure.. Please provide a brief answer to the following question after looking into the input image and caption. Question: What is the purpose of the audio encoder in the proposed conditional recurrent adversarial video generation network structure?. Generate audio"]}, "referred_figures_names": ["1804.04786v3-Figure2-1.png"], "answer": "The audio encoder extracts audio features from the MFCC features of each audio segment."}, "1": {"question": "Which loss function combination is most important for generating realistic mouth movements?", "response": {"1804.04786v3-Figure4-1.png": ["Caption: Ablation study on the loss functions used in the proposed method. The rows show the continuous frames generated from the same audio input but different loss combinations as denoted on the left. The subscripts r, I , V , and l indicates Lrec, LI , LV , and Ll in Eq. 5, respectively.. Is the input image and caption helpful to answer the following question. Answer in one word - Yes or No. Question: Which loss function combination is most important for generating realistic mouth movements?. 1024\nYes/No", "Caption: Ablation study on the loss functions used in the proposed method. The rows show the continuous frames generated from the same audio input but different loss combinations as denoted on the left. The subscripts r, I , V , and l indicates Lrec, LI , LV , and Ll in Eq. 5, respectively.. Please provide a brief answer to the following question after looking into the input image and caption. Question: Which loss function combination is most important for generating realistic mouth movements?. Continuous frames generated from the same audio input but different loss combinations as denoted on the left"]}, "referred_figures_names": ["1804.04786v3-Figure4-1.png"], "answer": "The combination of Lrec, LI, and LV is most important for generating realistic mouth movements."}, "2": {"question": "What is the difference between the sequential and recurrent generation schemes?", "response": {"1804.04786v3-Figure5-1.png": ["Caption: Effect of different generation schemes. The sample is randomly selected from the TCD-TIMIT dataset. From top to bottom: sequential generation, frame-to-frame generation, and our recurrent generation schemes. Optical flow is calculated on the frameto-frame and recurrent schemes as shown under the face images.. Is the input image and caption helpful to answer the following question. Answer in one word - Yes or No. Question: What is the difference between the sequential and recurrent generation schemes?. 1095874263", "Caption: Effect of different generation schemes. The sample is randomly selected from the TCD-TIMIT dataset. From top to bottom: sequential generation, frame-to-frame generation, and our recurrent generation schemes. Optical flow is calculated on the frameto-frame and recurrent schemes as shown under the face images.. Please provide a brief answer to the following question after looking into the input image and caption. Question: What is the difference between the sequential and recurrent generation schemes?. Frame-to-frame generation"]}, "referred_figures_names": ["1804.04786v3-Figure5-1.png"], "answer": "The sequential generation scheme generates each frame of the video independently, while the recurrent generation scheme uses the previous frame to generate the next frame. This can be seen in the optical flow images, which show the motion of pixels between frames. The recurrent scheme has a smoother flow of motion, while the sequential scheme has more abrupt changes."}}