{"0": {"question": "Which algorithm has the highest percentage of switched instances?", "response": {"1805.04609v3-Figure3-1.png": ["Caption: Figure 3: The effect of the synthesis algorithm on the number of changed labels. Is the input image and caption helpful to answer the following question. Answer in one word - Yes or No. Question: Which algorithm has the highest percentage of switched instances?. 1024x768", "Caption: Figure 3: The effect of the synthesis algorithm on the number of changed labels. Please provide a brief answer to the following question after looking into the input image and caption. Question: Which algorithm has the highest percentage of switched instances?. Algorithm 1"]}, "referred_figures_names": ["1805.04609v3-Figure3-1.png"], "answer": "US-HC-MQ"}, "1": {"question": "How does the accuracy of the US-BS-MQ method compare to that of the S-MQ method when adding SST examples?", "response": {"1805.04609v3-Figure2-1.png": ["Caption: Figure 2: Comparison of accuracy achieved by the different methods. Is the input image and caption helpful to answer the following question. Answer in one word - Yes or No. Question: How does the accuracy of the US-BS-MQ method compare to that of the S-MQ method when adding SST examples?. 015693748X", "Caption: Figure 2: Comparison of accuracy achieved by the different methods. Please provide a brief answer to the following question after looking into the input image and caption. Question: How does the accuracy of the US-BS-MQ method compare to that of the S-MQ method when adding SST examples?. The US-BS-MQ method is more accurate than the S-MQ method when adding SST examples"]}, "referred_figures_names": ["1805.04609v3-Figure2-1.png"], "answer": "The US-BS-MQ method achieves higher accuracy than the S-MQ method when adding SST examples."}}