{"0": {"question": "Which method has the fastest convergence and highest converged performance?", "response": {"1805.07567v2-Figure7-1.png": ["Caption: Performance versus training iterations. Our method presents faster convergence and higher converged performance.. Is the input image and caption helpful to answer the following question. Answer in one word - Yes or No. Question: Which method has the fastest convergence and highest converged performance?. 10 Iterations K Factor of Feasible Direction Search (FDS) Algorithm with a Convergence Rate that is Almost Four Times as Fast Compared to Standard Gradient Descent Methods for Training Neural Network Mod", "Caption: Performance versus training iterations. Our method presents faster convergence and higher converged performance.. Please provide a brief answer to the following question after looking into the input image and caption. Question: Which method has the fastest convergence and highest converged performance?. The method that presents the fastest convergence and highest converged performance is our method."]}, "referred_figures_names": ["1805.07567v2-Figure7-1.png"], "answer": "F-DSS"}, "1": {"question": "Which dataset would you expect to be the most challenging for a model trained on MSRA-B to perform well on, and why?", "response": {"1805.07567v2-Table1-1.png": ["Caption: Table 1. Statistics of SOD datasets. \u2018#Images\u2019 indicates the number of images in a dataset and \u2018contrast\u2019 represents the general contrast between foreground/background. The lower the contrast, the more challenging the dataset is.. Is the input image and caption helpful to answer the following question. Answer in one word - Yes or No. Question: Which dataset would you expect to be the most challenging for a model trained on MSRA-B to perform well on, and why?. 2015 High Contrast Year Contest (HYC)", "Caption: Table 1. Statistics of SOD datasets. \u2018#Images\u2019 indicates the number of images in a dataset and \u2018contrast\u2019 represents the general contrast between foreground/background. The lower the contrast, the more challenging the dataset is.. Please provide a brief answer to the following question after looking into the input image and caption. Question: Which dataset would you expect to be the most challenging for a model trained on MSRA-B to perform well on, and why?. CIFAR-10 or CIFAR-100"]}, "referred_figures_names": ["1805.07567v2-Table1-1.png"], "answer": "The DUT-OMRON dataset is likely the most challenging for a model trained on MSRA-B."}, "2": {"question": "Which model performs best in terms of Mean F-measure on the DUT-OMRON dataset when trained on the MB dataset? How does the FLoss variant of this model compare to its base version?", "response": {"1805.07567v2-Table3-1.png": ["Caption: Table 3. Quantitative comparison of different methods on 6 popular datasets. Our proposed FLoss consistently improves performance in terms of both MAE (the smaller the better) and F-measure (the larger the better). Especially in terms of Mean F-measure, we outperform the state-of-the-art with very clear margins, because our method is able to produce high-contrast predictions that can achieve high F-measure under a wide range of thresholds.. Is the input image and caption helpful to answer the following question. Answer in one word - Yes or No. Question: Which model performs best in terms of Mean F-measure on the DUT-OMRON dataset when trained on the MB dataset? How does the FLoss variant of this model compare to its base version?. 10892754_FLoss", "Caption: Table 3. Quantitative comparison of different methods on 6 popular datasets. Our proposed FLoss consistently improves performance in terms of both MAE (the smaller the better) and F-measure (the larger the better). Especially in terms of Mean F-measure, we outperform the state-of-the-art with very clear margins, because our method is able to produce high-contrast predictions that can achieve high F-measure under a wide range of thresholds.. Please provide a brief answer to the following question after looking into the input image and caption. Question: Which model performs best in terms of Mean F-measure on the DUT-OMRON dataset when trained on the MB dataset? How does the FLoss variant of this model compare to its base version?. Our proposed FLoss consistently improves performance in terms of both MAE (the smaller the better) and F-measure (the larger the better). Especially in terms of Mean F-measure, we outperform the state-of-the-art with very clear margins, because our method is able to produce high-contrast predictions that can achieve high F-measure under a wide range of thresholds."]}, "referred_figures_names": ["1805.07567v2-Table3-1.png"], "answer": "The DSS+FLoss model performs best in terms of Mean F-measure on the DUT-OMRON dataset when trained on the MB dataset, achieving a score of 0.755.\n\nThe FLoss variant of the DSS model shows a clear improvement over the base DSS model, with a Mean F-measure increase from 0.738 to 0.755."}, "3": {"question": "Which algorithm achieves a better balance between precision and recall?", "response": {"1805.07567v2-Figure5-1.png": ["Caption: Precision, Recall, F-measure and Maximal F-measure (\u2022) of DSS (- - -) and F-DSS (\u2014) under different thresholds. DSS tends to predict unknown pixels as the majority class\u2013the background, resulting in high precision but low recall. FLoss is able to find a better compromise between precision and recall.. Is the input image and caption helpful to answer the following question. Answer in one word - Yes or No. Question: Which algorithm achieves a better balance between precision and recall?. 1089674523 yes no", "Caption: Precision, Recall, F-measure and Maximal F-measure (\u2022) of DSS (- - -) and F-DSS (\u2014) under different thresholds. DSS tends to predict unknown pixels as the majority class\u2013the background, resulting in high precision but low recall. FLoss is able to find a better compromise between precision and recall.. Please provide a brief answer to the following question after looking into the input image and caption. Question: Which algorithm achieves a better balance between precision and recall?. F-DSS"]}, "referred_figures_names": ["1805.07567v2-Figure5-1.png"], "answer": "F-DSS."}, "4": {"question": "Why does the proposed FLoss method perform better than the balanced cross-entropy loss, even though both methods aim to address the data imbalance problem in salient object detection?", "response": {"1805.07567v2-Table4-1.png": ["Caption: Table 4. Performance comparisons across the original cross-entropy loss (Eq. 10), balanced cross-entropy loss (Eq. 15) and our proposed FLoss (Eq. 6). Original cross-entropy learns a biased prior towards the major class (the background). This is evidenced by the low recall: many positive points are mis-predicted as negative because of biased prior. By assigning loss weights on foreground/background samples, the balanced cross-entropy loss can alleviate the unbalancing problem. Our proposed method performs better than the balanced cross-entropy loss, because the F-measure criterion can automatically adjust data unbalance.. Is the input image and caption helpful to answer the following question. Answer in one word - Yes or No. Question: Why does the proposed FLoss method perform better than the balanced cross-entropy loss, even though both methods aim to address the data imbalance problem in salient object detection?.  | Yes", "Caption: Table 4. Performance comparisons across the original cross-entropy loss (Eq. 10), balanced cross-entropy loss (Eq. 15) and our proposed FLoss (Eq. 6). Original cross-entropy learns a biased prior towards the major class (the background). This is evidenced by the low recall: many positive points are mis-predicted as negative because of biased prior. By assigning loss weights on foreground/background samples, the balanced cross-entropy loss can alleviate the unbalancing problem. Our proposed method performs better than the balanced cross-entropy loss, because the F-measure criterion can automatically adjust data unbalance.. Please provide a brief answer to the following question after looking into the input image and caption. Question: Why does the proposed FLoss method perform better than the balanced cross-entropy loss, even though both methods aim to address the data imbalance problem in salient object detection?."]}, "referred_figures_names": ["1805.07567v2-Table4-1.png"], "answer": "The FLoss method performs better than the balanced cross-entropy loss because it can automatically adjust to data imbalance using the F-measure criterion, while the balanced cross-entropy loss relies on pre-defined weights for positive and negative samples."}, "5": {"question": " \n\nWhat is the effect of increasing the value of \u03b22 on the precision and recall of the model? ", "response": {"1805.07567v2-Figure6-1.png": ["Caption: Precision, Recall, F-measure of model trained under different \u03b22 (Eq. 1). The precision decreases with the growing of \u03b22 whereas recall increases. This characteristic gives us much flexibility to adjust the balance between recall and precision: use larger \u03b22 in a recall-first application and lower \u03b22 otherwise.. Is the input image and caption helpful to answer the following question. Answer in one word - Yes or No. Question:  \n\nWhat is the effect of increasing the value of \u03b22 on the precision and recall of the model? . 08975346", "Caption: Precision, Recall, F-measure of model trained under different \u03b22 (Eq. 1). The precision decreases with the growing of \u03b22 whereas recall increases. This characteristic gives us much flexibility to adjust the balance between recall and precision: use larger \u03b22 in a recall-first application and lower \u03b22 otherwise.. Please provide a brief answer to the following question after looking into the input image and caption. Question:  \n\nWhat is the effect of increasing the value of \u03b22 on the precision and recall of the model? ."]}, "referred_figures_names": ["1805.07567v2-Figure6-1.png"], "answer": " \n\nIncreasing the value of \u03b22 decreases the precision and increases the recall of the model."}, "6": {"question": "Which method produces higher contrast saliency maps, FLoss or Log-FLoss?", "response": {"1805.07567v2-Figure2-1.png": ["Caption: Example saliency maps by FLoss (bottom) and LogFLoss (middle). Our proposed FLoss method produces highcontrast saliency maps.. Is the input image and caption helpful to answer the following question. Answer in one word - Yes or No. Question: Which method produces higher contrast saliency maps, FLoss or Log-FLoss?. 1024x768 logloss map is better than a lower resolution lossmap for this dataset of images with similar content but different lighting conditions? yes no unknown", "Caption: Example saliency maps by FLoss (bottom) and LogFLoss (middle). Our proposed FLoss method produces highcontrast saliency maps.. Please provide a brief answer to the following question after looking into the input image and caption. Question: Which method produces higher contrast saliency maps, FLoss or Log-FLoss?. FLoss"]}, "referred_figures_names": ["1805.07567v2-Figure2-1.png"], "answer": "FLoss"}}