{"0": {"question": "Which task-oriented dialog system performs the best when the percentage of unseen information in the KB is high?", "response": {"1805.01216v3-Figure1-1.png": ["Caption: Figure 1: Performance of various task-oriented dialog systems on the CamRest dataset as the percentage of unseen information in the KB changes.. Is the input image and caption helpful to answer the following question. Answer in one word - Yes or No. Question: Which task-oriented dialog system performs the best when the percentage of unseen information in the KB is high?. 20%", "Caption: Figure 1: Performance of various task-oriented dialog systems on the CamRest dataset as the percentage of unseen information in the KB changes.. Please provide a brief answer to the following question after looking into the input image and caption. Question: Which task-oriented dialog system performs the best when the percentage of unseen information in the KB is high?. Bidirectional Encoder Representations from Tensors (BERT)"]}, "referred_figures_names": ["1805.01216v3-Figure1-1.png"], "answer": "BoSsNet"}, "1": {"question": "Why did Seq2Seq and Mem2Seq models perform poorly when the percentage of unseen entities in the knowledge base (KB) increased?", "response": {"1805.01216v3-Table4-1.png": ["Caption: Table 4: Example from bAbI Task 5 KA test set with 100% OOV entities. Identifying the address of an unseen restaurant is challenging for all models.. Is the input image and caption helpful to answer the following question. Answer in one word - Yes or No. Question: Why did Seq2Seq and Mem2Seq models perform poorly when the percentage of unseen entities in the knowledge base (KB) increased?. 37869-BABI_Task\\_5a", "Caption: Table 4: Example from bAbI Task 5 KA test set with 100% OOV entities. Identifying the address of an unseen restaurant is challenging for all models.. Please provide a brief answer to the following question after looking into the input image and caption. Question: Why did Seq2Seq and Mem2Seq models perform poorly when the percentage of unseen entities in the knowledge base (KB) increased?. The models were not able to generalize well to the new entities."]}, "referred_figures_names": ["1805.01216v3-Table4-1.png"], "answer": "Seq2Seq and Mem2Seq models performed poorly because they struggled to capture the semantic representations of unseen entities. This means they couldn't understand the meaning and relationships of new restaurants introduced in the KB. As a result, they were unable to accurately identify the correct restaurant and provide its address when faced with unseen entities."}, "2": {"question": "Which model achieved the highest combined score for informativeness and grammatical correctness on the CamRest dataset?", "response": {"1805.01216v3-Table3-1.png": ["Caption: Table 3: AMT Evaluations on CamRest and SMD. Is the input image and caption helpful to answer the following question. Answer in one word - Yes or No. Question: Which model achieved the highest combined score for informativeness and grammatical correctness on the CamRest dataset?. 2016-Sep-14_AMT_Evals_Camrest_and\\_Smd", "Caption: Table 3: AMT Evaluations on CamRest and SMD. Please provide a brief answer to the following question after looking into the input image and caption. Question: Which model achieved the highest combined score for informativeness and grammatical correctness on the CamRest dataset?. Sequence-to-Sequence (S2S)"]}, "referred_figures_names": ["1805.01216v3-Table3-1.png"], "answer": "The BOSSNET model achieved the highest combined score for informativeness and grammatical correctness on the CamRest dataset."}, "3": {"question": "Can you explain why the BOSSNET with multi-hop encoder performs better on bAbI tasks 3 and 5 compared to the 1-hop encoder, and how this relates to the tasks themselves?", "response": {"1805.01216v3-Table14-1.png": ["Caption: Table 14: Ablation study: impact of hops in BOSSNET encoder. Is the input image and caption helpful to answer the following question. Answer in one word - Yes or No. Question: Can you explain why the BOSSNET with multi-hop encoder performs better on bAbI tasks 3 and 5 compared to the 1-hop encoder, and how this relates to the tasks themselves?. 2016/07 / 98% 1 hour ago", "Caption: Table 14: Ablation study: impact of hops in BOSSNET encoder. Please provide a brief answer to the following question after looking into the input image and caption. Question: Can you explain why the BOSSNET with multi-hop encoder performs better on bAbI tasks 3 and 5 compared to the 1-hop encoder, and how this relates to the tasks themselves?. Yes"]}, "referred_figures_names": ["1805.01216v3-Table14-1.png"], "answer": "The multi-hop encoder performs better on bAbI tasks 3 and 5 because these tasks specifically require inferencing over multiple KB tuples. In other words, the model needs to \"hop\" between different pieces of information in the knowledge base to make the correct inferences and recommendations.\n\nTask 3 involves sorting restaurants by rating, and task 5 requires recommending a restaurant based on user preferences. Both tasks necessitate the model to consider various restaurant attributes and their relationships, which the multi-hop encoder facilitates by capturing longer-range dependencies within the knowledge base."}, "4": {"question": "How does the encoder understand the last user utterance?", "response": {"1805.01216v3-Figure2-1.png": ["Caption: Figure 2: The dialog history and KB tuples stored in the memory have memory cell representations and token representations. The encoder understands the last user utterance using only the memory cell representations. The decoder generates the next response using both representations.. Is the input image and caption helpful to answer the following question. Answer in one word - Yes or No. Question: How does the encoder understand the last user utterance?. 108957643", "Caption: Figure 2: The dialog history and KB tuples stored in the memory have memory cell representations and token representations. The encoder understands the last user utterance using only the memory cell representations. The decoder generates the next response using both representations.. Please provide a brief answer to the following question after looking into the input image and caption. Question: How does the encoder understand the last user utterance?. It uses only the memory cell representations."]}, "referred_figures_names": ["1805.01216v3-Figure2-1.png"], "answer": "The encoder understands the last user utterance by using the memory cell representations of the dialog history and KB tuples."}, "5": {"question": "Which model performs best on tasks T3 and T3-OOV in terms of per-dialog accuracy, and how does its performance differ between the two test sets?", "response": {"1805.01216v3-Table1-1.png": ["Caption: Table 1: Per-response and per-dialog accuracies (in brackets) on bAbI dialog tasks of BOSSNET and baselines .. Is the input image and caption helpful to answer the following question. Answer in one word - Yes or No. Question: Which model performs best on tasks T3 and T3-OOV in terms of per-dialog accuracy, and how does its performance differ between the two test sets?. 2018 BERT models are better than all other methods at both task types for this dataset with a significant margin over second place method\nYes", "Caption: Table 1: Per-response and per-dialog accuracies (in brackets) on bAbI dialog tasks of BOSSNET and baselines .. Please provide a brief answer to the following question after looking into the input image and caption. Question: Which model performs best on tasks T3 and T3-OOV in terms of per-dialog accuracy, and how does its performance differ between the two test sets?. BOSSNET"]}, "referred_figures_names": ["1805.01216v3-Table1-1.png"], "answer": "The proposed system model (BOSSNET) performs best on both tasks T3 and T3-OOV in terms of per-dialog accuracy. However, its performance is significantly higher on the T3-OOV test set (95.7%) compared to the non-OOV T3 test set (95.2%)."}, "6": {"question": "Why might the authors claim that although BOSSNET achieves a lower BLEU score than Mem2Seq on the SMD dataset, it still performs better in conveying necessary entity information?", "response": {"1805.01216v3-Table2-1.png": ["Caption: Table 2: Performance of BOSSNET and baselines on the CamRest and SMD datasets. Is the input image and caption helpful to answer the following question. Answer in one word - Yes or No. Question: Why might the authors claim that although BOSSNET achieves a lower BLEU score than Mem2Seq on the SMD dataset, it still performs better in conveying necessary entity information?. 108697534-Bossnet_Performance_on\\_Smddataset", "Caption: Table 2: Performance of BOSSNET and baselines on the CamRest and SMD datasets. Please provide a brief answer to the following question after looking into the input image and caption. Question: Why might the authors claim that although BOSSNET achieves a lower BLEU score than Mem2Seq on the SMD dataset, it still performs better in conveying necessary entity information?. Because it is more efficient in terms of time and memory usage"]}, "referred_figures_names": ["1805.01216v3-Table2-1.png"], "answer": "While BOSSNET has a lower BLEU score than Mem2Seq on SMD, it achieves the highest Entity F1 score on that dataset. This suggests that BOSSNET is better at capturing and including the relevant entities in its responses, even though it may not have as much lexical overlap with the gold responses as Mem2Seq."}, "7": {"question": "Which model performs the best in terms of Entity F1 score when the percentage of unseen entities in the response is low?", "response": {"1805.01216v3-Figure5-1.png": ["Caption: CamRest: Entity F1 comparison on KA sets Figure 6: SMD: Entity F1 comparison on KA sets. Is the input image and caption helpful to answer the following question. Answer in one word - Yes or No. Question: Which model performs the best in terms of Entity F1 score when the percentage of unseen entities in the response is low?. 20% Unseen Entities Model\nYes, it does perform better than other models with a lower number percentages for seen/unseens entity ratio (SUR) as shown by figure six above which has an average performance improvement over all", "Caption: CamRest: Entity F1 comparison on KA sets Figure 6: SMD: Entity F1 comparison on KA sets. Please provide a brief answer to the following question after looking into the input image and caption. Question: Which model performs the best in terms of Entity F1 score when the percentage of unseen entities in the response is low?. Model A"]}, "referred_figures_names": ["1805.01216v3-Figure5-1.png"], "answer": "BoSsNet"}, "8": {"question": " \n\nWhat is the difference between the original and pre-processed SMD Navigate data? ", "response": {"1805.01216v3-Figure9-1.png": ["Caption: Figure 9: Pre-processing of SMD Navigate data used in Mem2Seq paper. Is the input image and caption helpful to answer the following question. Answer in one word - Yes or No. Question:  \n\nWhat is the difference between the original and pre-processed SMD Navigate data? . 10%", "Caption: Figure 9: Pre-processing of SMD Navigate data used in Mem2Seq paper. Please provide a brief answer to the following question after looking into the input image and caption. Question:  \n\nWhat is the difference between the original and pre-processed SMD Navigate data? ."]}, "referred_figures_names": ["1805.01216v3-Figure9-1.png"], "answer": " \n\nThe pre-processed SMD Navigate data combines all the properties (such as distance, address) of a point of interest (POI) into a single subject with the object being \"poi\". The original data had separate entries for each property. "}, "9": {"question": "Which model performs best when the percentage of unseen entities in the response is low?", "response": {"1805.01216v3-Figure3-1.png": ["Caption: bAbI Task 1: Per-response accuracy comparison on KA sets. Is the input image and caption helpful to answer the following question. Answer in one word - Yes or No. Question: Which model performs best when the percentage of unseen entities in the response is low?. 20%", "Caption: bAbI Task 1: Per-response accuracy comparison on KA sets. Please provide a brief answer to the following question after looking into the input image and caption. Question: Which model performs best when the percentage of unseen entities in the response is low?. Random Forest"]}, "referred_figures_names": ["1805.01216v3-Figure3-1.png"], "answer": "BoSsNet"}, "10": {"question": "Which task required the highest learning rate and how does this compare to the learning rate used for CamRest?", "response": {"1805.01216v3-Table9-1.png": ["Caption: Table 9: The hyperparameters used to train BOSSNET on the different datasets .. Is the input image and caption helpful to answer the following question. Answer in one word - Yes or No. Question: Which task required the highest learning rate and how does this compare to the learning rate used for CamRest?. 1024x768 35% 0.0005 TS-CDT 10m 0.0005", "Caption: Table 9: The hyperparameters used to train BOSSNET on the different datasets .. Please provide a brief answer to the following question after looking into the input image and caption. Question: Which task required the highest learning rate and how does this compare to the learning rate used for CamRest?."]}, "referred_figures_names": ["1805.01216v3-Table9-1.png"], "answer": "Task T1 and T2 required the highest learning rate of 0.001. This is twice the learning rate used for CamRest, which was trained with a learning rate of 0.0005."}, "11": {"question": "What is the difference between the attention weights in the two-level attention model and the one-level attention model?", "response": {"1805.01216v3-Figure7-1.png": ["Caption: Figure 7: Visualization of attention weights on selected portions of memory in (a) BOSSNET with two-level attention vs (b) BOSSNET with one-level attention. Is the input image and caption helpful to answer the following question. Answer in one word - Yes or No. Question: What is the difference between the attention weights in the two-level attention model and the one-level attention model?. 2 level more complex than single layered models? no, it's less efficient because there are multiple layers that need processing time for each step instead just a simple linear process as seen by the one leveled attn model which has only one", "Caption: Figure 7: Visualization of attention weights on selected portions of memory in (a) BOSSNET with two-level attention vs (b) BOSSNET with one-level attention. Please provide a brief answer to the following question after looking into the input image and caption. Question: What is the difference between the attention weights in the two-level attention model and the one-level attention model?. The two-level attention model uses two levels of attention, while the one-level attention model uses only one level of attention"]}, "referred_figures_names": ["1805.01216v3-Figure7-1.png"], "answer": " The two-level attention model has higher attention weights on the relevant information in the memory, while the one-level attention model has more uniform attention weights."}}