{"0": {"question": "Which algorithm has the fastest runtime?", "response": {"1805.02349v2-Figure1-1.png": ["Caption: A comparison of algorithms for recovery of the permutation in the correlated Erdo\u0308s-Re\u0301nyi model, when (G0,G1, \u03c0) \u223c Dstruct(n, p;\u03b3).. Is the input image and caption helpful to answer the following question. Answer in one word - Yes or No. Question: Which algorithm has the fastest runtime?. \u03c1\\*", "Caption: A comparison of algorithms for recovery of the permutation in the correlated Erdo\u0308s-Re\u0301nyi model, when (G0,G1, \u03c0) \u223c Dstruct(n, p;\u03b3).. Please provide a brief answer to the following question after looking into the input image and caption. Question: Which algorithm has the fastest runtime?. (a) PageRank"]}, "referred_figures_names": ["1805.02349v2-Figure1-1.png"], "answer": "The algorithm proposed in this paper has the fastest runtime."}}