{"0": {"question": "How does the performance of ITN-V2 compare to other methods when both DDT and ST transformations are applied to the CIFAR-10 dataset?", "response": {"1805.06447v3-Table3-1.png": ["Caption: Table 3. Testing errors of classification results under different testing data transformations. ITN-V1 represents ITN with DDT transformation function and ITN-V2 represents ITN with DDT and ST transformation functions together.. Is the input image and caption helpful to answer the following question. Answer in one word - Yes or No. Question: How does the performance of ITN-V2 compare to other methods when both DDT and ST transformations are applied to the CIFAR-10 dataset?. 56% better than baseline method, but still worse compared to stateofart models using similar architecture (ResNet) on this task\nYes", "Caption: Table 3. Testing errors of classification results under different testing data transformations. ITN-V1 represents ITN with DDT transformation function and ITN-V2 represents ITN with DDT and ST transformation functions together.. Please provide a brief answer to the following question after looking into the input image and caption. Question: How does the performance of ITN-V2 compare to other methods when both DDT and ST transformations are applied to the CIFAR-10 dataset?. ITN-V2 outperforms all other methods by a significant margin."]}, "referred_figures_names": ["1805.06447v3-Table3-1.png"], "answer": "ITN-V2 achieves the lowest testing error (56.95%) among all methods listed when both DDT and ST transformations are applied to the CIFAR-10 dataset."}, "1": {"question": "Which method performs the best when trained with only 1% of the MNIST training data, and how much does data augmentation improve its performance in this scenario?", "response": {"1805.06447v3-Table2-1.png": ["Caption: Table 2. Testing errors of the classification results with limited training data, where 0.1% means the training data is randomly selected 0.1% of the MNIST training data while the testing data is the entire MNIST testing data.. Is the input image and caption helpful to answer the following question. Answer in one word - Yes or No. Question: Which method performs the best when trained with only 1% of the MNIST training data, and how much does data augmentation improve its performance in this scenario?. 56%. Data Augmentations Improve Performance by a Factor Of... 37 times more than Training With Only One Percentage (Percent) from Limited Dataset Size on CIFAR-10 dataset using ResNet architecture", "Caption: Table 2. Testing errors of the classification results with limited training data, where 0.1% means the training data is randomly selected 0.1% of the MNIST training data while the testing data is the entire MNIST testing data.. Please provide a brief answer to the following question after looking into the input image and caption. Question: Which method performs the best when trained with only 1% of the MNIST training data, and how much does data augmentation improve its performance in this scenario?. The method that performs the best when trained with only 1% of the MNIST training data is the Convolutional Neural Network (CNN)."]}, "referred_figures_names": ["1805.06447v3-Table2-1.png"], "answer": "When trained with only 1% of the MNIST training data, ITN (B-CNN) (w/ DA) performs the best with a testing error of 2.78%. Data augmentation further improves its performance by 0.4%, bringing the testing error down to 2.78% from 3.18% achieved by ITN (B-CNN) without data augmentation."}, "2": {"question": "How does the ITN framework generate pseudo-negative samples?", "response": {"1805.06447v3-Figure1-1.png": ["Caption: Figure 1. Illustration of the intuition of our ITN framework. ITN enhances the discriminator by generating additional pseudo-negative samples in the training step.. Is the input image and caption helpful to answer the following question. Answer in one word - Yes or No. Question: How does the ITN framework generate pseudo-negative samples?. 2017", "Caption: Figure 1. Illustration of the intuition of our ITN framework. ITN enhances the discriminator by generating additional pseudo-negative samples in the training step.. Please provide a brief answer to the following question after looking into the input image and caption. Question: How does the ITN framework generate pseudo-negative samples?. By enhancing the discriminator"]}, "referred_figures_names": ["1805.06447v3-Figure1-1.png"], "answer": "The ITN framework generates pseudo-negative samples by applying learned transformations to positive samples."}, "3": {"question": "Which method performs best on the CIFAR-10 dataset?", "response": {"1805.06447v3-Table5-1.png": ["Caption: Testing errors on SVHN and CIFAR-10.. Is the input image and caption helpful to answer the following question. Answer in one word - Yes or No. Question: Which method performs best on the CIFAR-10 dataset?. 256x348 resnets with dcgan layers are better than other methods for this task at a high level of accuracy (97% vs ~8%) but not by much over random guessing, which is still quite good", "Caption: Testing errors on SVHN and CIFAR-10.. Please provide a brief answer to the following question after looking into the input image and caption. Question: Which method performs best on the CIFAR-10 dataset?. ResNet 110"]}, "referred_figures_names": ["1805.06447v3-Table5-1.png"], "answer": "ITN (ResNet-32) with data augmentation performs best on the CIFAR-10 dataset with a testing error of 5.82%."}, "4": {"question": "Which method achieved the lowest testing error on the miniImageNet dataset?", "response": {"1805.06447v3-Table6-1.png": ["Caption: Testing errors on the miniImageNet dataset.. Is the input image and caption helpful to answer the following question. Answer in one word - Yes or No. Question: Which method achieved the lowest testing error on the miniImageNet dataset?. 10% of images were used for training, while another set was reserved as a testset (56%). The remaining data is not shown here because it's too large; however we can estimate that about half percentages are missing from this", "Caption: Testing errors on the miniImageNet dataset.. Please provide a brief answer to the following question after looking into the input image and caption. Question: Which method achieved the lowest testing error on the miniImageNet dataset?. ResNet234"]}, "referred_figures_names": ["1805.06447v3-Table6-1.png"], "answer": "ITTN (ResNet-32) (w/ DA) achieved the lowest testing error on the miniImageNet dataset with an error rate of 29.65%."}, "5": {"question": "Which generative model generates more accurate and realistic samples on the MNIST dataset, AC-GATN or ITN?", "response": {"1805.06447v3-Figure4-1.png": ["Caption: Figure 4. Samples generated by AC-GATN (B-CNN) and ITN (BCNN) on MNIST.. Is the input image and caption helpful to answer the following question. Answer in one word - Yes or No. Question: Which generative model generates more accurate and realistic samples on the MNIST dataset, AC-GATN or ITN?. 102378956", "Caption: Figure 4. Samples generated by AC-GATN (B-CNN) and ITN (BCNN) on MNIST.. Please provide a brief answer to the following question after looking into the input image and caption. Question: Which generative model generates more accurate and realistic samples on the MNIST dataset, AC-GATN or ITN?. AC-GATN"]}, "referred_figures_names": ["1805.06447v3-Figure4-1.png"], "answer": "ITN generates more accurate and realistic samples on the MNIST dataset compared to AC-GATN."}, "6": {"question": "How does the quality of the generated samples change as the update threshold increases?", "response": {"1805.06447v3-Figure5-1.png": ["Caption: Figure 5. Samples generated by ITN with different thresholds Tu. The number below each sample represents the threshold.. Is the input image and caption helpful to answer the following question. Answer in one word - Yes or No. Question: How does the quality of the generated samples change as the update threshold increases?. 10% more likely than not, it will be better\nYes", "Caption: Figure 5. Samples generated by ITN with different thresholds Tu. The number below each sample represents the threshold.. Please provide a brief answer to the following question after looking into the input image and caption. Question: How does the quality of the generated samples change as the update threshold increases?. Quality decreases"]}, "referred_figures_names": ["1805.06447v3-Figure5-1.png"], "answer": "The quality of the generated samples decreases as the update threshold increases."}, "7": {"question": "Describe the relationship between the update threshold (Tu) and the performance of ITN (B-CNN) on the MNIST dataset.", "response": {"1805.06447v3-Table7-1.png": ["Caption: Table 7. Testing errors of ITN (B-CNN) with various thresholds on MNIST.. Is the input image and caption helpful to answer the following question. Answer in one word - Yes or No. Question: Describe the relationship between the update threshold (Tu) and the performance of ITN (B-CNN) on the MNIST dataset.. 10% no\nYes", "Caption: Table 7. Testing errors of ITN (B-CNN) with various thresholds on MNIST.. Please provide a brief answer to the following question after looking into the input image and caption. Question: Describe the relationship between the update threshold (Tu) and the performance of ITN (B-CNN) on the MNIST dataset.. there is an inverse relationship between the two"]}, "referred_figures_names": ["1805.06447v3-Table7-1.png"], "answer": "The performance of ITN (B-CNN) on the MNIST dataset decreases as the update threshold (Tu) increases. This is evident from the increasing ITN error percentages as Tu goes from 1e-3 to 1e-1."}, "8": {"question": "Which method has the lower testing error on the MNIST task?", "response": {"1805.06447v3-Table8-1.png": ["Caption: Testing errors of ITN and ITN-NG on MNIST, affNIST, and TMTA task, where ITN-NG is the version of ITN without generating pseudo-negative samples.. Is the input image and caption helpful to answer the following question. Answer in one word - Yes or No. Question: Which method has the lower testing error on the MNIST task?. 10% yes no unknown numbered questions are possible but not likely given context provided by author's statement that only two methods have been tested so far with a single digit percentage difference between them (the other being ITNS) which means it would", "Caption: Testing errors of ITN and ITN-NG on MNIST, affNIST, and TMTA task, where ITN-NG is the version of ITN without generating pseudo-negative samples.. Please provide a brief answer to the following question after looking into the input image and caption. Question: Which method has the lower testing error on the MNIST task?. ITN-NG"]}, "referred_figures_names": ["1805.06447v3-Table8-1.png"], "answer": "ITN"}, "9": {"question": "Which generative model generates more accurate and realistic samples on the MNIST dataset, AC-GATN or ITN?", "response": {"1805.06447v3-Figure3-1.png": ["Caption: Figure 3. Testing errors of AC-GATN (B-CNN) and ITN (B-CNN) on the MNIST dataset.. Is the input image and caption helpful to answer the following question. Answer in one word - Yes or No. Question: Which generative model generates more accurate and realistic samples on the MNIST dataset, AC-GATN or ITN?. 10% yes no both are good but it depends what you want from them which is better for your task at hand?", "Caption: Figure 3. Testing errors of AC-GATN (B-CNN) and ITN (B-CNN) on the MNIST dataset.. Please provide a brief answer to the following question after looking into the input image and caption. Question: Which generative model generates more accurate and realistic samples on the MNIST dataset, AC-GATN or ITN?. ITN"]}, "referred_figures_names": ["1805.06447v3-Figure3-1.png"], "answer": "ITN generates more accurate and realistic samples on the MNIST dataset compared to AC-GATN."}, "10": {"question": "Which method performs best on the TMTA task and how much does data augmentation contribute to its performance?", "response": {"1805.06447v3-Table1-1.png": ["Caption: Table 1. Testing errors of TMTA task.. Is the input image and caption helpful to answer the following question. Answer in one word - Yes or No. Question: Which method performs best on the TMTA task and how much does data augmentation contribute to its performance?. 20% error rate, no contribution from DA\nAnswer yes it is a good representation for this dataset with only two methods available at present time that can be used as baselines (TMTA) which are DCGANs-VGG\\_", "Caption: Table 1. Testing errors of TMTA task.. Please provide a brief answer to the following question after looking into the input image and caption. Question: Which method performs best on the TMTA task and how much does data augmentation contribute to its performance?. Data Augmentation"]}, "referred_figures_names": ["1805.06447v3-Table1-1.png"], "answer": "The ITN (B-CNN) method with data augmentation (DA) performs best on the TMTA task, achieving a testing error of 21.31%. Data augmentation contributes significantly to its performance, as the ITN (B-CNN) method without DA has a higher testing error of 31.67%."}}