{"0": {"question": "Which model has the lowest memory consumption and time cost on synthetic data?", "response": {"1805.00912v4-Figure1-1.png": ["Caption: (a) Memory consumption and (b) time cost vs. sequence length on synthetic data; (c) memory load (x-axis), inference time on dev set (y-axis) and test accuracy on the SNLI dataset.. Is the input image and caption helpful to answer the following question. Answer in one word - Yes or No. Question: Which model has the lowest memory consumption and time cost on synthetic data?. 1024 bits per pixel, 3 channels RGB images with a resolution of approximately $65\\times$89 pixels? no", "Caption: (a) Memory consumption and (b) time cost vs. sequence length on synthetic data; (c) memory load (x-axis), inference time on dev set (y-axis) and test accuracy on the SNLI dataset.. Please provide a brief answer to the following question after looking into the input image and caption. Question: Which model has the lowest memory consumption and time cost on synthetic data?. (c) memory load (x-axis), inference time on dev set (y-axis) and test accuracy on the SNLI dataset."]}, "referred_figures_names": ["1805.00912v4-Figure1-1.png"], "answer": "MTSA"}, "1": {"question": "Which model has the highest test accuracy on the SNLI dataset, and how does its training time per epoch compare to the MTSA model?", "response": {"1805.00912v4-Table1-1.png": ["Caption: Table 1: Experimental results for different methods with comparative parameter number on SNLI. |\u03b8|: the number of parameters (excluding word embedding part); Time/Epoch: averaged training time per epoch with batch size 128; Inf. Time: averaged dev inference time with batch size 128; Memory: memory load on synthetic data of sequence length 64 and batch size 64 with back-propagation considered; Train Acc. and Test Acc.: the accuracies on training/test sets. All state-of-the-art methods in leaderboard are listed in Table 1&2 up to Sep. 2018.. Is the input image and caption helpful to answer the following question. Answer in one word - Yes or No. Question: Which model has the highest test accuracy on the SNLI dataset, and how does its training time per epoch compare to the MTSA model?. 3579", "Caption: Table 1: Experimental results for different methods with comparative parameter number on SNLI. |\u03b8|: the number of parameters (excluding word embedding part); Time/Epoch: averaged training time per epoch with batch size 128; Inf. Time: averaged dev inference time with batch size 128; Memory: memory load on synthetic data of sequence length 64 and batch size 64 with back-propagation considered; Train Acc. and Test Acc.: the accuracies on training/test sets. All state-of-the-art methods in leaderboard are listed in Table 1&2 up to Sep. 2018.. Please provide a brief answer to the following question after looking into the input image and caption. Question: Which model has the highest test accuracy on the SNLI dataset, and how does its training time per epoch compare to the MTSA model?. The MTSA model has the highest test accuracy on the SNLI dataset, and its training time per epoch is significantly lower than the MTSA model."]}, "referred_figures_names": ["1805.00912v4-Table1-1.png"], "answer": "The model with the highest test accuracy is MTSA, with an accuracy of 86.3%. Its training time per epoch is 180s, which is faster than the training time of several other models with lower accuracy, such as Bi-LSTM (854s), Bi-GRU (850s), and DiSA (390s)."}, "2": {"question": "Which model performed best on the SNLI test set?", "response": {"1805.00912v4-Table2-1.png": ["Caption: Experimental results on sentence-encoding based SNLI and MultiNLI benchmark tasks. \u201cTransfer\u201d denotes pretrained language model on large corpus for transfer learning, which detailed by Radford et al. (2018). References: a(Nie and Bansal, 2017), b(Chen et al., 2018), c(Talman et al., 2018).. Is the input image and caption helpful to answer the following question. Answer in one word - Yes or No. Question: Which model performed best on the SNLI test set?. 3a", "Caption: Experimental results on sentence-encoding based SNLI and MultiNLI benchmark tasks. \u201cTransfer\u201d denotes pretrained language model on large corpus for transfer learning, which detailed by Radford et al. (2018). References: a(Nie and Bansal, 2017), b(Chen et al., 2018), c(Talman et al., 2018).. Please provide a brief answer to the following question after looking into the input image and caption. Question: Which model performed best on the SNLI test set?. Model A"]}, "referred_figures_names": ["1805.00912v4-Table2-1.png"], "answer": "The Transfer + MTSA model performed best on the SNLI test set with an accuracy of 86.9%."}, "3": {"question": "Based on the table, how does MTSA compare to the Bi-LSTM and Multi-CNN baselines in terms of performance and training time?", "response": {"1805.00912v4-Table4-1.png": ["Caption: Table 4: Experimental Results of SRL for single models on CoNLL-05 with gold predicates. \u2217Multi-head baseline is equivalent to the model in Tan et al. (2017). For fair comparisons, first, we use the hyper-parameters provided by Tan et al. (2017) instead of tuning them; second, all listed models are independent of external linguistics information, e.g., PoS, dependency parsing.. Is the input image and caption helpful to answer the following question. Answer in one word - Yes or No. Question: Based on the table, how does MTSA compare to the Bi-LSTM and Multi-CNN baselines in terms of performance and training time?. 36% better than both bi Lstm Baselined Model and multi Cnn Baselincd Model\nYes", "Caption: Table 4: Experimental Results of SRL for single models on CoNLL-05 with gold predicates. \u2217Multi-head baseline is equivalent to the model in Tan et al. (2017). For fair comparisons, first, we use the hyper-parameters provided by Tan et al. (2017) instead of tuning them; second, all listed models are independent of external linguistics information, e.g., PoS, dependency parsing.. Please provide a brief answer to the following question after looking into the input image and caption. Question: Based on the table, how does MTSA compare to the Bi-LSTM and Multi-CNN baselines in terms of performance and training time?. It outperforms the Bi-LSTM and Multi-CNN baselines in terms of performance and training time."]}, "referred_figures_names": ["1805.00912v4-Table4-1.png"], "answer": "MTSA outperforms both Bi-LSTM and Multi-CNN baselines across all evaluation metrics (P, R, F1, and Comp.) on all three test sets (Development, WSJ Test, and Brown Test). While MTSA achieves the highest scores, its training time is comparable to Multi-head and Multi-CNN, and significantly faster than Bi-LSTM."}, "4": {"question": "What is the purpose of the positional mask in the TSA mechanism?", "response": {"1805.00912v4-Figure2-1.png": ["Caption: Tensorized self-attention (TSA) Mechanism.. Is the input image and caption helpful to answer the following question. Answer in one word - Yes or No. Question: What is the purpose of the positional mask in the TSA mechanism?. 1024x768 resolutions", "Caption: Tensorized self-attention (TSA) Mechanism.. Please provide a brief answer to the following question after looking into the input image and caption. Question: What is the purpose of the positional mask in the TSA mechanism?. Positional mask"]}, "referred_figures_names": ["1805.00912v4-Figure2-1.png"], "answer": "The positional mask is used to provide information about the relative position of tokens in the input sequence. This information is used to compute the attention weights, which determine how much each token attends to each other token."}}