{"0": {"question": "What is the role of the GDU and HFLU modules in the FAKEDETECTOR framework?", "response": {"1805.08751v2-Figure5-1.png": ["Caption: The Architecture of Framework FAKEDETECTOR.. Is the input image and caption helpful to answer the following question. Answer in one word - Yes or No. Question: What is the role of the GDU and HFLU modules in the FAKEDETECTOR framework?. 1024x768", "Caption: The Architecture of Framework FAKEDETECTOR.. Please provide a brief answer to the following question after looking into the input image and caption. Question: What is the role of the GDU and HFLU modules in the FAKEDETECTOR framework?. Detection"]}, "referred_figures_names": ["1805.08751v2-Figure5-1.png"], "answer": "The GDU (Gated Dilated Unit) modules are responsible for extracting features from the input data, while the HFLU (Hybrid Feature Learning Unit) modules are responsible for fusing the features extracted by the GDU modules."}}