{"0": {"question": "Which method appears to be the safest for autonomous driving on straight lanes with different levels of outlier vehicles?", "response": {"1805.06431v4-Table7-1.png": ["Caption: Table 7: Collision rates of compared methods on straight lanes.. Is the input image and caption helpful to answer the following question. Answer in one word - Yes or No. Question: Which method appears to be the safest for autonomous driving on straight lanes with different levels of outlier vehicles?. 10%", "Caption: Table 7: Collision rates of compared methods on straight lanes.. Please provide a brief answer to the following question after looking into the input image and caption. Question: Which method appears to be the safest for autonomous driving on straight lanes with different levels of outlier vehicles?. LIDAR"]}, "referred_figures_names": ["1805.06431v4-Table7-1.png"], "answer": "ChoiceNet appears to be the safest method for autonomous driving on straight lanes, regardless of the percentage of outlier vehicles present."}, "1": {"question": "Which of the compared methods is most likely to be the safest?", "response": {"1805.06431v4-Figure8-1.png": ["Caption: Resulting trajectories of compared methods trained with mixed demonstrations. (best viewed in color).. Is the input image and caption helpful to answer the following question. Answer in one word - Yes or No. Question: Which of the compared methods is most likely to be the safest?. 1085927463_banner-image-for-safety-of-drives-involving-aerodynamic-interference\nYes, it'll probably result into a sa", "Caption: Resulting trajectories of compared methods trained with mixed demonstrations. (best viewed in color).. Please provide a brief answer to the following question after looking into the input image and caption. Question: Which of the compared methods is most likely to be the safest?. 1"]}, "referred_figures_names": ["1805.06431v4-Figure8-1.png"], "answer": "ChoiceNet"}, "2": {"question": "How does the ChoiceNet model perform on datasets with uniform corruptions?", "response": {"1805.06431v4-Figure4-1.png": ["Caption: Fitting results on datasets with (a) flipped function and (c) uniform corruptions. Resulting correlations of two components with (b) flipped function and (d) uniform corruptions.. Is the input image and caption helpful to answer the following question. Answer in one word - Yes or No. Question: How does the ChoiceNet model perform on datasets with uniform corruptions?. 10% loss performance drop from original dataset\nYes, it has a significant decrease at only about half that rate compared against its own baseline for all three models combined across both functions when using uniform noise as an adversary source but still outper", "Caption: Fitting results on datasets with (a) flipped function and (c) uniform corruptions. Resulting correlations of two components with (b) flipped function and (d) uniform corruptions.. Please provide a brief answer to the following question after looking into the input image and caption. Question: How does the ChoiceNet model perform on datasets with uniform corruptions?. (d) Uniform corruptions"]}, "referred_figures_names": ["1805.06431v4-Figure4-1.png"], "answer": "The ChoiceNet model performs poorly on datasets with uniform corruptions."}, "3": {"question": "Which method performs the best when there are a lot of outliers in the data?", "response": {"1805.06431v4-Figure7-1.png": ["Caption: Figure 7: Reference function and fitting results of compared methods on different outlier rates, 0%,20% 40%, 80%, and 90%).. Is the input image and caption helpful to answer the following question. Answer in one word - Yes or No. Question: Which method performs the best when there are a lot of outliers in the data?. 15 percent\nNo it is not possible for me as an individual with no knowledge about this topic whatsoever (and I am assuming that you have none either) can determine which algorithm would perform better than another based solely upon these images alone", "Caption: Figure 7: Reference function and fitting results of compared methods on different outlier rates, 0%,20% 40%, 80%, and 90%).. Please provide a brief answer to the following question after looking into the input image and caption. Question: Which method performs the best when there are a lot of outliers in the data?. Ridge Regression"]}, "referred_figures_names": ["1805.06431v4-Figure7-1.png"], "answer": "ChoiceNet."}, "4": {"question": "Which of the two approaches, density estimation or mixture of classifiers, is more robust to outliers?", "response": {"1805.06431v4-Figure1-1.png": ["Caption: A process of binary classification on corrupt data using the mixture of (a) densities and (b) classifiers through (4).. Is the input image and caption helpful to answer the following question. Answer in one word - Yes or No. Question: Which of the two approaches, density estimation or mixture of classifiers, is more robust to outliers?. 102397856-questionnaire", "Caption: A process of binary classification on corrupt data using the mixture of (a) densities and (b) classifiers through (4).. Please provide a brief answer to the following question after looking into the input image and caption. Question: Which of the two approaches, density estimation or mixture of classifiers, is more robust to outliers?. Density estimation"]}, "referred_figures_names": ["1805.06431v4-Figure1-1.png"], "answer": "Mixture of classifiers."}, "5": {"question": "How does the performance of the different models change as the corruption level increases? Which model appears to be the most robust to label corruption?", "response": {"1805.06431v4-Table12-1.png": ["Caption: Table 12: Test accuracies on the MNIST dataset with randomly permutated label.. Is the input image and caption helpful to answer the following question. Answer in one word - Yes or No. Question: How does the performance of the different models change as the corruption level increases? Which model appears to be the most robust to label corruption?. 75% Configuration Best\nYes, it is possible for a convolutional neural network (CNN) trained using only clean images from an uncorrupted database such that its accuracy drops significantly when tested against noisy versions of those same training examples", "Caption: Table 12: Test accuracies on the MNIST dataset with randomly permutated label.. Please provide a brief answer to the following question after looking into the input image and caption. Question: How does the performance of the different models change as the corruption level increases? Which model appears to be the most robust to label corruption?. Convolutional Neural Network"]}, "referred_figures_names": ["1805.06431v4-Table12-1.png"], "answer": "As the corruption level increases, the performance of all models decreases. However, ChoiceNet consistently outperforms both ConvNet and ConvNet+Mixup across all corruption levels, maintaining high accuracy even when almost half of the labels are incorrect. This suggests that ChoiceNet is significantly more robust to label corruption compared to the other models."}, "6": {"question": "Which method appears to be most robust to the presence of outliers in the training data?", "response": {"1805.06431v4-Table4-1.png": ["Caption: Table 4: The RMSEs of compared methods on synthetic toy examples. Is the input image and caption helpful to answer the following question. Answer in one word - Yes or No. Question: Which method appears to be most robust to the presence of outliers in the training data?. 102567893\nNo, it is not possible for me at this time due to a lacking information about your table structure as well as my own limitations with regards to understanding what you are trying convey through that picture (", "Caption: Table 4: The RMSEs of compared methods on synthetic toy examples. Please provide a brief answer to the following question after looking into the input image and caption. Question: Which method appears to be most robust to the presence of outliers in the training data?. Mean Squared Error (MSE)"]}, "referred_figures_names": ["1805.06431v4-Table4-1.png"], "answer": "ChoiceNet appears to be the most robust to outliers in the training data."}, "7": {"question": "Which method performs best when there is no label corruption (p = 0%) on the Large Movie Review dataset and how does its performance change as the corruption level increases?", "response": {"1805.06431v4-Table15-1.png": ["Caption: Table 15: Test accuracies on the Large Movie Review dataset with different corruption probabilities.. Is the input image and caption helpful to answer the following question. Answer in one word - Yes or No. Question: Which method performs best when there is no label corruption (p = 0%) on the Large Movie Review dataset and how does its performance change as the corruption level increases?. 24% MLP\nYes, it's a yes! The table shows that for p=0%, an accuracy of over ninety percent can be achieved using Multi-layer Perceptron models; however this number drops significantly if we", "Caption: Table 15: Test accuracies on the Large Movie Review dataset with different corruption probabilities.. Please provide a brief answer to the following question after looking into the input image and caption. Question: Which method performs best when there is no label corruption (p = 0%) on the Large Movie Review dataset and how does its performance change as the corruption level increases?. VGG16"]}, "referred_figures_names": ["1805.06431v4-Table15-1.png"], "answer": "When there is no label corruption (p = 0%), Mixup achieves the highest test accuracy of 79.77%. However, as the corruption level increases, Mixup's performance deteriorates more rapidly compared to other methods. ChoiceNet, on the other hand, demonstrates a more stable performance across different corruption levels, maintaining the highest accuracy when p is 10%, 20%, 30%, and 40%."}, "8": {"question": "How does the accuracy of the WideResNet model compare to the ChoiceNet model on the CIFAR-10 dataset with 50% random shuffle?", "response": {"1805.06431v4-Figure14-1.png": ["Caption: Learning curves of compared methods on CIFAR-10 experiments with different noise levels.. Is the input image and caption helpful to answer the following question. Answer in one word - Yes or No. Question: How does the accuracy of the WideResNet model compare to the ChoiceNet model on the CIFAR-10 dataset with 50% random shuffle?. 82 percentile for wide Resnet, while choice net is at about a hundredth that number (96)", "Caption: Learning curves of compared methods on CIFAR-10 experiments with different noise levels.. Please provide a brief answer to the following question after looking into the input image and caption. Question: How does the accuracy of the WideResNet model compare to the ChoiceNet model on the CIFAR-10 dataset with 50% random shuffle?."]}, "referred_figures_names": ["1805.06431v4-Figure14-1.png"], "answer": "The WideResNet model has higher accuracy than the ChoiceNet model on the CIFAR-10 dataset with 50% random shuffle."}, "9": {"question": "Which of the four methods has the best performance in terms of average error for the step function?", "response": {"1805.06431v4-Figure6-1.png": ["Caption: (a-c) Average fitting errors while varying the outlier rates and (e-f) fitting results of the compared methods with 60% outliers using cosexp, linear, and step functions.. Is the input image and caption helpful to answer the following question. Answer in one word - Yes or No. Question: Which of the four methods has the best performance in terms of average error for the step function?. 12345\nNo | Yes  9876 = C", "Caption: (a-c) Average fitting errors while varying the outlier rates and (e-f) fitting results of the compared methods with 60% outliers using cosexp, linear, and step functions.. Please provide a brief answer to the following question after looking into the input image and caption. Question: Which of the four methods has the best performance in terms of average error for the step function?. C"]}, "referred_figures_names": ["1805.06431v4-Figure6-1.png"], "answer": "The proposed method."}, "10": {"question": " How does the performance of ChoiceNet compare to other methods under different noise settings? Briefly explain the strengths and weaknesses of ChoiceNet.", "response": {"1805.06431v4-Table2-1.png": ["Caption: Table 2: Test accuracies on the CIFAR-10 dataset with by symmetric and asymmetric noises.. Is the input image and caption helpful to answer the following question. Answer in one word - Yes or No. Question:  How does the performance of ChoiceNet compare to other methods under different noise settings? Briefly explain the strengths and weaknesses of ChoiceNet.. 36% accuracy, but still better than some baselines (e g., ResNext) for standard + SNR =5 dB; 48 % at higher levels (+SNSR=7dBB); 9 times more parameters", "Caption: Table 2: Test accuracies on the CIFAR-10 dataset with by symmetric and asymmetric noises.. Please provide a brief answer to the following question after looking into the input image and caption. Question:  How does the performance of ChoiceNet compare to other methods under different noise settings? Briefly explain the strengths and weaknesses of ChoiceNet.. Weaknesses"]}, "referred_figures_names": ["1805.06431v4-Table2-1.png"], "answer": "ChoiceNet generally performs well compared to other methods, achieving the highest accuracy on both symmetric noise settings (sym-50% and sym-20%). However, it falls to second place under the Pair-45% asymmetric noise setting, indicating a weakness in handling this specific type of noise."}, "11": {"question": "Which method generally performed better in the HalfCheetah task, ChoiceNet or MDN? How does the performance gap between these two methods change as the percentage of outliers increases?", "response": {"1805.06431v4-Table6-1.png": ["Caption: Table 6: Average returns of compared methods on behavior cloning problems using MuJoCo. Is the input image and caption helpful to answer the following question. Answer in one word - Yes or No. Question: Which method generally performed better in the HalfCheetah task, ChoiceNet or MDN? How does the performance gap between these two methods change as the percentage of outliers increases?. 10%\nNo", "Caption: Table 6: Average returns of compared methods on behavior cloning problems using MuJoCo. Please provide a brief answer to the following question after looking into the input image and caption. Question: Which method generally performed better in the HalfCheetah task, ChoiceNet or MDN? How does the performance gap between these two methods change as the percentage of outliers increases?. ChoiceNet"]}, "referred_figures_names": ["1805.06431v4-Table6-1.png"], "answer": "ChoiceNet generally performed better than MDN in the HalfCheetah task. This is evident from the higher average returns of ChoiceNet across all outlier percentages (10%, 20%, and 30%).\n\nThe performance gap between ChoiceNet and MDN appears to decrease as the percentage of outliers increases. At 10% outliers, ChoiceNet has a significantly higher average return than MDN (2068.14 vs. 192.53). However, at 30% outliers, the difference in average return is smaller (2035.91 vs. 363.08)."}, "12": {"question": "How does the performance of ChoiceNet compare to other methods under different noise settings on the CIFAR-10 dataset? Briefly explain the strengths and weaknesses of ChoiceNet. ", "response": {"1805.06431v4-Table14-1.png": ["Caption: Table 14: Test accuracies on the CIFAR-10 dataset with by symmetric and asymmetric noises.. Is the input image and caption helpful to answer the following question. Answer in one word - Yes or No. Question: How does the performance of ChoiceNet compare to other methods under different noise settings on the CIFAR-10 dataset? Briefly explain the strengths and weaknesses of ChoiceNet. . 25%", "Caption: Table 14: Test accuracies on the CIFAR-10 dataset with by symmetric and asymmetric noises.. Please provide a brief answer to the following question after looking into the input image and caption. Question: How does the performance of ChoiceNet compare to other methods under different noise settings on the CIFAR-10 dataset? Briefly explain the strengths and weaknesses of ChoiceNet. ."]}, "referred_figures_names": ["1805.06431v4-Table14-1.png"], "answer": "ChoiceNet generally performs well compared to other methods, achieving the highest accuracy on both symmetric noise settings (sym-50% and sym-20%). However, it falls to second place under the Pair-45% asymmetric noise setting, indicating a weakness in handling this specific type of noise."}, "13": {"question": "Which method performs best at all noise levels?", "response": {"1805.06431v4-Figure13-1.png": ["Caption: Learning curves of compared methods on random permutation experiments using MNIST with different noise levels.. Is the input image and caption helpful to answer the following question. Answer in one word - Yes or No. Question: Which method performs best at all noise levels?. 10%", "Caption: Learning curves of compared methods on random permutation experiments using MNIST with different noise levels.. Please provide a brief answer to the following question after looking into the input image and caption. Question: Which method performs best at all noise levels?. Convolutional Neural Network"]}, "referred_figures_names": ["1805.06431v4-Figure13-1.png"], "answer": "ChoiceNet."}, "14": {"question": "What is the role of the Cholesky block in the ChoiceNet architecture?", "response": {"1805.06431v4-Figure3-1.png": ["Caption: Overall mechanism of ChoiceNet. It consists of K mixtures and each mixture outputs triplet (\u03c0k, \u00b5k,\u03a3k) via Algorithm 1. \u03c11 = 1 is reserved to model the target distribution.. Is the input image and caption helpful to answer the following question. Answer in one word - Yes or No. Question: What is the role of the Cholesky block in the ChoiceNet architecture?. 0", "Caption: Overall mechanism of ChoiceNet. It consists of K mixtures and each mixture outputs triplet (\u03c0k, \u00b5k,\u03a3k) via Algorithm 1. \u03c11 = 1 is reserved to model the target distribution.. Please provide a brief answer to the following question after looking into the input image and caption. Question: What is the role of the Cholesky block in the ChoiceNet architecture?. The role of the Cholesky block in the ChoiceNet architecture is to model the target distribution."]}, "referred_figures_names": ["1805.06431v4-Figure3-1.png"], "answer": "The Cholesky block is used to decompose the covariance matrix \u03a3k into a lower triangular matrix and its transpose. This decomposition is used to ensure that the covariance matrix is positive definite, which is a requirement for the Gaussian distribution."}, "15": {"question": "What is the purpose of the Cholesky Block in this figure?", "response": {"1805.06431v4-Figure2-1.png": ["Caption: Illustration of a Cholesky Block. Every block shares target weight matrix W\u2217 and auxiliary matrix Z, and outputs correlated weight matrix W\u0303k through CholeskyTransform (see (5)) to distinguish the abnormal pattern from normal one which will be learned by W\u2217.. Is the input image and caption helpful to answer the following question. Answer in one word - Yes or No. Question: What is the purpose of the Cholesky Block in this figure?. 1024x768", "Caption: Illustration of a Cholesky Block. Every block shares target weight matrix W\u2217 and auxiliary matrix Z, and outputs correlated weight matrix W\u0303k through CholeskyTransform (see (5)) to distinguish the abnormal pattern from normal one which will be learned by W\u2217.. Please provide a brief answer to the following question after looking into the input image and caption. Question: What is the purpose of the Cholesky Block in this figure?. Distinguish the abnormal pattern from normal one"]}, "referred_figures_names": ["1805.06431v4-Figure2-1.png"], "answer": "The Cholesky Block is used to distinguish abnormal patterns from normal patterns."}, "16": {"question": "Is it more beneficial to use ConvNet+CN with or without Mixup when the corruption probability is 80%? Explain your reasoning.", "response": {"1805.06431v4-Table13-1.png": ["Caption: Table 13: Test accuracies on the CIFAR-10 datasets with symmetric noises.. Is the input image and caption helpful to answer the following question. Answer in one word - Yes or No. Question: Is it more beneficial to use ConvNet+CN with or without Mixup when the corruption probability is 80%? Explain your reasoning.. 256497", "Caption: Table 13: Test accuracies on the CIFAR-10 datasets with symmetric noises.. Please provide a brief answer to the following question after looking into the input image and caption. Question: Is it more beneficial to use ConvNet+CN with or without Mixup when the corruption probability is 80%? Explain your reasoning.. Without Mixup"]}, "referred_figures_names": ["1805.06431v4-Table13-1.png"], "answer": "ConvNet+CN with Mixup achieves a higher accuracy (75.4%) than ConvNet+CN without Mixup (65.2%) when the corruption probability is 80%."}, "17": {"question": "How does the accuracy of the Mixup method change as the level of random shuffle increases?", "response": {"1805.06431v4-Figure12-1.png": ["Caption: Learning curves of compared methods on random shuffle experiments using MNIST with different noise levels.. Is the input image and caption helpful to answer the following question. Answer in one word - Yes or No. Question: How does the accuracy of the Mixup method change as the level of random shuffle increases?. 10%", "Caption: Learning curves of compared methods on random shuffle experiments using MNIST with different noise levels.. Please provide a brief answer to the following question after looking into the input image and caption. Question: How does the accuracy of the Mixup method change as the level of random shuffle increases?."]}, "referred_figures_names": ["1805.06431v4-Figure12-1.png"], "answer": "The accuracy of the Mixup method decreases as the level of random shuffle increases."}}