{"0": {"question": "Which steganography method achieves the best performance in terms of distortion for both cover and secret images when embedding 2 bits per channel?", "response": {"1805.08465v3-Table1-1.png": ["Caption: Table 1: Performance comparison of image steganography. In the experiment, we use SIR (dB) to quantify the distortion of both cover(C) and secret(S) images, where larger value of SIR indicates better performance. For each row, the SIR value will be highlighted if it outperforms other methods under a given parameter.. Is the input image and caption helpful to answer the following question. Answer in one word - Yes or No. Question: Which steganography method achieves the best performance in terms of distortion for both cover and secret images when embedding 2 bits per channel?. 30 dBDPIR\nYes", "Caption: Table 1: Performance comparison of image steganography. In the experiment, we use SIR (dB) to quantify the distortion of both cover(C) and secret(S) images, where larger value of SIR indicates better performance. For each row, the SIR value will be highlighted if it outperforms other methods under a given parameter.. Please provide a brief answer to the following question after looking into the input image and caption. Question: Which steganography method achieves the best performance in terms of distortion for both cover and secret images when embedding 2 bits per channel?. DWT"]}, "referred_figures_names": ["1805.08465v3-Table1-1.png"], "answer": "The proposed method achieves the best performance for both cover and secret images when embedding 2 bits per channel."}}