{"0": {"question": "How does increasing the training set size affect the performance of the lane marking and drivable area segmentation tasks?", "response": {"1805.04687v2-Table5-1.png": ["Caption: Table 5: Evaluation results of homogeneous multitask learning on lane marking and drivable area segmentation. We train lane marking, drivable area segmentation and the joint training of both on training splits with 10K, 20K, and the full 70K images.. Is the input image and caption helpful to answer the following question. Answer in one word - Yes or No. Question: How does increasing the training set size affect the performance of the lane marking and drivable area segmentation tasks?. 36894-training_set\\_size (Yes)", "Caption: Table 5: Evaluation results of homogeneous multitask learning on lane marking and drivable area segmentation. We train lane marking, drivable area segmentation and the joint training of both on training splits with 10K, 20K, and the full 70K images.. Please provide a brief answer to the following question after looking into the input image and caption. Question: How does increasing the training set size affect the performance of the lane marking and drivable area segmentation tasks?."]}, "referred_figures_names": ["1805.04687v2-Table5-1.png"], "answer": "Increasing the training set size generally leads to improved performance for both lane marking and drivable area segmentation tasks."}, "1": {"question": "How does joint training with the object detection set affect instance segmentation performance, and what is the likely reason for this effect?", "response": {"1805.04687v2-Table6-1.png": ["Caption: Table 6: Evaluation results for instance segmentation when joint training with the object detection set. Additional localization supervision can improve instance segmentation significantly.. Is the input image and caption helpful to answer the following question. Answer in one word - Yes or No. Question: How does joint training with the object detection set affect instance segmentation performance, and what is the likely reason for this effect?. 1024x793", "Caption: Table 6: Evaluation results for instance segmentation when joint training with the object detection set. Additional localization supervision can improve instance segmentation significantly.. Please provide a brief answer to the following question after looking into the input image and caption. Question: How does joint training with the object detection set affect instance segmentation performance, and what is the likely reason for this effect?. Joint training with the object detection set improves instance segmentation significantly."]}, "referred_figures_names": ["1805.04687v2-Table6-1.png"], "answer": "Joint training with the object detection set improves instance segmentation performance significantly. This is evidenced by the increase in AP, AP50, and AP75 metrics in Table 1 when comparing \"Inst-Seg\" and \"Inst-Seg + Det\" rows.\n\nThe passage explains that this improvement is likely due to the richer diversity of images and object examples in the detection set. This allows the instance segmentation model to learn better object appearance features and localization."}, "2": {"question": "Based on Table 1, which category of objects has the largest total number of annotations in the BDD100K MOT dataset, considering both bounding boxes and instance tracks? ", "response": {"1805.04687v2-Table11-1.png": ["Caption: Table 11: Annotations of the BDD100K MOT dataset by category.. Is the input image and caption helpful to answer the following question. Answer in one word - Yes or No. Question: Based on Table 1, which category of objects has the largest total number of annotations in the BDD100K MOT dataset, considering both bounding boxes and instance tracks? . 25649873\nTracks", "Caption: Table 11: Annotations of the BDD100K MOT dataset by category.. Please provide a brief answer to the following question after looking into the input image and caption. Question: Based on Table 1, which category of objects has the largest total number of annotations in the BDD100K MOT dataset, considering both bounding boxes and instance tracks? ."]}, "referred_figures_names": ["1805.04687v2-Table11-1.png"], "answer": "Cars have the largest total number of annotations."}, "3": {"question": "How does the segmentation model perform in areas with no lane markings?", "response": {"1805.04687v2-Figure11-1.png": ["Caption: Drivable area prediction by segmentation. The segmentation predicts the drivable area with lanes well, as shown in the top row. Also, we find that the segmentation model learns to interpolate in areas that has no lane markings.. Is the input image and caption helpful to answer the following question. Answer in one word - Yes or No. Question: How does the segmentation model perform in areas with no lane markings?. 1024x768 pixels\nYes | 359 views", "Caption: Drivable area prediction by segmentation. The segmentation predicts the drivable area with lanes well, as shown in the top row. Also, we find that the segmentation model learns to interpolate in areas that has no lane markings.. Please provide a brief answer to the following question after looking into the input image and caption. Question: How does the segmentation model perform in areas with no lane markings?. It learns to interpolate in areas that have no lane markings."]}, "referred_figures_names": ["1805.04687v2-Figure11-1.png"], "answer": "The segmentation model learns to interpolate in areas that have no lane markings."}, "4": {"question": "What is the most common type of scene in the dataset?", "response": {"1805.04687v2-Figure10-1.png": ["Caption: Distribution of images in weather, scene, and day hours categories.. Is the input image and caption helpful to answer the following question. Answer in one word - Yes or No. Question: What is the most common type of scene in the dataset?. 10%", "Caption: Distribution of images in weather, scene, and day hours categories.. Please provide a brief answer to the following question after looking into the input image and caption. Question: What is the most common type of scene in the dataset?. Weather"]}, "referred_figures_names": ["1805.04687v2-Figure10-1.png"], "answer": "City Street"}, "5": {"question": "What are the different types of annotations that are included in the dataset?", "response": {"1805.04687v2-Figure1-1.png": ["Caption: Overview of our dataset. Our dataset includes a diverse set of driving videos under various weather conditions, time, and scene types. The dataset also comes with a rich set of annotations: scene tagging, object bounding box, lane marking, drivable area, full-frame semantic and instance segmentation, multiple object tracking, and multiple object tracking with segmentation.. Is the input image and caption helpful to answer the following question. Answer in one word - Yes or No. Question: What are the different types of annotations that are included in the dataset?. 1970s car images yes | no", "Caption: Overview of our dataset. Our dataset includes a diverse set of driving videos under various weather conditions, time, and scene types. The dataset also comes with a rich set of annotations: scene tagging, object bounding box, lane marking, drivable area, full-frame semantic and instance segmentation, multiple object tracking, and multiple object tracking with segmentation.. Please provide a brief answer to the following question after looking into the input image and caption. Question: What are the different types of annotations that are included in the dataset?. Scene tagging, object bounding box, lane marking, drivable area, full-frame semantic and instance segmentation, multiple object tracking, and multiple object tracking with segmentation."]}, "referred_figures_names": ["1805.04687v2-Figure1-1.png"], "answer": "The dataset includes a rich set of annotations: scene tagging, object bounding box, lane marking, drivable area, full-frame semantic and instance segmentation, multiple object tracking, and multiple object tracking with segmentation."}, "6": {"question": "Explain why the model trained on both MOT and detection sets has a higher number of identity switches (IDS) compared to the model trained only on the MOT set, even though it achieves better performance in terms of AP, MOTA, and MOTP?", "response": {"1805.04687v2-Table7-1.png": ["Caption: Table 7: Evaluation results for multiple object tracking cascaded with object detection. AP is the detection metric. Even though the tracking set has much more boxes, the model can still benefit from the diverse instance examples in the detection set.. Is the input image and caption helpful to answer the following question. Answer in one word - Yes or No. Question: Explain why the model trained on both MOT and detection sets has a higher number of identity switches (IDS) compared to the model trained only on the MOT set, even though it achieves better performance in terms of AP, MOTA, and MOTP?. \u200b", "Caption: Table 7: Evaluation results for multiple object tracking cascaded with object detection. AP is the detection metric. Even though the tracking set has much more boxes, the model can still benefit from the diverse instance examples in the detection set.. Please provide a brief answer to the following question after looking into the input image and caption. Question: Explain why the model trained on both MOT and detection sets has a higher number of identity switches (IDS) compared to the model trained only on the MOT set, even though it achieves better performance in terms of AP, MOTA, and MOTP?. The model trained on both MOT and detection sets has a higher number of identity switches (IDS) compared to the model trained only on the MOT set, even though it achieves better performance in terms of AP, MOTA, and MOTP."]}, "referred_figures_names": ["1805.04687v2-Table7-1.png"], "answer": "While the model trained on both MOT and detection sets shows improved performance in detection and tracking metrics (AP, MOTA, MOTP), it also exhibits a higher number of identity switches (IDS). This can be attributed to the increased diversity of instances introduced by the detection set. Although the MOT set provides a larger number of bounding boxes for training, the detection set adds varied examples that may lead to more frequent identity switches during tracking, even as it improves the model's overall performance."}, "7": {"question": "Which domain discrepancy has a larger impact on object detection performance: city vs. non-city or daytime vs. nighttime?", "response": {"1805.04687v2-Table4-1.png": ["Caption: Table 4: Domain discrepancy experiments with object detection. We take the images from one domain and report testing results in AP on the same domain or the opposite domain. We can observe significant domain discrepancies, especially between daytime and nighttime.. Is the input image and caption helpful to answer the following question. Answer in one word - Yes or No. Question: Which domain discrepancy has a larger impact on object detection performance: city vs. non-city or daytime vs. nighttime?. 102397856_daynight", "Caption: Table 4: Domain discrepancy experiments with object detection. We take the images from one domain and report testing results in AP on the same domain or the opposite domain. We can observe significant domain discrepancies, especially between daytime and nighttime.. Please provide a brief answer to the following question after looking into the input image and caption. Question: Which domain discrepancy has a larger impact on object detection performance: city vs. non-city or daytime vs. nighttime?. City vs. non-city"]}, "referred_figures_names": ["1805.04687v2-Table4-1.png"], "answer": "Daytime vs. nighttime has a larger impact on object detection performance."}, "8": {"question": "Why does the proposed dataset have a lower number of persons per image compared to the Cityscapes dataset, even though it has a much higher total number of pedestrians?", "response": {"1805.04687v2-Table10-1.png": ["Caption: Table 10: Comparisons on number of pedestrians with other datasets. The statistics are based on the training set in each dataset.. Is the input image and caption helpful to answer the following question. Answer in one word - Yes or No. Question: Why does the proposed dataset have a lower number of persons per image compared to the Cityscapes dataset, even though it has a much higher total number of pedestrians?. 25% more people\nYes", "Caption: Table 10: Comparisons on number of pedestrians with other datasets. The statistics are based on the training set in each dataset.. Please provide a brief answer to the following question after looking into the input image and caption. Question: Why does the proposed dataset have a lower number of persons per image compared to the Cityscapes dataset, even though it has a much higher total number of pedestrians?. The proposed dataset has a lower number of persons per image compared to the Cityscapes dataset, even though it has a much higher total number of pedestrians."]}, "referred_figures_names": ["1805.04687v2-Table10-1.png"], "answer": "The proposed dataset contains non-city scenes like highways, which typically have fewer pedestrians per image compared to cityscapes."}, "9": {"question": "How does the performance of lane marking detection change with different thresholds (\u03c4) for direction, continuity, and category?", "response": {"1805.04687v2-Table14-1.png": ["Caption: Table 14: Full evaluation results of the individual lane marking task and the joint training of lane marking and the drivable area detection. We report the ODS-F scores with different thresholds \u03c4 = 1, 2, 10 pixels of direction, continuity as well as each category.. Is the input image and caption helpful to answer the following question. Answer in one word - Yes or No. Question: How does the performance of lane marking detection change with different thresholds (\u03c4) for direction, continuity, and category?. 368975 times yes", "Caption: Table 14: Full evaluation results of the individual lane marking task and the joint training of lane marking and the drivable area detection. We report the ODS-F scores with different thresholds \u03c4 = 1, 2, 10 pixels of direction, continuity as well as each category.. Please provide a brief answer to the following question after looking into the input image and caption. Question: How does the performance of lane marking detection change with different thresholds (\u03c4) for direction, continuity, and category?. Threshold \u03c4 = 1, threshold \u03c4 = 2, threshold \u03c4 = 10 pixels of direction, continuity as well as each category"]}, "referred_figures_names": ["1805.04687v2-Table14-1.png"], "answer": "As the threshold (\u03c4) increases, the ODS-F scores for direction, continuity, and category generally increase as well. This indicates that the model performs better in detecting lane markings with higher thresholds, meaning it can tolerate larger deviations from the ground truth annotations."}, "10": {"question": "Which weather condition has the highest classification accuracy?", "response": {"1805.04687v2-Figure4-1.png": ["Caption: Figure 4: Image tagging classification results using DLA-34.. Is the input image and caption helpful to answer the following question. Answer in one word - Yes or No. Question: Which weather condition has the highest classification accuracy?. 10% of images are labeled as sunny, while only a small percentage is rainy (2%) with snowy conditions at just over half that number (.5%). The correct option would be Sunshine\nYes it's true", "Caption: Figure 4: Image tagging classification results using DLA-34.. Please provide a brief answer to the following question after looking into the input image and caption. Question: Which weather condition has the highest classification accuracy?. Heavy rain"]}, "referred_figures_names": ["1805.04687v2-Figure4-1.png"], "answer": "Clear weather."}, "11": {"question": "Which type of object is the most common in the dataset?", "response": {"1805.04687v2-Figure14-1.png": ["Caption: Figure 14: Distribution of classes in semantic instance segmentation. It presents a long-tail effect with more than 10 cars and poles per image, but only tens of trains in the whole dataset.. Is the input image and caption helpful to answer the following question. Answer in one word - Yes or No. Question: Which type of object is the most common in the dataset?. 25% Cars\nYes", "Caption: Figure 14: Distribution of classes in semantic instance segmentation. It presents a long-tail effect with more than 10 cars and poles per image, but only tens of trains in the whole dataset.. Please provide a brief answer to the following question after looking into the input image and caption. Question: Which type of object is the most common in the dataset?. Train"]}, "referred_figures_names": ["1805.04687v2-Figure14-1.png"], "answer": "Cars are the most common object in the dataset."}, "12": {"question": "Based on the table, which approach achieved the highest mean IoU for semantic segmentation, and how did it perform compared to the baseline Sem-Seg model?", "response": {"1805.04687v2-Table8-1.png": ["Caption: Table 8: Evaluation results for semantic segmentation. We explore segmentation joint-training with different tasks. Detection can improve the overall accuracy of segmentation, although their output structures are different. However, although Lane and Drivable area improve the segmentation of road and sidewalk, the overall accuracy drops.. Is the input image and caption helpful to answer the following question. Answer in one word - Yes or No. Question: Based on the table, which approach achieved the highest mean IoU for semantic segmentation, and how did it perform compared to the baseline Sem-Seg model?. 192567340\nYes | The best performing method was a combination that used both lane detection (L) as well as driving direction prediction from LiDAR data using an LSTM network called \"LiDL\".", "Caption: Table 8: Evaluation results for semantic segmentation. We explore segmentation joint-training with different tasks. Detection can improve the overall accuracy of segmentation, although their output structures are different. However, although Lane and Drivable area improve the segmentation of road and sidewalk, the overall accuracy drops.. Please provide a brief answer to the following question after looking into the input image and caption. Question: Based on the table, which approach achieved the highest mean IoU for semantic segmentation, and how did it perform compared to the baseline Sem-Seg model?. Mean Intersection Over Union (IoU)"]}, "referred_figures_names": ["1805.04687v2-Table8-1.png"], "answer": "The **Sem-Seg + Det** approach achieved the highest mean IoU of 58.3, which is an improvement of 1.4 points compared to the baseline Sem-Seg model with a mean IoU of 56.9."}, "13": {"question": "Which training approach achieved the best balance between minimizing false negatives (FN) and false positives (FP) in object detection, while also maintaining a high MOTSA score?", "response": {"1805.04687v2-Table9-1.png": ["Caption: Table 9: MOTS evaluation results. Both instance segmentation AP and MOTS evaluation metrics are reported. Instance segmentation tracking is very hard to label, but we are able to use object detection, tracking, and instance segmentation to improve segmentation tracking accuracy significantly.. Is the input image and caption helpful to answer the following question. Answer in one word - Yes or No. Question: Which training approach achieved the best balance between minimizing false negatives (FN) and false positives (FP) in object detection, while also maintaining a high MOTSA score?. 1024x768", "Caption: Table 9: MOTS evaluation results. Both instance segmentation AP and MOTS evaluation metrics are reported. Instance segmentation tracking is very hard to label, but we are able to use object detection, tracking, and instance segmentation to improve segmentation tracking accuracy significantly.. Please provide a brief answer to the following question after looking into the input image and caption. Question: Which training approach achieved the best balance between minimizing false negatives (FN) and false positives (FP) in object detection, while also maintaining a high MOTSA score?. Motion-Aware Object Tracking with Segmentation (MOTS)"]}, "referred_figures_names": ["1805.04687v2-Table9-1.png"], "answer": "The training approach \"Det + T + I + S\" achieved the best balance between minimizing false negatives (FN) and false positives (FP) in object detection, while also maintaining a high MOTSA score."}, "14": {"question": "Which category of objects has the highest total number of annotations, and is there evidence that this category might be more challenging to annotate accurately?", "response": {"1805.04687v2-Table12-1.png": ["Caption: Table 12: Annotations of BDD100K MOTS by category.. Is the input image and caption helpful to answer the following question. Answer in one word - Yes or No. Question: Which category of objects has the highest total number of annotations, and is there evidence that this category might be more challenging to annotate accurately?. 36k\nYes", "Caption: Table 12: Annotations of BDD100K MOTS by category.. Please provide a brief answer to the following question after looking into the input image and caption. Question: Which category of objects has the highest total number of annotations, and is there evidence that this category might be more challenging to annotate accurately?. Yes"]}, "referred_figures_names": ["1805.04687v2-Table12-1.png"], "answer": "The category with the highest total number of annotations is \"Masks,\" with 129K annotations. There is evidence that this category might be more challenging to annotate accurately because it also has the highest number of annotations in the \"Occluded\" subcategory, indicating that a large portion of these objects are partially hidden in the images."}, "15": {"question": "What percentage of occlusions last for more than 10 frames?", "response": {"1805.04687v2-Figure8-1.png": ["Caption: Number of occlusions by track (left) and number of occluded frames for each occlusion (right). Our dataset covers complicated occlusion and reappearing patterns.. Is the input image and caption helpful to answer the following question. Answer in one word - Yes or No. Question: What percentage of occlusions last for more than 10 frames?. 5% percentile is a good estimate, but it's hard to say exactly what fractional values are correct without knowing how many total samples there were from your data set that you used as reference points herein this graphic? I don'", "Caption: Number of occlusions by track (left) and number of occluded frames for each occlusion (right). Our dataset covers complicated occlusion and reappearing patterns.. Please provide a brief answer to the following question after looking into the input image and caption. Question: What percentage of occlusions last for more than 10 frames?. 50"]}, "referred_figures_names": ["1805.04687v2-Figure8-1.png"], "answer": "Approximately 80%"}, "16": {"question": "Why are MOTS datasets like KITTI MOTS and MOTS Challenge smaller in size compared to VOS datasets like YouTube VOS, even though BDD100K MOTS has a comparable number of annotations?", "response": {"1805.04687v2-Table3-1.png": ["Caption: Table 3: Comparisons with other MOTS and VOS datasets.. Is the input image and caption helpful to answer the following question. Answer in one word - Yes or No. Question: Why are MOTS datasets like KITTI MOTS and MOTS Challenge smaller in size compared to VOS datasets like YouTube VOS, even though BDD100K MOTS has a comparable number of annotations?. 256 frames per video is not enough for real-time tracking?", "Caption: Table 3: Comparisons with other MOTS and VOS datasets.. Please provide a brief answer to the following question after looking into the input image and caption. Question: Why are MOTS datasets like KITTI MOTS and MOTS Challenge smaller in size compared to VOS datasets like YouTube VOS, even though BDD100K MOTS has a comparable number of annotations?. The reason is that MOTS datasets have a smaller number of objects than VOS datasets"]}, "referred_figures_names": ["1805.04687v2-Table3-1.png"], "answer": "MOTS datasets require denser annotations per frame because they involve both segmentation and tracking of multiple objects in crowded scenes. This results in smaller dataset sizes compared to VOS datasets, which typically focus on segmenting a single or fewer objects. "}, "17": {"question": "What are the three main geographical regions where the data for this study was collected?", "response": {"1805.04687v2-Figure2-1.png": ["Caption: Figure 2: Geographical distribution of our data sources. Each dot represents the starting location of every video clip. Our videos are from many cities and regions in the populous areas in the US.. Is the input image and caption helpful to answer the following question. Answer in one word - Yes or No. Question: What are the three main geographical regions where the data for this study was collected?. 10% West Coast, Midwest/Great Lakes region\n95% East coast (including New England) South Atlantic states area map showing all locations with at least a single sample point each is shown herein as well; it'", "Caption: Figure 2: Geographical distribution of our data sources. Each dot represents the starting location of every video clip. Our videos are from many cities and regions in the populous areas in the US.. Please provide a brief answer to the following question after looking into the input image and caption. Question: What are the three main geographical regions where the data for this study was collected?. West Coast, East Coast, Midwest"]}, "referred_figures_names": ["1805.04687v2-Figure2-1.png"], "answer": "New York, San Francisco Bay Area, and Berkeley."}, "18": {"question": "Which category of object is the least common in the dataset?", "response": {"1805.04687v2-Figure3-1.png": ["Caption: Instance statistics of our object categories. (a) Number of instances of each category, which follows a long-tail distribution. (b) Roughly half of the instances are occluded. (c) About 7% of the instances are truncated.. Is the input image and caption helpful to answer the following question. Answer in one word - Yes or No. Question: Which category of object is the least common in the dataset?. 10 percent\nNo | 25%.", "Caption: Instance statistics of our object categories. (a) Number of instances of each category, which follows a long-tail distribution. (b) Roughly half of the instances are occluded. (c) About 7% of the instances are truncated.. Please provide a brief answer to the following question after looking into the input image and caption. Question: Which category of object is the least common in the dataset?. (c) About 7% of the instances are truncated"]}, "referred_figures_names": ["1805.04687v2-Figure3-1.png"], "answer": "Train"}, "19": {"question": "How does the BDD100K dataset compare to the KITTI and MOT17 datasets in terms of size and complexity?", "response": {"1805.04687v2-Table2-1.png": ["Caption: Table 2: MOT datasets statistics of training and validation sets. Our dataset has more sequences, frames, identities as well as more box annotations.. Is the input image and caption helpful to answer the following question. Answer in one word - Yes or No. Question: How does the BDD100K dataset compare to the KITTI and MOT17 datasets in terms of size and complexity?. 368k frames with a total numbering over half million images\nYes", "Caption: Table 2: MOT datasets statistics of training and validation sets. Our dataset has more sequences, frames, identities as well as more box annotations.. Please provide a brief answer to the following question after looking into the input image and caption. Question: How does the BDD100K dataset compare to the KITTI and MOT17 datasets in terms of size and complexity?. The BDD100K dataset is much smaller than the KITTI and MOT17 datasets"]}, "referred_figures_names": ["1805.04687v2-Table2-1.png"], "answer": "The BDD100K dataset is significantly larger and more complex than both the KITTI and MOT17 datasets. It contains roughly 40 times more frames, 16 times more sequences, and 13 times more identities than KITTI. Compared to MOT17, BDD100K has about 10 times more frames, 80 times more sequences, and 8 times more identities. This increase in size and complexity makes BDD100K a more challenging and comprehensive benchmark for multiple object tracking algorithms. "}, "20": {"question": "Which dataset has the most lane marking annotations?", "response": {"1805.04687v2-Table1-1.png": ["Caption: Lane marking statistics. Our lane marking annotations are significantly richer and are more diverse.. Is the input image and caption helpful to answer the following question. Answer in one word - Yes or No. Question: Which dataset has the most lane marking annotations?. 1079856423 Road A", "Caption: Lane marking statistics. Our lane marking annotations are significantly richer and are more diverse.. Please provide a brief answer to the following question after looking into the input image and caption. Question: Which dataset has the most lane marking annotations?. Dataset 1"]}, "referred_figures_names": ["1805.04687v2-Table1-1.png"], "answer": "BDD100K"}}