{"0": {"question": "What is the relationship between position and click-through rate (CTR)?", "response": {"1809.03149v2-Figure9-1.png": ["Caption: The impact of different positions on CTR.. Is the input image and caption helpful to answer the following question. Answer in one word - Yes or No. Question: What is the relationship between position and click-through rate (CTR)?. 10% difference at a glance, but it's not that simple when you look closer into data from real users with their actual behavior patterns over time as they move through your site pages during various hours daylight savings days etc., then there", "Caption: The impact of different positions on CTR.. Please provide a brief answer to the following question after looking into the input image and caption. Question: What is the relationship between position and click-through rate (CTR)?. 100%"]}, "referred_figures_names": ["1809.03149v2-Figure9-1.png"], "answer": "The relationship between position and CTR is complex and non-linear. In general, CTR decreases as position increases, but there are also local peaks and valleys in the CTR curve. This suggests that there are other factors besides position that affect CTR."}, "1": {"question": "How does the advertising rate for the \"Fix\" curve compare to the \"Oracle\" curve at hour 14?", "response": {"1809.03149v2-Figure8-1.png": ["Caption: The changing curves of per-hour advertising rates with one day. Fix: The proportion of ads exposed on each request is fixed and set to 0.35; Oracle: After one day, we could figure out the best dynamical advertising rate available for each hour under conditions that satisfy the daily constraint: PVR = 0.35 through data analysis.. Is the input image and caption helpful to answer the following question. Answer in one word - Yes or No. Question: How does the advertising rate for the \"Fix\" curve compare to the \"Oracle\" curve at hour 14?. 27% less expensive than oracle's cost estimate by analyzing historical performance trends over time using a machine learning algorithm based approach\nYes", "Caption: The changing curves of per-hour advertising rates with one day. Fix: The proportion of ads exposed on each request is fixed and set to 0.35; Oracle: After one day, we could figure out the best dynamical advertising rate available for each hour under conditions that satisfy the daily constraint: PVR = 0.35 through data analysis.. Please provide a brief answer to the following question after looking into the input image and caption. Question: How does the advertising rate for the \"Fix\" curve compare to the \"Oracle\" curve at hour 14?. The advertising rate for the \"Fix\" curve is higher than the advertising rate for the \"Oracle\" curve at hour 14."]}, "referred_figures_names": ["1809.03149v2-Figure8-1.png"], "answer": "The advertising rate for the \"Fix\" curve is lower than the \"Oracle\" curve at hour 14."}, "2": {"question": "What is the role of the Higher Level Policy in the framework?", "response": {"1809.03149v2-Figure2-1.png": ["Caption: The Framework Structure.. Is the input image and caption helpful to answer the following question. Answer in one word - Yes or No. Question: What is the role of the Higher Level Policy in the framework?. 1024 bit key size, but not a prime number?", "Caption: The Framework Structure.. Please provide a brief answer to the following question after looking into the input image and caption. Question: What is the role of the Higher Level Policy in the framework?. Decision Maker"]}, "referred_figures_names": ["1809.03149v2-Figure2-1.png"], "answer": "The Higher Level Policy sets constraints for the next sub-trajectory and provides information about the previous stage to the Lower Level Policy."}, "3": {"question": "How does the advertising system select the best items to show to the user?", "response": {"1809.03149v2-Figure1-1.png": ["Caption: Advertising with Adaptive Exposure and Our System Structure.. Is the input image and caption helpful to answer the following question. Answer in one word - Yes or No. Question: How does the advertising system select the best items to show to the user?. 1024x768 pixels", "Caption: Advertising with Adaptive Exposure and Our System Structure.. Please provide a brief answer to the following question after looking into the input image and caption. Question: How does the advertising system select the best items to show to the user?. Adaptive Exposure"]}, "referred_figures_names": ["1809.03149v2-Figure1-1.png"], "answer": "The advertising system selects the best items to show to the user by first generating a candidate set of items from the recommender system. This candidate set is then shuffled and sorted by their score, which is determined by the network. The network takes into account the features of the items and the scoring factors, which are likely based on the user's past behavior and preferences."}, "4": {"question": "What is the effect of using CHER on the percentage of ads displayed for each user?", "response": {"1809.03149v2-Figure3-1.png": ["Caption: Learning Curves: DDPG with CHER Compared with DDPG without CHER.. Is the input image and caption helpful to answer the following question. Answer in one word - Yes or No. Question: What is the effect of using CHER on the percentage of ads displayed for each user?. 0% increase from baseline (15%)\nYes, it has a significant impact increasing by about +23%. The other two curves have little change between them at around zero percent difference when compared against their respective base lines which are both lower", "Caption: Learning Curves: DDPG with CHER Compared with DDPG without CHER.. Please provide a brief answer to the following question after looking into the input image and caption. Question: What is the effect of using CHER on the percentage of ads displayed for each user?."]}, "referred_figures_names": ["1809.03149v2-Figure3-1.png"], "answer": "The percentage of ads displayed for each user is higher when CHER is used."}}