{"0": {"question": "Which model performed best on average across all tasks?", "response": {"1809.02731v3-Table4-1.png": ["Caption: Comparison of the learnt representations in our system with the same dimensionality as pretrained word vectors on unsupervised evaluation tasks. The encoding function that is learnt to compose a sentence representation from pretrained word vectors outperforms averaging word vectors, which supports our argument that learning helps to produce higher-quality sentence representations.. Is the input image and caption helpful to answer the following question. Answer in one word - Yes or No. Question: Which model performed best on average across all tasks?. 1067985423\nYes", "Caption: Comparison of the learnt representations in our system with the same dimensionality as pretrained word vectors on unsupervised evaluation tasks. The encoding function that is learnt to compose a sentence representation from pretrained word vectors outperforms averaging word vectors, which supports our argument that learning helps to produce higher-quality sentence representations.. Please provide a brief answer to the following question after looking into the input image and caption. Question: Which model performed best on average across all tasks?. Pretrained word vectors"]}, "referred_figures_names": ["1809.02731v3-Table4-1.png"], "answer": "The Linear model performed best on average with a score of 70.0."}, "1": {"question": "Which corpus has more sentences, and by how much?", "response": {"1809.02731v3-Table1-1.png": ["Caption: Summary statistics of the two corpora used. For simplicity, the two corpora are referred to as B and U in the following tables respectively.. Is the input image and caption helpful to answer the following question. Answer in one word - Yes or No. Question: Which corpus has more sentences, and by how much?. 1746092583 words BookcorpB vs UmbcNewsUmbdcCorporaA", "Caption: Summary statistics of the two corpora used. For simplicity, the two corpora are referred to as B and U in the following tables respectively.. Please provide a brief answer to the following question after looking into the input image and caption. Question: Which corpus has more sentences, and by how much?. BookCorpus"]}, "referred_figures_names": ["1809.02731v3-Table1-1.png"], "answer": "The UMBC News corpus has more sentences, by approximately 60.5 million."}, "2": {"question": "Which model performs the best on the STS16 task with unsupervised training?", "response": {"1809.02731v3-Table3-1.png": ["Caption: Results on unsupervised evaluation tasks (Pearson\u2019s r \u00d7 100) . Bold numbers are the best results among unsupervised transfer models, and underlined numbers are the best ones among all models. \u2018WR\u2019 refers to. Is the input image and caption helpful to answer the following question. Answer in one word - Yes or No. Question: Which model performs the best on the STS16 task with unsupervised training?. 2538947-a", "Caption: Results on unsupervised evaluation tasks (Pearson\u2019s r \u00d7 100) . Bold numbers are the best results among unsupervised transfer models, and underlined numbers are the best ones among all models. \u2018WR\u2019 refers to. Please provide a brief answer to the following question after looking into the input image and caption. Question: Which model performs the best on the STS16 task with unsupervised training?. WR"]}, "referred_figures_names": ["1809.02731v3-Table3-1.png"], "answer": "The Bijective model performs the best on the STS16 task with unsupervised training."}}