{"0": {"question": "How does the average number of inter-word semantic connections per word change as the value of \u03ba increases?", "response": {"1809.03449v3-Table3-1.png": ["Caption: With \u03ba set to different values in the data enrichment method, we calculate the average number of inter-word semantic connections per word as an estimation of the amount of general knowledge, and evaluate the performance of KAR on the development set.. Is the input image and caption helpful to answer the following question. Answer in one word - Yes or No. Question: How does the average number of inter-word semantic connections per word change as the value of \u03ba increases?. 10% decrease for each increase by a factor two from k=256 upwards (i)e(k)=4\\*log\\_3/n where n is total words count at that level \\_of\\_kappa", "Caption: With \u03ba set to different values in the data enrichment method, we calculate the average number of inter-word semantic connections per word as an estimation of the amount of general knowledge, and evaluate the performance of KAR on the development set.. Please provide a brief answer to the following question after looking into the input image and caption. Question: How does the average number of inter-word semantic connections per word change as the value of \u03ba increases?. It decreases"]}, "referred_figures_names": ["1809.03449v3-Table3-1.png"], "answer": "The average number of inter-word semantic connections per word increases as the value of \u03ba increases."}, "1": {"question": "Which model performed the best on the AddOneSent dataset?", "response": {"1809.03449v3-Table2-1.png": ["Caption: Model comparison based on SQuAD 1.1 and two of its adversarial sets: AddSent and AddOneSent. All the numbers are up to date as of October 18, 2018. Note that SQuAD 2.0 (Rajpurkar et al., 2018) is not involved in this paper, because it requires MRC models to deal with the problem of answer triggering, but this paper is aimed at improving the hunger for data and robustness to noise of MRC models.. Is the input image and caption helpful to answer the following question. Answer in one word - Yes or No. Question: Which model performed the best on the AddOneSent dataset?. 3D Convolutional Neural Networks\nYes; The correct statement would be \"The three-dimensional convolution neural network outperformed all other methods.\" It was also noted by Rajpurker't team during their research project called Sentence", "Caption: Model comparison based on SQuAD 1.1 and two of its adversarial sets: AddSent and AddOneSent. All the numbers are up to date as of October 18, 2018. Note that SQuAD 2.0 (Rajpurkar et al., 2018) is not involved in this paper, because it requires MRC models to deal with the problem of answer triggering, but this paper is aimed at improving the hunger for data and robustness to noise of MRC models.. Please provide a brief answer to the following question after looking into the input image and caption. Question: Which model performed the best on the AddOneSent dataset?. The model that performed the best on the AddOneSent dataset is the one with the highest F1 score."]}, "referred_figures_names": ["1809.03449v3-Table2-1.png"], "answer": "KAR"}, "2": {"question": "What is the role of the Knowledge Aided Similarity Matrix in the KAR model?", "response": {"1809.03449v3-Figure1-1.png": ["Caption: An end-to-end MRC model: Knowledge Aided Reader (KAR). Is the input image and caption helpful to answer the following question. Answer in one word - Yes or No. Question: What is the role of the Knowledge Aided Similarity Matrix in the KAR model?. 1024x768", "Caption: An end-to-end MRC model: Knowledge Aided Reader (KAR). Please provide a brief answer to the following question after looking into the input image and caption. Question: What is the role of the Knowledge Aided Similarity Matrix in the KAR model?. Decision maker"]}, "referred_figures_names": ["1809.03449v3-Figure1-1.png"], "answer": "The Knowledge Aided Similarity Matrix is used to compute the similarity between the question and passage context embeddings. This similarity score is then used to weight the passage context embeddings, giving more weight to those parts of the passage that are most relevant to the question."}, "3": {"question": "How does the performance of KAR, SAN, and QANet (without data augmentation) change as the proportion of available training examples decreases?", "response": {"1809.03449v3-Figure4-1.png": ["Caption: With KAR, SAN, and QANet (without data augmentation) trained on the training subsets, we evaluate their performance on AddOneSent.. Is the input image and caption helpful to answer the following question. Answer in one word - Yes or No. Question: How does the performance of KAR, SAN, and QANet (without data augmentation) change as the proportion of available training examples decreases?. 10% decrease for all three models with no increase at a lower threshold than that which is required by DAGs without additional information from other sources such as images etc., but it increases again after this point due mainly because there are more samples present", "Caption: With KAR, SAN, and QANet (without data augmentation) trained on the training subsets, we evaluate their performance on AddOneSent.. Please provide a brief answer to the following question after looking into the input image and caption. Question: How does the performance of KAR, SAN, and QANet (without data augmentation) change as the proportion of available training examples decreases?. Decreases"]}, "referred_figures_names": ["1809.03449v3-Figure4-1.png"], "answer": "The performance of all three models decreases as the proportion of available training examples decreases."}, "4": {"question": "Which model performs the best when trained on 60% of the training data?", "response": {"1809.03449v3-Figure2-1.png": ["Caption: With KAR, SAN, and QANet (without data augmentation) trained on the training subsets, we evaluate their performance on the development set.. Is the input image and caption helpful to answer the following question. Answer in one word - Yes or No. Question: Which model performs the best when trained on 60% of the training data?. 128x759 with no Data Augmentaion?", "Caption: With KAR, SAN, and QANet (without data augmentation) trained on the training subsets, we evaluate their performance on the development set.. Please provide a brief answer to the following question after looking into the input image and caption. Question: Which model performs the best when trained on 60% of the training data?. QANet"]}, "referred_figures_names": ["1809.03449v3-Figure2-1.png"], "answer": "KAR"}, "5": {"question": "Which of the three models, KAR, SAN, or QANet (without data augmentation), performs the best on AddSent when trained on the full training set?", "response": {"1809.03449v3-Figure3-1.png": ["Caption: With KAR, SAN, and QANet (without data augmentation) trained on the training subsets, we evaluate their performance on AddSent.. Is the input image and caption helpful to answer the following question. Answer in one word - Yes or No. Question: Which of the three models, KAR, SAN, or QANet (without data augmentation), performs the best on AddSent when trained on the full training set?. 10% no", "Caption: With KAR, SAN, and QANet (without data augmentation) trained on the training subsets, we evaluate their performance on AddSent.. Please provide a brief answer to the following question after looking into the input image and caption. Question: Which of the three models, KAR, SAN, or QANet (without data augmentation), performs the best on AddSent when trained on the full training set?. QANet (without data augmentation)"]}, "referred_figures_names": ["1809.03449v3-Figure3-1.png"], "answer": "KAR"}}