{"0": {"question": "Why is the model discouraged even though the generated response (RSP) incorporates relevant content from the N-best response candidates (C#1 and C#2)?", "response": {"1809.04276v2-Table1-1.png": ["Caption: Table 1: An example of a message (MSG), a groundtruth response (GT), a generated response (RSP) and N-best response candidates (C#1 and C#2) during the training process. Similar contents in the response and candidates are in boldface.. Is the input image and caption helpful to answer the following question. Answer in one word - Yes or No. Question: Why is the model discouraged even though the generated response (RSP) incorporates relevant content from the N-best response candidates (C#1 and C#2)?. 07539846\nAnswer yes", "Caption: Table 1: An example of a message (MSG), a groundtruth response (GT), a generated response (RSP) and N-best response candidates (C#1 and C#2) during the training process. Similar contents in the response and candidates are in boldface.. Please provide a brief answer to the following question after looking into the input image and caption. Question: Why is the model discouraged even though the generated response (RSP) incorporates relevant content from the N-best response candidates (C#1 and C#2)?. Discouraged"]}, "referred_figures_names": ["1809.04276v2-Table1-1.png"], "answer": "The model is discouraged because it is trained using the Maximum Likelihood Estimation (MLE) objective, which prioritizes generating responses that are identical to the ground-truth (GT) response. Even though the RSP integrates relevant content from the candidates and seems appropriate in the context, it is penalized because it deviates from the exact wording of the GT."}, "1": {"question": "How does the performance of the discriminator in the proposed approach compare to the conventional discriminator in AL? What evidence suggests this difference in performance?", "response": {"1809.04276v2-Table4-1.png": ["Caption: Table 4: Classification accuracy of discriminators in AL and our approach.. Is the input image and caption helpful to answer the following question. Answer in one word - Yes or No. Question: How does the performance of the discriminator in the proposed approach compare to the conventional discriminator in AL? What evidence suggests this difference in performance?. 90% +/-5%. The table shows that there is a significant improvement over traditional methods, with an average classification rate increase from around ninety percent upwards towards nine hundred plus percentage points when using your method versus standard approaches like AI-", "Caption: Table 4: Classification accuracy of discriminators in AL and our approach.. Please provide a brief answer to the following question after looking into the input image and caption. Question: How does the performance of the discriminator in the proposed approach compare to the conventional discriminator in AL? What evidence suggests this difference in performance?. The table shows that the proposed approach outperforms the conventional discriminator in AL by achieving a classification accuracy of 99.97% compared to the conventional discriminator's 90.97%."]}, "referred_figures_names": ["1809.04276v2-Table4-1.png"], "answer": "The discriminator in the author's approach achieves higher accuracy (95.72%) compared to the conventional discriminator in AL (94.01%)."}, "2": {"question": "Can you explain the discrepancy between the number of messages and responses in each dataset?", "response": {"1809.04276v2-Table2-1.png": ["Caption: Table 2: Some statistics of the datasets.. Is the input image and caption helpful to answer the following question. Answer in one word - Yes or No. Question: Can you explain the discrepancy between the number of messages and responses in each dataset?. 109463587, training validation; 109463587 testing", "Caption: Table 2: Some statistics of the datasets.. Please provide a brief answer to the following question after looking into the input image and caption. Question: Can you explain the discrepancy between the number of messages and responses in each dataset?. Yes"]}, "referred_figures_names": ["1809.04276v2-Table2-1.png"], "answer": "Number of responses is significantly higher than number of messages in each dataset (training, validation, and test). This is because each message can have multiple responses associated with it. The passage mentions that users on Sina Weibo can post messages and also comment on other users' messages. These comments are considered as responses in the context of the table. Therefore, one message can have several responses, leading to a higher total number of responses compared to messages."}, "3": {"question": "How does the discriminator in the proposed REAT approach use the N-best response candidates?", "response": {"1809.04276v2-Figure1-1.png": ["Caption: Figure 1: An overview of our proposed approach. The discriminator is enhanced by the N-best response candidates returned by a retrieval-based method. The discriminator takes as input a response and outputs the probability that the response is human-generated. The output is then regarded as a reward to guide the generator.. Is the input image and caption helpful to answer the following question. Answer in one word - Yes or No. Question: How does the discriminator in the proposed REAT approach use the N-best response candidates?. 208697543, 1st Edition", "Caption: Figure 1: An overview of our proposed approach. The discriminator is enhanced by the N-best response candidates returned by a retrieval-based method. The discriminator takes as input a response and outputs the probability that the response is human-generated. The output is then regarded as a reward to guide the generator.. Please provide a brief answer to the following question after looking into the input image and caption. Question: How does the discriminator in the proposed REAT approach use the N-best response candidates?. The discriminator uses the N-best response candidates returned by a retrieval-based method"]}, "referred_figures_names": ["1809.04276v2-Figure1-1.png"], "answer": "The discriminator takes as input a response and the N-best response candidates, and outputs the probability that the response is human-generated."}}