{"0": {"question": "What is the value of the learning rate \u03b1 for the BAIR dataset?", "response": {"1809.00263v5-Table3-1.png": ["Caption: Hyper parameters for training on different datasets. Is the input image and caption helpful to answer the following question. Answer in one word - Yes or No. Question: What is the value of the learning rate \u03b1 for the BAIR dataset?. 0125496783\nNo, it's not a valid number! The correct values are (a) zero point nine eight seven five four two three six; no decimal places after that digit but before the next group", "Caption: Hyper parameters for training on different datasets. Please provide a brief answer to the following question after looking into the input image and caption. Question: What is the value of the learning rate \u03b1 for the BAIR dataset?. 0.001"]}, "referred_figures_names": ["1809.00263v5-Table3-1.png"], "answer": "0.0002"}, "1": {"question": "Which feature has the highest dimensionality in the first two dimensions?", "response": {"1809.00263v5-Table2-1.png": ["Caption: The dimensionalities of different features. Is the input image and caption helpful to answer the following question. Answer in one word - Yes or No. Question: Which feature has the highest dimensionality in the first two dimensions?. 10 cm x 5cm", "Caption: The dimensionalities of different features. Please provide a brief answer to the following question after looking into the input image and caption. Question: Which feature has the highest dimensionality in the first two dimensions?. Dimension 1"]}, "referred_figures_names": ["1809.00263v5-Table2-1.png"], "answer": "All features have the same dimensionality in the first two dimensions."}, "2": {"question": "What is the relationship between the length of the interval and the uncertainty in the generated frames?", "response": {"1809.00263v5-Figure2-1.png": ["Caption: Figure 2: The difference of the randomness between shortterm and long-term intervals: The camera in scenario 1 can capture every other frame and the camera in scenario 2 captures 1 frame for every 4 frames. The red and the green trajectories indicate two possible motions in each scenario.. Is the input image and caption helpful to answer the following question. Answer in one word - Yes or No. Question: What is the relationship between the length of the interval and the uncertainty in the generated frames?. 0,5% more uncertain with a longer time gap\nYes", "Caption: Figure 2: The difference of the randomness between shortterm and long-term intervals: The camera in scenario 1 can capture every other frame and the camera in scenario 2 captures 1 frame for every 4 frames. The red and the green trajectories indicate two possible motions in each scenario.. Please provide a brief answer to the following question after looking into the input image and caption. Question: What is the relationship between the length of the interval and the uncertainty in the generated frames?. Scenario 1 has less uncertainty than scenario 2"]}, "referred_figures_names": ["1809.00263v5-Figure2-1.png"], "answer": "The uncertainty in the generated frames increases with the length of the interval."}, "3": {"question": "Explain the likely reason why the \"SDVI loss term 1&3\" model performs worse than the full SDVI model in terms of PSNR and SSIM across all datasets.", "response": {"1809.00263v5-Table1-1.png": ["Caption: Table 1: Metrics averaging over all 7 intermediate frames. We report the scores of the best-sampled sequences for SDVI.. Is the input image and caption helpful to answer the following question. Answer in one word - Yes or No. Question: Explain the likely reason why the \"SDVI loss term 1&3\" model performs worse than the full SDVI model in terms of PSNR and SSIM across all datasets.. 2016/05/18 14:09:00.\"", "Caption: Table 1: Metrics averaging over all 7 intermediate frames. We report the scores of the best-sampled sequences for SDVI.. Please provide a brief answer to the following question after looking into the input image and caption. Question: Explain the likely reason why the \"SDVI loss term 1&3\" model performs worse than the full SDVI model in terms of PSNR and SSIM across all datasets.. The likely reason why the \"SDVI loss term 1&3\" model performs worse than the full SDVI model in terms of PSNR and SSIM across all datasets is due to the fact that it only considers two loss terms, while the full SDVI model considers three loss terms."]}, "referred_figures_names": ["1809.00263v5-Table1-1.png"], "answer": "The \"SDVI loss term 1&3\" model only uses the pixel reconstruction loss and the inclusive KL divergence loss, while the full SDVI model additionally incorporates the pixel prediction loss and the exclusive KL divergence loss. According to the passage, the exclusive KL divergence term encourages the inference distribution to be more accurate, while the pixel prediction loss further improves video quality during inference. Therefore, the absence of these terms in the \"SDVI loss term 1&3\" model likely explains its inferior performance compared to the full SDVI model."}, "4": {"question": "What is the difference between the Inference module and the Posterior module?", "response": {"1809.00263v5-Figure3-1.png": ["Caption: Training of SDVI: All Encoder (green) share the same weights. The blue and the yellow network are Extractor and Decoder. Reference module creates dynamic constraint h\u0302t at each step. At step t, Inference module takes Xt\u22121 and h\u0302t, while Posterior module takes Xt. Inference module and Posterior module will produce different zt and therefore different output frames X\u0303infr. Is the input image and caption helpful to answer the following question. Answer in one word - Yes or No. Question: What is the difference between the Inference module and the Posterior module?. 2048 bit\nYes", "Caption: Training of SDVI: All Encoder (green) share the same weights. The blue and the yellow network are Extractor and Decoder. Reference module creates dynamic constraint h\u0302t at each step. At step t, Inference module takes Xt\u22121 and h\u0302t, while Posterior module takes Xt. Inference module and Posterior module will produce different zt and therefore different output frames X\u0303infr. Please provide a brief answer to the following question after looking into the input image and caption. Question: What is the difference between the Inference module and the Posterior module?. The Inference module takes in the previous frame's output and the current frame's output, while the Posterior module takes in only the current frame's output."]}, "referred_figures_names": ["1809.00263v5-Figure3-1.png"], "answer": "The Inference module takes the previous frame (Xt-1) and the dynamic constraint (h\u0302t) as input, while the Posterior module takes the current frame (Xt) as input. This means that the Inference module is trying to predict the next frame based on the previous frame and the dynamic constraint, while the Posterior module is trying to reconstruct the current frame."}, "5": {"question": "Which method generates the best moving objects?", "response": {"1809.00263v5-Figure16-1.png": ["Caption: A more complicated UCF101 example: a real basketball video sequence involving multiple objects. Our method can model the dynamic correctly and generate better moving objects than SuperSloMo and SepConv.. Is the input image and caption helpful to answer the following question. Answer in one word - Yes or No. Question: Which method generates the best moving objects?. 256 frames per second super slo mo\nNo, it is not possible for any of these methods alone (Super Slow Mo) with only two cameras at different angles capturing images from both sides simultaneously without motion blur caused by camera", "Caption: A more complicated UCF101 example: a real basketball video sequence involving multiple objects. Our method can model the dynamic correctly and generate better moving objects than SuperSloMo and SepConv.. Please provide a brief answer to the following question after looking into the input image and caption. Question: Which method generates the best moving objects?. UCF101"]}, "referred_figures_names": ["1809.00263v5-Figure16-1.png"], "answer": "SDVI"}, "6": {"question": "What is the effect of the sliding tendency of SepConv on the generated images?", "response": {"1809.00263v5-Figure13-1.png": ["Caption: The sliding tendency of SepConv will cause motion errors and high LMS.. Is the input image and caption helpful to answer the following question. Answer in one word - Yes or No. Question: What is the effect of the sliding tendency of SepConv on the generated images?. 10% error rate\nYes, it has a significant impact with an average percentage increase from zero percent upwards by around ten times more than other methods such as U-Net which have only about two hundredths (2/5) level", "Caption: The sliding tendency of SepConv will cause motion errors and high LMS.. Please provide a brief answer to the following question after looking into the input image and caption. Question: What is the effect of the sliding tendency of SepConv on the generated images?. Motion errors"]}, "referred_figures_names": ["1809.00263v5-Figure13-1.png"], "answer": "The sliding tendency of SepConv will cause motion errors and high LMS."}, "7": {"question": "What is the role of the residual connections in the RBConvLSTM network?", "response": {"1809.00263v5-Figure4-1.png": ["Caption: Figure 4: A two layers RBConvLSTM: The initial cell states of the first layer are assigned as Cstart and Cend. hS and hT are taken as inputs. Combined with the residuals (red arrows), each layer\u2019s outputs (yellow arrows) would go through a convolution module and become the inputs (green arrows) to the next layer.. Is the input image and caption helpful to answer the following question. Answer in one word - Yes or No. Question: What is the role of the residual connections in the RBConvLSTM network?. 1098765321", "Caption: Figure 4: A two layers RBConvLSTM: The initial cell states of the first layer are assigned as Cstart and Cend. hS and hT are taken as inputs. Combined with the residuals (red arrows), each layer\u2019s outputs (yellow arrows) would go through a convolution module and become the inputs (green arrows) to the next layer.. Please provide a brief answer to the following question after looking into the input image and caption. Question: What is the role of the residual connections in the RBConvLSTM network?. Residual connections"]}, "referred_figures_names": ["1809.00263v5-Figure4-1.png"], "answer": "The residual connections add the output of the previous layer to the input of the next layer. This helps to improve the flow of information through the network and can help to prevent vanishing gradients."}, "8": {"question": "What is the relationship between the feature maps of $\\sigma$ and $\\mu$ and the sampled vector?", "response": {"1809.00263v5-Figure6-1.png": ["Caption: The sampled vector (in the middle) is applied on all locations.. Is the input image and caption helpful to answer the following question. Answer in one word - Yes or No. Question: What is the relationship between the feature maps of $\\sigma$ and $\\mu$ and the sampled vector?. 1024x576", "Caption: The sampled vector (in the middle) is applied on all locations.. Please provide a brief answer to the following question after looking into the input image and caption. Question: What is the relationship between the feature maps of $\\sigma$ and $\\mu$ and the sampled vector?. They are both applied on all locations"]}, "referred_figures_names": ["1809.00263v5-Figure6-1.png"], "answer": "The sampled vector is element-wise multiplied by the feature map of $\\sigma$ and added to the feature map of $\\mu$."}}