{"0": {"question": "Why is the optimal threshold chosen to be at the right margin of the region around the mode of the histogram?", "response": {"1809.03550v3-Figure3-1.png": ["Caption: Figure 3: A histogram of residuals. The histogram was truncated from the original 3\u00b7255 residuals to allow for some clarity of presentation. In green, there is the middle of the least-width interval representing half of the mass. In yellow, there are the end-points of the interval. In red, the \u201coptimal\u201d threshold we use.. Is the input image and caption helpful to answer the following question. Answer in one word - Yes or No. Question: Why is the optimal threshold chosen to be at the right margin of the region around the mode of the histogram?. \u200bYes!", "Caption: Figure 3: A histogram of residuals. The histogram was truncated from the original 3\u00b7255 residuals to allow for some clarity of presentation. In green, there is the middle of the least-width interval representing half of the mass. In yellow, there are the end-points of the interval. In red, the \u201coptimal\u201d threshold we use.. Please provide a brief answer to the following question after looking into the input image and caption. Question: Why is the optimal threshold chosen to be at the right margin of the region around the mode of the histogram?. The optimal threshold is chosen to be at the right margin of the region around the mode of the histogram."]}, "referred_figures_names": ["1809.03550v3-Figure3-1.png"], "answer": "The region around the mode of the histogram mostly contains noise. Therefore, the optimal threshold is chosen to be at the right margin of this region to avoid including too much noise in the thresholded image."}, "1": {"question": "Which method achieves the best overall F1 score across all categories? Is this method consistently the best across all individual categories?", "response": {"1809.03550v3-Table5-1.png": ["Caption: Table 5: Further results on http://changedetection.net.. Is the input image and caption helpful to answer the following question. Answer in one word - Yes or No. Question: Which method achieves the best overall F1 score across all categories? Is this method consistently the best across all individual categories?. 2016-03-17_results table 4", "Caption: Table 5: Further results on http://changedetection.net.. Please provide a brief answer to the following question after looking into the input image and caption. Question: Which method achieves the best overall F1 score across all categories? Is this method consistently the best across all individual categories?. Yes"]}, "referred_figures_names": ["1809.03550v3-Table5-1.png"], "answer": "According to the table, Algorithm 2 w/ Geman-McLure) achieves the best overall F1 score of 0.56514. However, this method is not consistently the best across all individual categories. For example, OMoGMF has a higher F1 score for the \"badWeather\" category."}, "2": {"question": "Which algorithm achieves the fastest processing time per frame and how much faster is it compared to the slowest algorithm listed?", "response": {"1809.03550v3-Table6-1.png": ["Caption: Table 6: Mean processing time per input frame (in seconds) on the \u201cbaseline/highway\u201d video-sequence from http://changedetection. net. Note, our implementation does not use any parallelisation at the moment. This was done on purpose to run on a machine serving multiple cameras simultaneously.. Is the input image and caption helpful to answer the following question. Answer in one word - Yes or No. Question: Which algorithm achieves the fastest processing time per frame and how much faster is it compared to the slowest algorithm listed?. 10%\nYes", "Caption: Table 6: Mean processing time per input frame (in seconds) on the \u201cbaseline/highway\u201d video-sequence from http://changedetection. net. Note, our implementation does not use any parallelisation at the moment. This was done on purpose to run on a machine serving multiple cameras simultaneously.. Please provide a brief answer to the following question after looking into the input image and caption. Question: Which algorithm achieves the fastest processing time per frame and how much faster is it compared to the slowest algorithm listed?. The algorithm that achieves the fastest processing time per frame is the LBG algorithm, with a mean processing time per frame of 0.005 seconds."]}, "referred_figures_names": ["1809.03550v3-Table6-1.png"], "answer": "Algorithm 12(SCDM with Geman-McLure) achieves the fastest processing time per frame at 0.103 seconds. This is approximately 100 times faster than the slowest algorithm, TTD_3WD, which takes 10.343 seconds per frame."}, "3": {"question": "What is the relationship between the residuals prior to thresholding and the Boolean map?", "response": {"1809.03550v3-Figure4-1.png": ["Caption: One snapshot from the video baseline/highway (from the top left, clock-wise): one frame of the original video, our estimate of the background, our residuals prior to thresholding, the ground truth, an exponential smoothing of all frames prior to the current one with smoothing factor of 1/35, and finally, our Boolean map obtained by thresholding residuals.. Is the input image and caption helpful to answer the following question. Answer in one word - Yes or No. Question: What is the relationship between the residuals prior to thresholding and the Boolean map?. 0", "Caption: One snapshot from the video baseline/highway (from the top left, clock-wise): one frame of the original video, our estimate of the background, our residuals prior to thresholding, the ground truth, an exponential smoothing of all frames prior to the current one with smoothing factor of 1/35, and finally, our Boolean map obtained by thresholding residuals.. Please provide a brief answer to the following question after looking into the input image and caption. Question: What is the relationship between the residuals prior to thresholding and the Boolean map?. The relationship between the residuals prior to thresholding and the Boolean map is that the residuals are used to obtain the Boolean map."]}, "referred_figures_names": ["1809.03550v3-Figure4-1.png"], "answer": "The Boolean map is obtained by thresholding the residuals prior to thresholding."}}