{"0": {"question": "Which method achieved the highest tracking accuracy in terms of minimizing the sum of absolute percentage errors? Does this necessarily mean it had the best overall performance?", "response": {"1809.01989v2-Table1-1.png": ["Caption: Table 1. Absolute percentage errors for different methods. Is the input image and caption helpful to answer the following question. Answer in one word - Yes or No. Question: Which method achieved the highest tracking accuracy in terms of minimizing the sum of absolute percentage errors? Does this necessarily mean it had the best overall performance?. 20%", "Caption: Table 1. Absolute percentage errors for different methods. Please provide a brief answer to the following question after looking into the input image and caption. Question: Which method achieved the highest tracking accuracy in terms of minimizing the sum of absolute percentage errors? Does this necessarily mean it had the best overall performance?. Yes"]}, "referred_figures_names": ["1809.01989v2-Table1-1.png"], "answer": "The Ridge method achieved the lowest sum of absolute percentage errors (136.84), indicating the highest tracking accuracy in terms of minimizing absolute deviations from the index. However, this doesn't necessarily translate to the best overall performance."}}