{"0": {"question": "How is convolution represented in the frequency domain?", "response": {"1811.08257v1-Figure3-1.png": ["Caption: The convolution operations for multiple channels in plaintext.. Is the input image and caption helpful to answer the following question. Answer in one word - Yes or No. Question: How is convolution represented in the frequency domain?. 1024x768 pixels are used as a template with an overlap of half its size between each pixel, resulting into four different images at every position on this grid; these can be thought off like Fourier transforms but they have no", "Caption: The convolution operations for multiple channels in plaintext.. Please provide a brief answer to the following question after looking into the input image and caption. Question: How is convolution represented in the frequency domain?. Fourier transform"]}, "referred_figures_names": ["1811.08257v1-Figure3-1.png"], "answer": "In the frequency domain, convolution is represented by element-wise multiplication."}, "1": {"question": "How does the number of classes affect the setup and online time for the Softmax?", "response": {"1811.08257v1-Table4-1.png": ["Caption: Benchmarks for the Softmax.. Is the input image and caption helpful to answer the following question. Answer in one word - Yes or No. Question: How does the number of classes affect the setup and online time for the Softmax?. 10,249", "Caption: Benchmarks for the Softmax.. Please provide a brief answer to the following question after looking into the input image and caption. Question: How does the number of classes affect the setup and online time for the Softmax?. The number of classes affects the setup and online time for the Softmax"]}, "referred_figures_names": ["1811.08257v1-Table4-1.png"], "answer": "The setup and online time for the Softmax increases as the number of classes increases."}, "2": {"question": "Which framework has the lowest total communication cost for MNIST?", "response": {"1811.08257v1-Table5-1.png": ["Caption: Performance Comparison on MNIST and CIFAR10.. Is the input image and caption helpful to answer the following question. Answer in one word - Yes or No. Question: Which framework has the lowest total communication cost for MNIST?. 2nd frame is missing from table but it's a yes because of its lower number than other frameworks tested herein (e g mason) which are all noes except cnn-cifar that says both frames have low costs compared", "Caption: Performance Comparison on MNIST and CIFAR10.. Please provide a brief answer to the following question after looking into the input image and caption. Question: Which framework has the lowest total communication cost for MNIST?. TensorFlow"]}, "referred_figures_names": ["1811.08257v1-Table5-1.png"], "answer": "FALCON"}, "3": {"question": "What is the function of the DataPreprocessing function?", "response": {"1811.08257v1-Figure4-1.png": ["Caption: Boolean circuits for data preprocessing.. Is the input image and caption helpful to answer the following question. Answer in one word - Yes or No. Question: What is the function of the DataPreprocessing function?. 1024896573", "Caption: Boolean circuits for data preprocessing.. Please provide a brief answer to the following question after looking into the input image and caption. Question: What is the function of the DataPreprocessing function?. Processing data"]}, "referred_figures_names": ["1811.08257v1-Figure4-1.png"], "answer": "The DataPreprocessing function performs Yao Sharing, which is a cryptographic technique for securely sharing data between multiple parties."}, "4": {"question": "Which framework is faster for setting up and running the FC layer?", "response": {"1811.08257v1-Table2-1.png": ["Caption: Benchmarks and Comparisons for Conv and FC.. Is the input image and caption helpful to answer the following question. Answer in one word - Yes or No. Question: Which framework is faster for setting up and running the FC layer?. 1080p video capture from a camera?", "Caption: Benchmarks and Comparisons for Conv and FC.. Please provide a brief answer to the following question after looking into the input image and caption. Question: Which framework is faster for setting up and running the FC layer?. Conv or FC"]}, "referred_figures_names": ["1811.08257v1-Table2-1.png"], "answer": "FALCON is faster for both setting up and running the FC layer."}, "5": {"question": "What is the purpose of the `SubsetGate` function in the MaxPooling function?", "response": {"1811.08257v1-Figure5-1.png": ["Caption: Original ReLU and Max Pooling v.s. Our Max Pooling and ReLU.. Is the input image and caption helpful to answer the following question. Answer in one word - Yes or No. Question: What is the purpose of the `SubsetGate` function in the MaxPooling function?. 1024x768", "Caption: Original ReLU and Max Pooling v.s. Our Max Pooling and ReLU.. Please provide a brief answer to the following question after looking into the input image and caption. Question: What is the purpose of the `SubsetGate` function in the MaxPooling function?."]}, "referred_figures_names": ["1811.08257v1-Figure5-1.png"], "answer": "The `SubsetGate` function is used to split the input `x` into `k` pieces."}, "6": {"question": "What is the purpose of the activation layer in a convolutional neural network?", "response": {"1811.08257v1-Figure1-1.png": ["Caption: An example of convolutional neural networks.. Is the input image and caption helpful to answer the following question. Answer in one word - Yes or No. Question: What is the purpose of the activation layer in a convolutional neural network?. 1024x768 pixel images are used for this type of analysis, which can be done with an array that has many layers like a stacked filter bank; it's called Convolution Layer", "Caption: An example of convolutional neural networks.. Please provide a brief answer to the following question after looking into the input image and caption. Question: What is the purpose of the activation layer in a convolutional neural network?. Increase the number of neurons"]}, "referred_figures_names": ["1811.08257v1-Figure1-1.png"], "answer": "The activation layer applies a non-linear function to the output of the convolution layer. This allows the network to learn more complex features from the data."}, "7": {"question": "What is the role of the filter in the convolution operation?", "response": {"1811.08257v1-Figure2-1.png": ["Caption: Convolution operation.. Is the input image and caption helpful to answer the following question. Answer in one word - Yes or No. Question: What is the role of the filter in the convolution operation?. 1024x768 pixel images are used for this purpose, but it's not clear what they represent here\nYes", "Caption: Convolution operation.. Please provide a brief answer to the following question after looking into the input image and caption. Question: What is the role of the filter in the convolution operation?. smoothing"]}, "referred_figures_names": ["1811.08257v1-Figure2-1.png"], "answer": "The filter is used to extract features from the input image. It is a small matrix that is applied to each pixel in the image, and the result is a new pixel value."}, "8": {"question": "Which operation has the lowest online time?", "response": {"1811.08257v1-Table3-1.png": ["Caption: Benchmarks for ReLU and Max Pooling.. Is the input image and caption helpful to answer the following question. Answer in one word - Yes or No. Question: Which operation has the lowest online time?. 10% of respondents answered no with a scorecard that shows their answers are correct on each row below it, but not all rows have been filled out yet as shown by empty cells at bottom right corner; some columns may be missing data due", "Caption: Benchmarks for ReLU and Max Pooling.. Please provide a brief answer to the following question after looking into the input image and caption. Question: Which operation has the lowest online time?. ReLU"]}, "referred_figures_names": ["1811.08257v1-Table3-1.png"], "answer": "ReLU"}}