{"0": {"question": "What is the effect of downsampling on the quality of reconstructed frames?", "response": {"1811.10673v1-Figure6-1.png": ["Caption: Figure 6: Performance of proposed framework against different downsampling levels: (a) original 256 \u00d7 256 frame, XG. Reconstructions at scales (b) 32 \u00d7 32, (c) 64 \u00d7 64, (d) and 256 \u00d7 256. As the resolution increases, the reconstructed frames become more recognizable.. Is the input image and caption helpful to answer the following question. Answer in one word - Yes or No. Question: What is the effect of downsampling on the quality of reconstructed frames?. 10% less clear\nYes", "Caption: Figure 6: Performance of proposed framework against different downsampling levels: (a) original 256 \u00d7 256 frame, XG. Reconstructions at scales (b) 32 \u00d7 32, (c) 64 \u00d7 64, (d) and 256 \u00d7 256. As the resolution increases, the reconstructed frames become more recognizable.. Please provide a brief answer to the following question after looking into the input image and caption. Question: What is the effect of downsampling on the quality of reconstructed frames?. Downsampling reduces the quality of reconstructed frames."]}, "referred_figures_names": ["1811.10673v1-Figure6-1.png"], "answer": "Downsampling reduces the quality of reconstructed frames."}, "1": {"question": "How does the proposed method compare to H.264 in terms of MS-SSIM score at low bitrates?", "response": {"1811.10673v1-Figure8-1.png": ["Caption: Figure 8: Rate-distortion curves (MS-SSIM) against bitrate for four semantic categories of 100 videos from the KTH dataset [8]. The red curves and dots correspond to our model while the blue curves and dots correspond to H.264. In the very low bitrate region (below 10Kbps), our scheme yielded higher MS-SSIM scores. Similar results were observed on PSNR, SSIM and VMAF (see supplementary material).. Is the input image and caption helpful to answer the following question. Answer in one word - Yes or No. Question: How does the proposed method compare to H.264 in terms of MS-SSIM score at low bitrates?.  Yes", "Caption: Figure 8: Rate-distortion curves (MS-SSIM) against bitrate for four semantic categories of 100 videos from the KTH dataset [8]. The red curves and dots correspond to our model while the blue curves and dots correspond to H.264. In the very low bitrate region (below 10Kbps), our scheme yielded higher MS-SSIM scores. Similar results were observed on PSNR, SSIM and VMAF (see supplementary material).. Please provide a brief answer to the following question after looking into the input image and caption. Question: How does the proposed method compare to H.264 in terms of MS-SSIM score at low bitrates?. It outperforms H.264 in terms of MS-SSIM score at low bitrates."]}, "referred_figures_names": ["1811.10673v1-Figure8-1.png"], "answer": "The proposed method achieves significantly higher MS-SSIM scores than H.264 at bitrates below 10 Kbps."}, "2": {"question": "What is the purpose of the second-stage decoder $D_2$?", "response": {"1811.10673v1-Figure2-1.png": ["Caption: Figure 2: Proposed framework for adversarial video compression. Note that X consists of only one video to be compressed. The video X is partitioned into two sets containing different types of frames: XI and XG. XI is lightly compressed into xI using the standard H.264 encoder, while XG is highly compressed into xG, that contains only soft edge information at low resolution. The XI are used to train a generative model that we call the second-stage decoder D2. This generative model is trained at the receiver using x\u2032I and X \u2032I using a discriminator DD. After training, D2 takes soft edges xG as input and produces reconstructed frames (see also Figure 6). Only xI and xG are required to reconstruct the decompressed video.. Is the input image and caption helpful to answer the following question. Answer in one word - Yes or No. Question: What is the purpose of the second-stage decoder $D_2$?. \n| Purpose | To generate high quality reconstruction from limited amount data provided by first stage compressor/encrypter ($E\\_1$). It uses both original images with noise added ($\\mathbf{X} \\cup\\_\\_) along", "Caption: Figure 2: Proposed framework for adversarial video compression. Note that X consists of only one video to be compressed. The video X is partitioned into two sets containing different types of frames: XI and XG. XI is lightly compressed into xI using the standard H.264 encoder, while XG is highly compressed into xG, that contains only soft edge information at low resolution. The XI are used to train a generative model that we call the second-stage decoder D2. This generative model is trained at the receiver using x\u2032I and X \u2032I using a discriminator DD. After training, D2 takes soft edges xG as input and produces reconstructed frames (see also Figure 6). Only xI and xG are required to reconstruct the decompressed video.. Please provide a brief answer to the following question after looking into the input image and caption. Question: What is the purpose of the second-stage decoder $D_2$?."]}, "referred_figures_names": ["1811.10673v1-Figure2-1.png"], "answer": "The second-stage decoder $D_2$ takes soft edges $x_G$ as input and produces reconstructed frames."}, "3": {"question": "What are the steps involved in the second encoding stage ($E_2$)?", "response": {"1811.10673v1-Figure3-1.png": ["Caption: Figure 3: Overview of the second encoding stage (E2).. Is the input image and caption helpful to answer the following question. Answer in one word - Yes or No. Question: What are the steps involved in the second encoding stage ($E_2$)?. 10", "Caption: Figure 3: Overview of the second encoding stage (E2).. Please provide a brief answer to the following question after looking into the input image and caption. Question: What are the steps involved in the second encoding stage ($E_2$)?. step 1 step 2 step 3 step 4 step 5 step 6 step 7 step 8 step 9 step 10 step 11 step 12 step 13 step 14 step 15 step 16 step 17 step 18 step 19 step 20 step 21 step 22 step 23 step 24 step 25 step 26 step 27 step 28 step 29 step 30 step 31 step 32 step 33 step 34 step 35 step 36 step 37 step 38 step 39 step 40 step 41 step 42 step 43 step 44 step 45 step 46 step 47 step 48 step 49 step 50 step 51 step 52 step 53 step 54 step 55 step 56 step 57 step 58 step 59 step 60 step 61 step 62 step 63 step 64 step 65 step 66 step"]}, "referred_figures_names": ["1811.10673v1-Figure3-1.png"], "answer": "The second encoding stage involves three steps: down-sampling, soft edge detection, and spatio-temporal edge map compression."}, "4": {"question": "Which lossless compression scheme achieved the highest compression gain in the example shown in Figure 1?", "response": {"1811.10673v1-Figure5-1.png": ["Caption: Figure 5: Efficiency in bits per pixel (BPP) achieved by different lossless compression schemes on a bi-level image.. Is the input image and caption helpful to answer the following question. Answer in one word - Yes or No. Question: Which lossless compression scheme achieved the highest compression gain in the example shown in Figure 1?. 240 kbps", "Caption: Figure 5: Efficiency in bits per pixel (BPP) achieved by different lossless compression schemes on a bi-level image.. Please provide a brief answer to the following question after looking into the input image and caption. Question: Which lossless compression scheme achieved the highest compression gain in the example shown in Figure 1?. JPEG"]}, "referred_figures_names": ["1811.10673v1-Figure5-1.png"], "answer": "The proposed scheme achieved the highest compression gain."}, "5": {"question": "How does the proposed model compare to H.264 in terms of visual quality at low bitrates?", "response": {"1811.10673v1-Figure9-1.png": ["Caption: Figure 9: Two videos from (a) the KTH and (b) the YouTube dataset. Selected frames from original video and reconstructed videos using H.264 (low bitrate), H.264 (high bitrate), and the proposed model are aligned vertically along time. Our scheme demonstrated significantly better performance than the current standard codecs at low bitrates. The scores produced by several leading perceptual video quality metrics were depicted on the right side. Please refer to the supplementary for reconstructed videos and results on additional 129 videos.. Is the input image and caption helpful to answer the following question. Answer in one word - Yes or No. Question: How does the proposed model compare to H.264 in terms of visual quality at low bitrates?. \u200bYes, it is superior with a significant improvement over existing standards like MPEG-LA's AVC/H.264 compression algorithm used widely today as well as other stateoftheart methods such as VP8L3", "Caption: Figure 9: Two videos from (a) the KTH and (b) the YouTube dataset. Selected frames from original video and reconstructed videos using H.264 (low bitrate), H.264 (high bitrate), and the proposed model are aligned vertically along time. Our scheme demonstrated significantly better performance than the current standard codecs at low bitrates. The scores produced by several leading perceptual video quality metrics were depicted on the right side. Please refer to the supplementary for reconstructed videos and results on additional 129 videos.. Please provide a brief answer to the following question after looking into the input image and caption. Question: How does the proposed model compare to H.264 in terms of visual quality at low bitrates?. The proposed model outperforms H.264 in terms of visual quality at low bitrates."]}, "referred_figures_names": ["1811.10673v1-Figure9-1.png"], "answer": "The proposed model delivers significantly better visual quality at low bitrates than H.264."}, "6": {"question": "How does the level of quantization affect the output of the soft edge detector?", "response": {"1811.10673v1-Figure4-1.png": ["Caption: Figure 4: Outputs of soft edge detector. (a) The left-most frame is a 64 \u00d7 64 downsampled frame S(1) from a reconstructed frame XI (1)\u2032 of one video [1]. The right four frames are outputs of the soft edge detector for different levels of quantization k (Qk). (b) Grayscale histograms of Qk. (c) Three dimensional scatter plots (normalized R/G/B axes) of S, where colors visually distinguish the clusters indexed by Qk.. Is the input image and caption helpful to answer the following question. Answer in one word - Yes or No. Question: How does the level of quantization affect the output of the soft edge detector?. 2018\\nYes \\nNo  \nAnswer yes", "Caption: Figure 4: Outputs of soft edge detector. (a) The left-most frame is a 64 \u00d7 64 downsampled frame S(1) from a reconstructed frame XI (1)\u2032 of one video [1]. The right four frames are outputs of the soft edge detector for different levels of quantization k (Qk). (b) Grayscale histograms of Qk. (c) Three dimensional scatter plots (normalized R/G/B axes) of S, where colors visually distinguish the clusters indexed by Qk.. Please provide a brief answer to the following question after looking into the input image and caption. Question: How does the level of quantization affect the output of the soft edge detector?. Level of quantization affects the output of the soft edge detector."]}, "referred_figures_names": ["1811.10673v1-Figure4-1.png"], "answer": "As the quantization level $k$ is decreased, the cardinality of colors co-located with edges decreases."}, "7": {"question": "How does the quality of the reconstructed frames change as the resolution increases?", "response": {"1811.10673v1-Table1-1.png": ["Caption: Video quality assessment of reconstructed frames in Figure 6. As the resolutions increased, the quality scores of the reconstructed frame increase monotonical.. Is the input image and caption helpful to answer the following question. Answer in one word - Yes or No. Question: How does the quality of the reconstructed frames change as the resolution increases?. 1024x758 39% 1024 x 758 40 % 1024 XSMSM 41%. The table shows that with an increasing number of pixels per", "Caption: Video quality assessment of reconstructed frames in Figure 6. As the resolutions increased, the quality scores of the reconstructed frame increase monotonical.. Please provide a brief answer to the following question after looking into the input image and caption. Question: How does the quality of the reconstructed frames change as the resolution increases?. Monotonically"]}, "referred_figures_names": ["1811.10673v1-Table1-1.png"], "answer": "The quality of the reconstructed frames increases monotonically as the resolution increases."}, "8": {"question": "How does the quality of the reconstructed frames change as the quantization level of the soft edge detector increases?", "response": {"1811.10673v1-Figure7-1.png": ["Caption: Figure 7: Performance of proposed framework against different quantization levels k of the soft edge detector (Qk). As the quantization level is increased (more clusters), the reconstructed representations become more precisely and similar to an original frames. Is the input image and caption helpful to answer the following question. Answer in one word - Yes or No. Question: How does the quality of the reconstructed frames change as the quantization level of the soft edge detector increases?. 10%\nNo, it doesn't show a decrease with increasing number but rather shows that there are no significant changes at all for any given value between two consecutive values within each cluster size range except when comparing Q25 versus A34", "Caption: Figure 7: Performance of proposed framework against different quantization levels k of the soft edge detector (Qk). As the quantization level is increased (more clusters), the reconstructed representations become more precisely and similar to an original frames. Please provide a brief answer to the following question after looking into the input image and caption. Question: How does the quality of the reconstructed frames change as the quantization level of the soft edge detector increases?. It becomes more precisely and similar to the original frames."]}, "referred_figures_names": ["1811.10673v1-Figure7-1.png"], "answer": "The quality of the reconstructed frames increases as the quantization level of the soft edge detector increases."}, "9": {"question": "Which quality factor improves the most as k is increased?", "response": {"1811.10673v1-Table2-1.png": ["Caption: Video quality assessment of reconstructed frames in Figure 7. As k is increased, the quality of the reconstructed frames becomes improve.. Is the input image and caption helpful to answer the following question. Answer in one word - Yes or No. Question: Which quality factor improves the most as k is increased?. 1024x568p\nNo it does not change at all for a given value q=39 (q) but increases with increasing values psi-msm/psr from 1e+/-3 upwards", "Caption: Video quality assessment of reconstructed frames in Figure 7. As k is increased, the quality of the reconstructed frames becomes improve.. Please provide a brief answer to the following question after looking into the input image and caption. Question: Which quality factor improves the most as k is increased?. PSNR"]}, "referred_figures_names": ["1811.10673v1-Table2-1.png"], "answer": "MS-SSIM"}}