{"0": {"question": "What is the sample complexity lower bound for recovering a tree-structured sparse signal using standard compressed sensing?", "response": {"1811.06635v1-Table1-1.png": ["Caption: Sample Complexity Results for Structured Sparsity Models (d is the dimension of the true signal, s is the signal sparsity, i.e., the number of non-zero entries, g is the number of connected components, \u03c1(G) is the maximum weight degree of graph G, B is the weight budget in the weighted graph model, K is the block sparsity, J is the number of entries in a block and N is the total number of blocks in the block structured sparsity model \u2013 detailed explanation of notations are provided in Sections 3 and 5). Is the input image and caption helpful to answer the following question. Answer in one word - Yes or No. Question: What is the sample complexity lower bound for recovering a tree-structured sparse signal using standard compressed sensing?. \u03a9((1/2 + d/(n)) \\* log^4 n), where `i` denotes an index set with cardinal `(m+k)`, `j = m`, `g=o(log_b j)`\nYes", "Caption: Sample Complexity Results for Structured Sparsity Models (d is the dimension of the true signal, s is the signal sparsity, i.e., the number of non-zero entries, g is the number of connected components, \u03c1(G) is the maximum weight degree of graph G, B is the weight budget in the weighted graph model, K is the block sparsity, J is the number of entries in a block and N is the total number of blocks in the block structured sparsity model \u2013 detailed explanation of notations are provided in Sections 3 and 5). Please provide a brief answer to the following question after looking into the input image and caption. Question: What is the sample complexity lower bound for recovering a tree-structured sparse signal using standard compressed sensing?. The sample complexity lower bound for recovering a tree-structured sparse signal using standard compressed sensing is at least \u03a9(d \\* s \\* log(N/d)), where d is the dimension of the true signal, s is the signal sparsity, i.e., the number of non-zero entries, g is the number of connected components, \u03c1(G) is the maximum weight degree of graph G, B is the weight budget in the weighted graph model, K is the block sparsity, J is the number of entries in a block and N is the total number of blocks in the block structured sparsity model."]}, "referred_figures_names": ["1811.06635v1-Table1-1.png"], "answer": "\u03a9(s)"}}