{"0": {"question": "How does the performance of the model with convolutional self-correction compare to the model with no self-correction as the number of images in set $\\mathcal{F}$ increases?", "response": {"1811.07073v3-Table3-1.png": ["Caption: Table 3: Ablation study of our models on Cityscapes validation set using mIOU for different sizes of F . For the last three rows, the remaining images in the training set are used as W , i.e., W + F = 2975.. Is the input image and caption helpful to answer the following question. Answer in one word - Yes or No. Question: How does the performance of the model with convolutional self-correction compare to the model with no self-correction as the number of images in set $\\mathcal{F}$ increases?. 10% better than without correction\nNo it is not possible because there's only two options (Yes/no) available here so you can pick either option based solely upon your own interpretation from this information provided by me at my discret", "Caption: Table 3: Ablation study of our models on Cityscapes validation set using mIOU for different sizes of F . For the last three rows, the remaining images in the training set are used as W , i.e., W + F = 2975.. Please provide a brief answer to the following question after looking into the input image and caption. Question: How does the performance of the model with convolutional self-correction compare to the model with no self-correction as the number of images in set $\\mathcal{F}$ increases?. The table shows that the model with convolutional self-correction performs better than the model with no self-correction as the number of images in set $\\mathcal{F}$ increases."]}, "referred_figures_names": ["1811.07073v3-Table3-1.png"], "answer": "The model with convolutional self-correction consistently outperforms the model with no self-correction as the number of images in set $\\mathcal{F}$ increases."}, "1": {"question": "Which method performed the best on the PASCAL VOC 2012 test set and how does it compare to the baseline model without self-correction?", "response": {"1811.07073v3-Table2-1.png": ["Caption: Table 2: Results on PASCAL VOC 2012 validation and test sets. The last three rows report the performance of previous semi-supervised models with the same annotation.. Is the input image and caption helpful to answer the following question. Answer in one word - Yes or No. Question: Which method performed the best on the PASCAL VOC 2012 test set and how does it compare to the baseline model without self-correction?. 3568974 Method", "Caption: Table 2: Results on PASCAL VOC 2012 validation and test sets. The last three rows report the performance of previous semi-supervised models with the same annotation.. Please provide a brief answer to the following question after looking into the input image and caption. Question: Which method performed the best on the PASCAL VOC 2012 test set and how does it compare to the baseline model without self-correction?. Self-correction"]}, "referred_figures_names": ["1811.07073v3-Table2-1.png"], "answer": "The Conv. Self-Corr. method achieved the highest performance on the PASCAL VOC 2012 test set with a score of 82.72. This is approximately 1.11 points higher than the baseline model (\"No Self-Corr.\") which achieved a score of 81.61."}, "2": {"question": "What is the input to the convolutional self-correction model?", "response": {"1811.07073v3-Figure3-1.png": ["Caption: Figure 3: Convolutional self-correction model learns refining the input label distributions. The subnetwork receives logits from the primary and ancillary models, then concatenates and feeds the output to a two-layer CNN.. Is the input image and caption helpful to answer the following question. Answer in one word - Yes or No. Question: What is the input to the convolutional self-correction model?. 1080p video frames?", "Caption: Figure 3: Convolutional self-correction model learns refining the input label distributions. The subnetwork receives logits from the primary and ancillary models, then concatenates and feeds the output to a two-layer CNN.. Please provide a brief answer to the following question after looking into the input image and caption. Question: What is the input to the convolutional self-correction model?. Logits"]}, "referred_figures_names": ["1811.07073v3-Figure3-1.png"], "answer": "The input to the convolutional self-correction model is the logits generated by the primary and ancillary models."}, "3": {"question": "How does the performance of the \"Conv. Self-Correction\" method compare to other methods when using 30% of the training examples as $\\F$ and the remaining as $\\W$ on the Cityscapes validation set?", "response": {"1811.07073v3-Table4-1.png": ["Caption: Table 4: Results on Cityscapes validation set. 30% of the training examples is used as F , and the remaining as W .. Is the input image and caption helpful to answer the following question. Answer in one word - Yes or No. Question: How does the performance of the \"Conv. Self-Correction\" method compare to other methods when using 30% of the training examples as $\\F$ and the remaining as $\\W$ on the Cityscapes validation set?. 1578692 Methods are compared by their mean intersection over union (mIoU) scores, which range from $-\\frac{1}{N}$ for a perfect prediction upwards towards better predictions with higher values closer together", "Caption: Table 4: Results on Cityscapes validation set. 30% of the training examples is used as F , and the remaining as W .. Please provide a brief answer to the following question after looking into the input image and caption. Question: How does the performance of the \"Conv. Self-Correction\" method compare to other methods when using 30% of the training examples as $\\F$ and the remaining as $\\W$ on the Cityscapes validation set?."]}, "referred_figures_names": ["1811.07073v3-Table4-1.png"], "answer": "The \"Conv. Self-Correction\" method achieves the highest mIOU score of 79.46 compared to other methods listed in the table under the same data split condition."}, "4": {"question": "How does the bounding box encoder network influence the segmentation process?", "response": {"1811.07073v3-Figure2-1.png": ["Caption: Figure 2: An overview of the ancillary segmentation model. We modify an existing encoder-decoder segmentation model by introducing a bounding box encoder that embeds the box information. The output of the bounding box encoder after passing through a sigmoid activation acts as an attention map. Feature maps at different scales from the encoder are fused (using element-wise-multiplication) with attention maps, then passed to the decoder.. Is the input image and caption helpful to answer the following question. Answer in one word - Yes or No. Question: How does the bounding box encoder network influence the segmentation process?. 108967534", "Caption: Figure 2: An overview of the ancillary segmentation model. We modify an existing encoder-decoder segmentation model by introducing a bounding box encoder that embeds the box information. The output of the bounding box encoder after passing through a sigmoid activation acts as an attention map. Feature maps at different scales from the encoder are fused (using element-wise-multiplication) with attention maps, then passed to the decoder.. Please provide a brief answer to the following question after looking into the input image and caption. Question: How does the bounding box encoder network influence the segmentation process?. The bounding box encoder network modifies the existing encoder-decoder segmentation model by introducing a bounding box encoder that embeds the box information. The output of the bounding box encoder after passing through a sigmoid activation acts as an attention map. Feature maps at different scales from the encoder are fused (using element-wise-multiplication) with attention maps, then passed to the decoder."]}, "referred_figures_names": ["1811.07073v3-Figure2-1.png"], "answer": "The bounding box encoder network embeds bounding box information at different scales and outputs attention maps that are used to fuse with feature maps from the encoder before being passed to the decoder."}, "5": {"question": "What is the role of the self-correction module in the segmentation framework?", "response": {"1811.07073v3-Figure1-1.png": ["Caption: Figure 1: An overview of our segmentation framework consisting of three models: i) Primary segmentation model generates a semantic segmentation of objects given an image. This is the main model that is subject to the training and is used at test time. ii) Ancillary segmentation model outputs a segmentation given an image and bounding box. This model generates an initial segmentation for the weak set, which will aid training the primary model. iii) Self-correction module refines segmentations generated by the ancillary model and the current primary model for the weak set. The primary model is trained using the cross-entropy loss that matches its output to either ground-truth segmentation labels for the fully supervised examples or soft refined labels generated by the self-correction module for the weak set.. Is the input image and caption helpful to answer the following question. Answer in one word - Yes or No. Question: What is the role of the self-correction module in the segmentation framework?. \u200bYes\n```", "Caption: Figure 1: An overview of our segmentation framework consisting of three models: i) Primary segmentation model generates a semantic segmentation of objects given an image. This is the main model that is subject to the training and is used at test time. ii) Ancillary segmentation model outputs a segmentation given an image and bounding box. This model generates an initial segmentation for the weak set, which will aid training the primary model. iii) Self-correction module refines segmentations generated by the ancillary model and the current primary model for the weak set. The primary model is trained using the cross-entropy loss that matches its output to either ground-truth segmentation labels for the fully supervised examples or soft refined labels generated by the self-correction module for the weak set.. Please provide a brief answer to the following question after looking into the input image and caption. Question: What is the role of the self-correction module in the segmentation framework?."]}, "referred_figures_names": ["1811.07073v3-Figure1-1.png"], "answer": "The self-correction module refines the segmentations generated by the ancillary and current primary model for the weak set."}, "6": {"question": "What is the purpose of the ancillary heatmap shown in this paper?", "response": {"1811.07073v3-Figure5-1.png": ["Caption: Qualitative results on the PASCAL VOC 2012 auxiliary (the weak set). The heatmap of a single class for the ancillary model is shown for several examples. The ancillary model can successfully correct the labels for missing or oversegmented objects in these images (marked by ellipses).. Is the input image and caption helpful to answer the following question. Answer in one word - Yes or No. Question: What is the purpose of the ancillary heatmap shown in this paper?. ether", "Caption: Qualitative results on the PASCAL VOC 2012 auxiliary (the weak set). The heatmap of a single class for the ancillary model is shown for several examples. The ancillary model can successfully correct the labels for missing or oversegmented objects in these images (marked by ellipses).. Please provide a brief answer to the following question after looking into the input image and caption. Question: What is the purpose of the ancillary heatmap shown in this paper?. The purpose of the ancillary heatmap shown in this paper is to demonstrate the success of the ancillary model in correcting the labels for missing or oversegmented objects in the images."]}, "referred_figures_names": ["1811.07073v3-Figure5-1.png"], "answer": "The ancillary heatmap is used to correct the labels for missing or oversegmented objects in the images."}}