{"0": {"question": "Which method has the highest overall accuracy for answering questions about images on the 100 questions sampled from VQA v2 dataset?", "response": {"1811.08481v2-Table8-1.png": ["Caption: Answering accuracy for 100 questions sampled from VQA v2 dataset (on terms with visual estimators in UnCoRd).. Is the input image and caption helpful to answer the following question. Answer in one word - Yes or No. Question: Which method has the highest overall accuracy for answering questions about images on the 100 questions sampled from VQA v2 dataset?. 35% yes wifi overalls", "Caption: Answering accuracy for 100 questions sampled from VQA v2 dataset (on terms with visual estimators in UnCoRd).. Please provide a brief answer to the following question after looking into the input image and caption. Question: Which method has the highest overall accuracy for answering questions about images on the 100 questions sampled from VQA v2 dataset?. UnCoRd"]}, "referred_figures_names": ["1811.08481v2-Table8-1.png"], "answer": "UnCoRd-VG-E"}, "1": {"question": "Explain how the answering procedure works.", "response": {"1811.08481v2-Figure2-1.png": ["Caption: A schematic illustration of our method. The first stage (1) maps the question into a graph representation using a sequence-tosequence LSTM based model. At the second stage (2), the recursive answering procedure follows the graph, searching for a valid assignment in the image. At each step, the handled node is set and objects (extracted using mask R-CNN) are examined according to the node\u2019s requirements (utilizing corresponding visual estimators). If succeeded, a new node is set (according to a DFS traversal) and the function is called again to handle the unassigned subgraph. The Example illustrates the flow: \u2019check node (a)\u2019 \u2192 \u2019relation success\u2019 \u2192 \u2019check node (b)\u2019 \u2192 answer.. Is the input image and caption helpful to answer the following question. Answer in one word - Yes or No. Question: Explain how the answering procedure works.. \u200bYes | Source", "Caption: A schematic illustration of our method. The first stage (1) maps the question into a graph representation using a sequence-tosequence LSTM based model. At the second stage (2), the recursive answering procedure follows the graph, searching for a valid assignment in the image. At each step, the handled node is set and objects (extracted using mask R-CNN) are examined according to the node\u2019s requirements (utilizing corresponding visual estimators). If succeeded, a new node is set (according to a DFS traversal) and the function is called again to handle the unassigned subgraph. The Example illustrates the flow: \u2019check node (a)\u2019 \u2192 \u2019relation success\u2019 \u2192 \u2019check node (b)\u2019 \u2192 answer.. Please provide a brief answer to the following question after looking into the input image and caption. Question: Explain how the answering procedure works.. The answering procedure works by mapping the question into a graph representation using a sequence-to-sequence Long Short-Term Memory (LSTM) based model. At the second stage, the recursive answering procedure follows the graph, searching for a valid assignment in the image. At each step, the handled node is set and objects (extracted using mask R-CNN) are examined according to the node's requirements, utilizing corresponding visual estimators. If succeeded, a new node is set (according to a Depth-First Search traversal) and the function is called again to handle the unassigned subgraph."]}, "referred_figures_names": ["1811.08481v2-Figure2-1.png"], "answer": "The answering procedure follows the question graph, searching for a valid assignment in the image. At each step, the handled node is set and objects (extracted using Mask R-CNN) are examined according to the node\u2019s requirements (utilizing corresponding visual estimators). If successful, a new node is set (according to a DFS traversal) and the function is called again to handle the unassigned subgraph."}, "2": {"question": "Which method has the highest overall accuracy?", "response": {"1811.08481v2-Table7-1.png": ["Caption: Answering accuracy for 100 questions outside the VQA v2 domain (including quantifiers, comparisons, multiple relation chains and multiple relations and properties) on COCO images.. Is the input image and caption helpful to answer the following question. Answer in one word - Yes or No. Question: Which method has the highest overall accuracy?. 3568974e-cbfaedfde", "Caption: Answering accuracy for 100 questions outside the VQA v2 domain (including quantifiers, comparisons, multiple relation chains and multiple relations and properties) on COCO images.. Please provide a brief answer to the following question after looking into the input image and caption. Question: Which method has the highest overall accuracy?. Yes or no"]}, "referred_figures_names": ["1811.08481v2-Table7-1.png"], "answer": "UnCoRd-VG-E"}, "3": {"question": "What is the effect of training on more diverse data on the accuracy of graph representation for VQA?", "response": {"1811.08481v2-Table4-1.png": ["Caption: Accuracy of graph representation for VQA [8] sample, given for the different UnCoRd mappers. As expected, training on more diverse data allows better generalization across domains.. Is the input image and caption helpful to answer the following question. Answer in one word - Yes or No. Question: What is the effect of training on more diverse data on the accuracy of graph representation for VQA?. 10% improvement\nYes", "Caption: Accuracy of graph representation for VQA [8] sample, given for the different UnCoRd mappers. As expected, training on more diverse data allows better generalization across domains.. Please provide a brief answer to the following question after looking into the input image and caption. Question: What is the effect of training on more diverse data on the accuracy of graph representation for VQA?. Better generalization across domains"]}, "referred_figures_names": ["1811.08481v2-Table4-1.png"], "answer": "Training on more diverse data improves the accuracy of graph representation for VQA."}, "4": {"question": "Which estimator achieves the highest accuracy on the CLEVR validation set?", "response": {"1811.08481v2-Table1-1.png": ["Caption: CLEVR estimators results on CLEVR validation set. Is the input image and caption helpful to answer the following question. Answer in one word - Yes or No. Question: Which estimator achieves the highest accuracy on the CLEVR validation set?. 90%+", "Caption: CLEVR estimators results on CLEVR validation set. Please provide a brief answer to the following question after looking into the input image and caption. Question: Which estimator achieves the highest accuracy on the CLEVR validation set?. Estimator 1"]}, "referred_figures_names": ["1811.08481v2-Table1-1.png"], "answer": "Size estimator."}, "5": {"question": "Which method achieves the highest overall accuracy on the validation set?", "response": {"1811.08481v2-Table2-1.png": ["Caption: CLEVR QA accuracy for state-of-the-art methods. Is the input image and caption helpful to answer the following question. Answer in one word - Yes or No. Question: Which method achieves the highest overall accuracy on the validation set?. 1024x768 images with a resolution of at least qcif?", "Caption: CLEVR QA accuracy for state-of-the-art methods. Please provide a brief answer to the following question after looking into the input image and caption. Question: Which method achieves the highest overall accuracy on the validation set?. State-of-the-art methods"]}, "referred_figures_names": ["1811.08481v2-Table2-1.png"], "answer": "UnCoRd-None-B."}}