{"0": {"question": "How does the number of state-action pairs affect the reward landscape for the surrogate and true reward functions?", "response": {"1811.02553v4-Figure17-1.png": ["Caption: Hopper-v2 \u2013 PPO reward landscapes.. Is the input image and caption helpful to answer the following question. Answer in one word - Yes or No. Question: How does the number of state-action pairs affect the reward landscape for the surrogate and true reward functions?. 10,564\nYes", "Caption: Hopper-v2 \u2013 PPO reward landscapes.. Please provide a brief answer to the following question after looking into the input image and caption. Question: How does the number of state-action pairs affect the reward landscape for the surrogate and true reward functions?. The number of state-action pairs affects the reward landscape for the surrogate and true reward functions."]}, "referred_figures_names": ["1811.02553v4-Figure17-1.png"], "answer": "As the number of state-action pairs increases, the reward landscape for both the surrogate and true reward functions becomes smoother and more accurate."}, "1": {"question": "How does the number of state-action pairs affect the optimization landscape for the PPO algorithm?", "response": {"1811.02553v4-Figure13-1.png": ["Caption: Humanoid-v2 \u2013 PPO reward landscapes.. Is the input image and caption helpful to answer the following question. Answer in one word - Yes or No. Question: How does the number of state-action pairs affect the optimization landscape for the PPO algorithm?. 10,567", "Caption: Humanoid-v2 \u2013 PPO reward landscapes.. Please provide a brief answer to the following question after looking into the input image and caption. Question: How does the number of state-action pairs affect the optimization landscape for the PPO algorithm?. The number of state-action pairs affects the optimization landscape for the PPO algorithm by changing the complexity of the problem."]}, "referred_figures_names": ["1811.02553v4-Figure13-1.png"], "answer": "As the number of state-action pairs increases, the optimization landscape becomes more complex and has more local optima. This makes it more difficult for the PPO algorithm to find the global optimum."}, "2": {"question": "How do TRPO and PPO compare in terms of convergence to the true gradient?", "response": {"1811.02553v4-Figure10-1.png": ["Caption: Convergence of gradient estimates to the \u201ctrue\u201d expected gradient (c.f. (1)). We measure the cosine similarity between the true gradient (approximated using around 1M samples) and gradient estimates, as a function of number of state-action pairs used to obtain the later. For a particular policy and state-action pair count, we obtain multiple estimates of this cosine similarity and then report the average, along with the 95% confidence intervals (shaded). Each of the colored lines (for a specific algorithm) represents a particular trained agent (we perform multiple trials with the same hyperparameter configurations but different random seeds). The dotted vertical black line (at 2K) indicates the sample regime used for gradient estimation in standard practical implementations of policy gradient methods.. Is the input image and caption helpful to answer the following question. Answer in one word - Yes or No. Question: How do TRPO and PPO compare in terms of convergence to the true gradient?. \u200b", "Caption: Convergence of gradient estimates to the \u201ctrue\u201d expected gradient (c.f. (1)). We measure the cosine similarity between the true gradient (approximated using around 1M samples) and gradient estimates, as a function of number of state-action pairs used to obtain the later. For a particular policy and state-action pair count, we obtain multiple estimates of this cosine similarity and then report the average, along with the 95% confidence intervals (shaded). Each of the colored lines (for a specific algorithm) represents a particular trained agent (we perform multiple trials with the same hyperparameter configurations but different random seeds). The dotted vertical black line (at 2K) indicates the sample regime used for gradient estimation in standard practical implementations of policy gradient methods.. Please provide a brief answer to the following question after looking into the input image and caption. Question: How do TRPO and PPO compare in terms of convergence to the true gradient?."]}, "referred_figures_names": ["1811.02553v4-Figure10-1.png"], "answer": "TRPO generally converges faster to the true gradient than PPO."}, "3": {"question": "How does the landscape concentration of the humanoid-v2 PPO policy change with respect to the number of state-action pairs?", "response": {"1811.02553v4-Figure20-1.png": ["Caption: Humanoid-v2 PPO landscape concentration (see Figure 5 for a description).. Is the input image and caption helpful to answer the following question. Answer in one word - Yes or No. Question: How does the landscape concentration of the humanoid-v2 PPO policy change with respect to the number of state-action pairs?. 10,987\nNo", "Caption: Humanoid-v2 PPO landscape concentration (see Figure 5 for a description).. Please provide a brief answer to the following question after looking into the input image and caption. Question: How does the landscape concentration of the humanoid-v2 PPO policy change with respect to the number of state-action pairs?. The landscape concentration of the humanoid-v2 PPO policy changes with respect to the number of state-action pairs."]}, "referred_figures_names": ["1811.02553v4-Figure20-1.png"], "answer": "The landscape concentration increases with the number of state-action pairs."}, "4": {"question": "How does the quality of gradient estimation change as the number of state-action pairs used in estimation increases?", "response": {"1811.02553v4-Figure9-1.png": ["Caption: Empirical variance of the gradient (c.f. (1)) as a function of the number of state-action pairs used in estimation for policy gradient methods. We obtain multiple gradient estimates using a given number of state-action pairs from the policy at a particular iteration. We then measure the average pairwise cosine similarity between these repeated gradient measurements, along with the 95% confidence intervals (shaded). Each of the colored lines (for a specific algorithm) represents a particular trained agent (we perform multiple trials with the same hyperparameter configurations but different random seeds). The dotted vertical black line (at 2K) indicates the sample regime used for gradient estimation in standard practical implementations of policy gradient methods.. Is the input image and caption helpful to answer the following question. Answer in one word - Yes or No. Question: How does the quality of gradient estimation change as the number of state-action pairs used in estimation increases?. \u200b", "Caption: Empirical variance of the gradient (c.f. (1)) as a function of the number of state-action pairs used in estimation for policy gradient methods. We obtain multiple gradient estimates using a given number of state-action pairs from the policy at a particular iteration. We then measure the average pairwise cosine similarity between these repeated gradient measurements, along with the 95% confidence intervals (shaded). Each of the colored lines (for a specific algorithm) represents a particular trained agent (we perform multiple trials with the same hyperparameter configurations but different random seeds). The dotted vertical black line (at 2K) indicates the sample regime used for gradient estimation in standard practical implementations of policy gradient methods.. Please provide a brief answer to the following question after looking into the input image and caption. Question: How does the quality of gradient estimation change as the number of state-action pairs used in estimation increases?."]}, "referred_figures_names": ["1811.02553v4-Figure9-1.png"], "answer": "The quality of gradient estimation increases as the number of state-action pairs used in estimation increases."}}