{"0": {"question": "What is the relationship between the camera yaw angle and the silhouette distance?", "response": {"1812.00281v3-Figure16-1.png": ["Caption: Garment silhouette error.. Is the input image and caption helpful to answer the following question. Answer in one word - Yes or No. Question: What is the relationship between the camera yaw angle and the silhouette distance?. 10% of a circle (27 degrees)", "Caption: Garment silhouette error.. Please provide a brief answer to the following question after looking into the input image and caption. Question: What is the relationship between the camera yaw angle and the silhouette distance?. Inversely proportional"]}, "referred_figures_names": ["1812.00281v3-Figure16-1.png"], "answer": "The silhouette distance generally increases as the camera yaw angle increases."}, "1": {"question": "How does HUMBI compare to other datasets in terms of the number of subjects?", "response": {"1812.00281v3-Figure2-1.png": ["Caption: We present HUMBI that pushes towards two extremes: views and subjects. The view-specific appearance measured by 107 HD cameras regarding five elementary body expressions for 772 distinctive subjects.. Is the input image and caption helpful to answer the following question. Answer in one word - Yes or No. Question: How does HUMBI compare to other datasets in terms of the number of subjects?. 5,384 people\nYes", "Caption: We present HUMBI that pushes towards two extremes: views and subjects. The view-specific appearance measured by 107 HD cameras regarding five elementary body expressions for 772 distinctive subjects.. Please provide a brief answer to the following question after looking into the input image and caption. Question: How does HUMBI compare to other datasets in terms of the number of subjects?. Thousands"]}, "referred_figures_names": ["1812.00281v3-Figure2-1.png"], "answer": "HUMBI has the highest number of subjects compared to the other datasets."}, "2": {"question": "Which dataset has the most concentrated distribution of gaze and head pose?", "response": {"1812.00281v3-Figure6-1.png": ["Caption: Distribution of head pose, gaze and eye pose in normalized space for MPII-Gaze, UT-Multiview, RT-GENE and HUMBI. Horizontal and vertical axis represent yaw and pitch angle respectively (unit: degree).. Is the input image and caption helpful to answer the following question. Answer in one word - Yes or No. Question: Which dataset has the most concentrated distribution of gaze and head pose?. 1080p video frames from YouTube videos are used as a source data set by researchers who want more realistic images than those generated using synthetic ones like CelebA face datasets have been widely adopted due their high quality but also", "Caption: Distribution of head pose, gaze and eye pose in normalized space for MPII-Gaze, UT-Multiview, RT-GENE and HUMBI. Horizontal and vertical axis represent yaw and pitch angle respectively (unit: degree).. Please provide a brief answer to the following question after looking into the input image and caption. Question: Which dataset has the most concentrated distribution of gaze and head pose?. MPII-Gaze"]}, "referred_figures_names": ["1812.00281v3-Figure6-1.png"], "answer": "MPII-Gaze"}, "3": {"question": "What are the differences between the results of the monocular 3D body prediction network trained with different dataset combinations?", "response": {"1812.00281v3-Figure15-1.png": ["Caption: The qualitative results of the monocular 3D body prediction network trained with different dataset combination. The top and bottom show the results tested on UP-3D and HUMBI Body respectively.. Is the input image and caption helpful to answer the following question. Answer in one word - Yes or No. Question: What are the differences between the results of the monocular 3D body prediction network trained with different dataset combinations?. 1920x675, 480p, 1/fps, 10 frames, 1 person (UP\\_3d) vs another video showing a man walking around an office space at nighttime while", "Caption: The qualitative results of the monocular 3D body prediction network trained with different dataset combination. The top and bottom show the results tested on UP-3D and HUMBI Body respectively.. Please provide a brief answer to the following question after looking into the input image and caption. Question: What are the differences between the results of the monocular 3D body prediction network trained with different dataset combinations?. There are several differences between the results of the monocular 3D body prediction network trained with different dataset combinations."]}, "referred_figures_names": ["1812.00281v3-Figure15-1.png"], "answer": "The results of the monocular 3D body prediction network trained with different dataset combinations show that the Up3d+HUMBI dataset combination produces the most accurate results. This is evident in the images where the predicted 3D body poses are closer to the ground-truth poses than the other dataset combinations."}, "4": {"question": "What are the different stages of HUMBI body and cloth reconstruction?", "response": {"1812.00281v3-Figure11-1.png": ["Caption: HUMBI body and cloth reconstruction results.. Is the input image and caption helpful to answer the following question. Answer in one word - Yes or No. Question: What are the different stages of HUMBI body and cloth reconstruction?. 10 steps? yes no unknown numbered steps\nYes, it is a human model with clothes on top that has been reconstructured using some sort software program called Humbi Body And Cloth Reconstructions Results; there's an", "Caption: HUMBI body and cloth reconstruction results.. Please provide a brief answer to the following question after looking into the input image and caption. Question: What are the different stages of HUMBI body and cloth reconstruction?. 1 2 3 4 5 6 7 8 9 10 11 12 13 14 15 16 17 18 19 20 21 22 23 24 25 26 27 28 29 30 31 32 33 34 35 36 37 38 39 40 41 42 43 44 45 46 47 48 49 50 51 52 53 54 55 56 57 58 59 60 61 62 63 64 65 66 67 68 69 70 71 72 73 74 75 76 77 78 79 80 81 82 83 84 85 86 87 88"]}, "referred_figures_names": ["1812.00281v3-Figure11-1.png"], "answer": "The different stages of HUMBI body and cloth reconstruction are: \n1. Input image of the person (Ibody)\n2. Keypoint estimation (Kbody)\n3. Occupancy map generation (Obody)\n4. Body model fitting (Mbody)\n5. Cloth model fitting (Mcloth)"}, "5": {"question": "Which dataset performs best when used alone for training a 3D body keypoint prediction model, and how does its performance compare to models trained on combined datasets?", "response": {"1812.00281v3-Table7-1.png": ["Caption: Table 7: Cross-data evaluation results of 3D body keypoint prediction. Metric is AUC of PCK calculated over an error range of 0-150 mm.. Is the input image and caption helpful to answer the following question. Answer in one word - Yes or No. Question: Which dataset performs best when used alone for training a 3D body keypoint prediction model, and how does its performance compare to models trained on combined datasets?. 24869", "Caption: Table 7: Cross-data evaluation results of 3D body keypoint prediction. Metric is AUC of PCK calculated over an error range of 0-150 mm.. Please provide a brief answer to the following question after looking into the input image and caption. Question: Which dataset performs best when used alone for training a 3D body keypoint prediction model, and how does its performance compare to models trained on combined datasets?. The dataset that performs best when used alone for training a 3D body keypoint prediction model is the MPII Human3.6 Dataset."]}, "referred_figures_names": ["1812.00281v3-Table7-1.png"], "answer": "HUMBI performs best when used alone for training, with an average AUC of 0.399. While this is lower than the average AUC of models trained on combined datasets (0.433 for H36M+HUMBI and 0.413 for MI3D+HUMBI), HUMBI still achieves the highest score among the individual datasets."}, "6": {"question": "Which training data configuration resulted in the lowest prediction error for both UP-3D and HUMBI test sets?", "response": {"1812.00281v3-Table8-1.png": ["Caption: Table 8: The mean error of 3D body mesh prediction for cross-data evaluation (unit: pixel).. Is the input image and caption helpful to answer the following question. Answer in one word - Yes or No. Question: Which training data configuration resulted in the lowest prediction error for both UP-3D and HUMBI test sets?. 1024x769", "Caption: Table 8: The mean error of 3D body mesh prediction for cross-data evaluation (unit: pixel).. Please provide a brief answer to the following question after looking into the input image and caption. Question: Which training data configuration resulted in the lowest prediction error for both UP-3D and HUMBI test sets?. 1024x1024"]}, "referred_figures_names": ["1812.00281v3-Table8-1.png"], "answer": "Training with UP-3D + HUMBI resulted in the lowest prediction error for both UP-3D and HUMBI test sets."}, "7": {"question": "How does the number of cameras used affect the accuracy of the garment reconstruction?", "response": {"1812.00281v3-Figure8-1.png": ["Caption: We conduct camera-ablation study to evaluate the accuracy of the garment reconstruction in terms of the density (left) and the accuracy (right).. Is the input image and caption helpful to answer the following question. Answer in one word - Yes or No. Question: How does the number of cameras used affect the accuracy of the garment reconstruction?. 10, yes it is more accurate with a higher count but not necessary for good results as long there are enough images available from different angles/positions that cover all parts of your body\nYes | no", "Caption: We conduct camera-ablation study to evaluate the accuracy of the garment reconstruction in terms of the density (left) and the accuracy (right).. Please provide a brief answer to the following question after looking into the input image and caption. Question: How does the number of cameras used affect the accuracy of the garment reconstruction?. The more cameras used, the higher the accuracy of the garment reconstruction."]}, "referred_figures_names": ["1812.00281v3-Figure8-1.png"], "answer": "The accuracy of the garment reconstruction increases as the number of cameras used increases."}, "8": {"question": "How does HUMBI capture diverse appearance of human expressions?", "response": {"1812.00281v3-Figure3-1.png": ["Caption: (Top and bottom) HUMBI includes 772 distinctive subjects across gender, ethnicity, age, clothing style, and physical condition, which generates diverse appearance of human expressions. (Middle) For each subject, 107 HD cameras capture her/his expressions including gaze, face, hand, body, and garment.. Is the input image and caption helpful to answer the following question. Answer in one word - Yes or No. Question: How does HUMBI capture diverse appearance of human expressions?. 369 times per second for every person captured by a camera? yes no", "Caption: (Top and bottom) HUMBI includes 772 distinctive subjects across gender, ethnicity, age, clothing style, and physical condition, which generates diverse appearance of human expressions. (Middle) For each subject, 107 HD cameras capture her/his expressions including gaze, face, hand, body, and garment.. Please provide a brief answer to the following question after looking into the input image and caption. Question: How does HUMBI capture diverse appearance of human expressions?. HUMBI captures diverse appearance of human expressions by using 772 distinctive subjects across gender, ethnicity, age, clothing style, and physical condition."]}, "referred_figures_names": ["1812.00281v3-Figure3-1.png"], "answer": "HUMBI includes 772 distinctive subjects across gender, ethnicity, age, clothing style, and physical condition, which generates diverse appearance of human expressions."}, "9": {"question": "What is the difference between the \"median appearance\" and the \"view-specific appearance\"?", "response": {"1812.00281v3-Figure4-1.png": ["Caption: View-specific appearance rendered from multiview images with median appearance and variance for (a) gaze, (b) face, (c) hand, (d) body.. Is the input image and caption helpful to answer the following question. Answer in one word - Yes or No. Question: What is the difference between the \"median appearance\" and the \"view-specific appearance\"?. ether way it's a picture of someone else made by you using your own data but different ways are used here\n(a) The same person appears differently each time because they change their pose slightly over multiple views while being photographed at once so", "Caption: View-specific appearance rendered from multiview images with median appearance and variance for (a) gaze, (b) face, (c) hand, (d) body.. Please provide a brief answer to the following question after looking into the input image and caption. Question: What is the difference between the \"median appearance\" and the \"view-specific appearance\"?. (d) body"]}, "referred_figures_names": ["1812.00281v3-Figure4-1.png"], "answer": "The median appearance is the average of all the multiview images, while the view-specific appearance is a single image that is rendered from a specific viewpoint."}, "10": {"question": "What is the purpose of the decoder in the 3D mesh prediction pipeline?", "response": {"1812.00281v3-Figure12-1.png": ["Caption: The training setup for 3D mesh prediction from a single image.. Is the input image and caption helpful to answer the following question. Answer in one word - Yes or No. Question: What is the purpose of the decoder in the 3D mesh prediction pipeline?. 100% yes, it's used as an output layer\nThe images above showcase how different parts can be predicted by using machine learning techniques on facial data; this includes predicting various features such as eyes shape (left), nose", "Caption: The training setup for 3D mesh prediction from a single image.. Please provide a brief answer to the following question after looking into the input image and caption. Question: What is the purpose of the decoder in the 3D mesh prediction pipeline?. Predict 3D mesh"]}, "referred_figures_names": ["1812.00281v3-Figure12-1.png"], "answer": "The decoder is responsible for generating the final 3D mesh from the intermediate representations produced by the regression network."}, "11": {"question": "Which dataset provides data for **both** facial expressions and full-body motion capture, including clothing, in a natural setting (not synthesized)? ", "response": {"1812.00281v3-Table1-1.png": ["Caption: Table 1: Human body expression datasets.. Is the input image and caption helpful to answer the following question. Answer in one word - Yes or No. Question: Which dataset provides data for **both** facial expressions and full-body motion capture, including clothing, in a natural setting (not synthesized)? . 2016/07\nYes", "Caption: Table 1: Human body expression datasets.. Please provide a brief answer to the following question after looking into the input image and caption. Question: Which dataset provides data for **both** facial expressions and full-body motion capture, including clothing, in a natural setting (not synthesized)? ."]}, "referred_figures_names": ["1812.00281v3-Table1-1.png"], "answer": "HUMBI is the only dataset that provides data for both facial expressions and full-body motion capture, including clothing, in a natural setting. "}}