{"0": {"question": "What is the difference between an overlapping case and an error case?", "response": {"1812.10735v2-Figure6-1.png": ["Caption: Figure 6: Examples of overlapping case and error case. The a/m is short for anecdotes/miscellaneous.. Is the input image and caption helpful to answer the following question. Answer in one word - Yes or No. Question: What is the difference between an overlapping case and an error case?. 1024x785", "Caption: Figure 6: Examples of overlapping case and error case. The a/m is short for anecdotes/miscellaneous.. Please provide a brief answer to the following question after looking into the input image and caption. Question: What is the difference between an overlapping case and an error case?. An overlapping case is a case that is both an error case and an anecdote, while an error case is a case that is neither an error case nor an anecdote."]}, "referred_figures_names": ["1812.10735v2-Figure6-1.png"], "answer": "An overlapping case is when multiple aspects share the same opinion snippet, while an error case is when the model incorrectly identifies an aspect or opinion."}, "1": {"question": "Which dataset has a higher proportion of sentences containing multiple aspects: Rest14 or Rest15?", "response": {"1812.10735v2-Table1-1.png": ["Caption: Table 1: The numbers of single- and multi-aspect sentences. OL and NOL denote the overlapping and nonoverlapping multi-aspect sentences, respectively.. Is the input image and caption helpful to answer the following question. Answer in one word - Yes or No. Question: Which dataset has a higher proportion of sentences containing multiple aspects: Rest14 or Rest15?. 20% more than rest36987 are present for Rest15 compared with those that contain only two aspect tags (Rest14) at 1/3rd less cost per tagged sentence on average as well!", "Caption: Table 1: The numbers of single- and multi-aspect sentences. OL and NOL denote the overlapping and nonoverlapping multi-aspect sentences, respectively.. Please provide a brief answer to the following question after looking into the input image and caption. Question: Which dataset has a higher proportion of sentences containing multiple aspects: Rest14 or Rest15?. Rest14"]}, "referred_figures_names": ["1812.10735v2-Table1-1.png"], "answer": "Rest14 has a higher proportion of sentences containing multiple aspects compared to Rest15."}, "2": {"question": "Why do you think the performance of all models is generally lower on Rest15 compared to Rest14?", "response": {"1812.10735v2-Table4-1.png": ["Caption: Table 4: Results of the ACD task. Rest14 has 5 aspect categories while Rest15 has 13 ones.. Is the input image and caption helpful to answer the following question. Answer in one word - Yes or No. Question: Why do you think the performance of all models is generally lower on Rest15 compared to Rest14?. 2017-06-19_rest15_vs\\_rest14", "Caption: Table 4: Results of the ACD task. Rest14 has 5 aspect categories while Rest15 has 13 ones.. Please provide a brief answer to the following question after looking into the input image and caption. Question: Why do you think the performance of all models is generally lower on Rest15 compared to Rest14?. The number of aspect categories in Rest15 is higher than in Rest14"]}, "referred_figures_names": ["1812.10735v2-Table4-1.png"], "answer": "The performance of all models is generally lower on Rest15 because it has a larger number of aspect categories (13) compared to Rest14 (5). This increased complexity makes it more challenging for the models to accurately identify and classify the aspects."}, "3": {"question": "Which model performed best on the Rest15 dataset for binary classification, and how does its performance compare to the best model for 3-way classification on the same dataset?", "response": {"1812.10735v2-Table3-1.png": ["Caption: Table 3: Results of the ALSC task in multi-task settings in terms of accuracy (%) and Macro-F1 (%).. Is the input image and caption helpful to answer the following question. Answer in one word - Yes or No. Question: Which model performed best on the Rest15 dataset for binary classification, and how does its performance compare to the best model for 3-way classification on the same dataset?. 2016\\_Rest15_binary\nYes", "Caption: Table 3: Results of the ALSC task in multi-task settings in terms of accuracy (%) and Macro-F1 (%).. Please provide a brief answer to the following question after looking into the input image and caption. Question: Which model performed best on the Rest15 dataset for binary classification, and how does its performance compare to the best model for 3-way classification on the same dataset?. Model 1"]}, "referred_figures_names": ["1812.10735v2-Table3-1.png"], "answer": "For binary classification on the Rest15 dataset, M-CAN-2$R_o$ achieved the highest performance with an accuracy of 82.14% and Macro-F1 of 81.58%. In comparison, the best performing model for 3-way classification on Rest15 was M-CAN-2$R_s$, achieving an accuracy of 78.22% and Macro-F1 of 55.80%. This indicates that M-CAN-2$R_o$ performed better in both accuracy and Macro-F1 for binary classification compared to the best model for 3-way classification on the same dataset."}, "4": {"question": "What are the two main tasks that the CAN network is designed to perform?", "response": {"1812.10735v2-Figure2-1.png": ["Caption: Figure 2: Network Architecture. The aspect categories are embedded as vectors. The model encodes the sentence using LSTM. Based on its hidden states, aspect-specific sentence representations for ALSC and ACD tasks are learned via constrained attention. Then aspect level sentiment prediction and aspect category detection are made.. Is the input image and caption helpful to answer the following question. Answer in one word - Yes or No. Question: What are the two main tasks that the CAN network is designed to perform?. 1) Sentiment analysis of textual data from a large corpus (ALC). This task involves analyzing various aspects such as opinion polarity towards products/services by extracting features like words used frequently with positive connotations versus negative ones", "Caption: Figure 2: Network Architecture. The aspect categories are embedded as vectors. The model encodes the sentence using LSTM. Based on its hidden states, aspect-specific sentence representations for ALSC and ACD tasks are learned via constrained attention. Then aspect level sentiment prediction and aspect category detection are made.. Please provide a brief answer to the following question after looking into the input image and caption. Question: What are the two main tasks that the CAN network is designed to perform?. Aspect Level Sentiment Prediction and Aspect Category Detection"]}, "referred_figures_names": ["1812.10735v2-Figure2-1.png"], "answer": "Aspect-level sentiment classification (ALSC) and aspect category detection (ACD)."}}