{"0": {"question": "How do the different methods compare in terms of their ability to generate realistic faces?", "response": {"1812.06589v2-Figure6-1.png": ["Caption: Qualitative results of ablation.. Is the input image and caption helpful to answer the following question. Answer in one word - Yes or No. Question: How do the different methods compare in terms of their ability to generate realistic faces?. 10 images are shown with a red box around each face, indicating that it is an example from this study's data set; there were no such boxes for any other examples on these pages (page numbers indicated). The numbered squares represent fa", "Caption: Qualitative results of ablation.. Please provide a brief answer to the following question after looking into the input image and caption. Question: How do the different methods compare in terms of their ability to generate realistic faces?. 1 2 3 4 5 6 7 8 9 10 11 12 13 14 15 16 17 18 19 20 21 22 23 24 25 26 27 28 29 30 31 32 33 34 35 36 37 38 39 40 41 42 43 44 45 46 47 48 49 50 51 52 53 54 55 56 57 58 59 60 61 62 63 64 65 66 67 68 69 70 71 72 73 74 75 76 77 78 79 80 81 82 83 84 85 86 87 88"]}, "referred_figures_names": ["1812.06589v2-Figure6-1.png"], "answer": "The baseline method generates faces that are blurry and unrealistic, while the other methods generate faces that are more realistic."}, "1": {"question": "What is the effect of adding DA to the baseline method?", "response": {"1812.06589v2-Table3-1.png": ["Caption: Ablation study of the key components AMIE and DA in our method as well as two strategies applied in AMIE: Asymmetric Training (Asy.) and JS represented estimator (JS). Ours = Baseline + AMIE + DA, and AMIE = MINE + Asy. + JS.. Is the input image and caption helpful to answer the following question. Answer in one word - Yes or No. Question: What is the effect of adding DA to the baseline method?. 0% increase on accuracy rate for both methods combined compared with their individual performance\nYes", "Caption: Ablation study of the key components AMIE and DA in our method as well as two strategies applied in AMIE: Asymmetric Training (Asy.) and JS represented estimator (JS). Ours = Baseline + AMIE + DA, and AMIE = MINE + Asy. + JS.. Please provide a brief answer to the following question after looking into the input image and caption. Question: What is the effect of adding DA to the baseline method?. Improved performance"]}, "referred_figures_names": ["1812.06589v2-Table3-1.png"], "answer": "Adding DA to the baseline method improves the PSNR and SSIM values, while slightly decreasing the LMD value."}, "2": {"question": "Which method performed the best on the GRID dataset?", "response": {"1812.06589v2-Table2-1.png": ["Caption: Cross-dataset evaluation of our method on GRID dataset pre-trained on LRW dataset.. Is the input image and caption helpful to answer the following question. Answer in one word - Yes or No. Question: Which method performed the best on the GRID dataset?. 1024x768", "Caption: Cross-dataset evaluation of our method on GRID dataset pre-trained on LRW dataset.. Please provide a brief answer to the following question after looking into the input image and caption. Question: Which method performed the best on the GRID dataset?. Our method"]}, "referred_figures_names": ["1812.06589v2-Table2-1.png"], "answer": "AMIE (Ours)"}, "3": {"question": "What is the role of the frame discriminator in the proposed method?", "response": {"1812.06589v2-Figure2-1.png": ["Caption: Figure 2: Pipeline of our proposed method.. Is the input image and caption helpful to answer the following question. Answer in one word - Yes or No. Question: What is the role of the frame discriminator in the proposed method?. 109876543\nYes, it's a yes/no type quiz! The output from this pipeline would be an audio signal that sounds like your voice? nope wrong picture", "Caption: Figure 2: Pipeline of our proposed method.. Please provide a brief answer to the following question after looking into the input image and caption. Question: What is the role of the frame discriminator in the proposed method?. Discriminating between real and fake images"]}, "referred_figures_names": ["1812.06589v2-Figure2-1.png"], "answer": "The frame discriminator is used to detect whether the generated frame and audio are matched or not."}, "4": {"question": "How does the dynamic attention block improve the transition of generated video for arbitrary identities?", "response": {"1812.06589v2-Figure4-1.png": ["Caption: Figure 4: The illustration of the proposed dynamic attention.. Is the input image and caption helpful to answer the following question. Answer in one word - Yes or No. Question: How does the dynamic attention block improve the transition of generated video for arbitrary identities?. 108976253_v1", "Caption: Figure 4: The illustration of the proposed dynamic attention.. Please provide a brief answer to the following question after looking into the input image and caption. Question: How does the dynamic attention block improve the transition of generated video for arbitrary identities?. It improves the transition of generated video for arbitrary identities by allowing the model to focus on different parts of the face at different times."]}, "referred_figures_names": ["1812.06589v2-Figure4-1.png"], "answer": "The dynamic attention block decouples the lip-related and identity-related information, allowing the network to focus on the most important area for generating realistic talking faces."}, "5": {"question": "Which method, AMIE or MINE, produces generated frames that are closer in distribution to the real frames?", "response": {"1812.06589v2-Figure3-1.png": ["Caption: Visualization of distributions of real and generated frames. We reduce the dimension of frames into two-dimension via PCA for better demonstration. It is obvious that the generated samples are closer to the real samples than that with original MINE.. Is the input image and caption helpful to answer the following question. Answer in one word - Yes or No. Question: Which method, AMIE or MINE, produces generated frames that are closer in distribution to the real frames?. 1089762435/Yes (Mine)", "Caption: Visualization of distributions of real and generated frames. We reduce the dimension of frames into two-dimension via PCA for better demonstration. It is obvious that the generated samples are closer to the real samples than that with original MINE.. Please provide a brief answer to the following question after looking into the input image and caption. Question: Which method, AMIE or MINE, produces generated frames that are closer in distribution to the real frames?. MINE"]}, "referred_figures_names": ["1812.06589v2-Figure3-1.png"], "answer": "MINE"}, "6": {"question": " What are the limitations of the Zhou \\textit{et al.} and Chen \\textit{et al.} methods for generating talking-face videos, as compared to the method proposed in the paper?", "response": {"1812.06589v2-Figure5-1.png": ["Caption: Figure 5: Generation examples of our method comparing with Ground Truth (G.T.) (a), and Zhou et al. and Chen et al. (b). (Better zoom in to see the detail).. Is the input image and caption helpful to answer the following question. Answer in one word - Yes or No. Question:  What are the limitations of the Zhou \\textit{et al.} and Chen \\textit{et al.} methods for generating talking-face videos, as compared to the method proposed in the paper?. 1024x768 resolution is not high enough | The authors do a poor job at capturing subtle details such as lip shape variations caused by speech sounds that they should be able capture given their advanced model architecture\n| They have", "Caption: Figure 5: Generation examples of our method comparing with Ground Truth (G.T.) (a), and Zhou et al. and Chen et al. (b). (Better zoom in to see the detail).. Please provide a brief answer to the following question after looking into the input image and caption. Question:  What are the limitations of the Zhou \\textit{et al.} and Chen \\textit{et al.} methods for generating talking-face videos, as compared to the method proposed in the paper?. 1) 2) 3) 4) 5) 6) 7) 8) 9) 10) 11) 12) 13) 14) 15) 16) 17) 18) 19) 20) 21) 22) 23) 24) 25) 26) 27) 28) 29) 30) 31) 32) 33) 34) 35) 36) 37) 38) 39) 40) 41) 42) 43) 44) 45) 46) 47) 48) 49) 50) 51) 52) 53) 54) 55) 56) 57) 58) 59) 60) 61) 62) 63) 64) 65) 66)"]}, "referred_figures_names": ["1812.06589v2-Figure5-1.png"], "answer": " The Zhou \\textit{et al.} method suffers from a \"zoom-in-and-out\" effect, while the Chen \\textit{et al.} method produces lip shapes that differ from the real ones."}, "7": {"question": "Which method performed the best according to the LMD metric?", "response": {"1812.06589v2-Table1-1.png": ["Caption: Quantitative results.. Is the input image and caption helpful to answer the following question. Answer in one word - Yes or No. Question: Which method performed the best according to the LMD metric?. 1024x768", "Caption: Quantitative results.. Please provide a brief answer to the following question after looking into the input image and caption. Question: Which method performed the best according to the LMD metric?. 1 2 3 4 5 6 7 8 9 10 11 12 13 14 15 16 17 18 19 20 21 22 23 24 25 26 27 28 29 30 31 32 33 34 35 36 37 38 39 40 41 42 43 44 45 46 47 48 49 50 51 52 53 54 55 56 57 58 59 60 61 62 63 64 65 66 67 68 69 70 71 72 73 74 75 76 77 78 79 80 81 82 83 84 85 86 87 88"]}, "referred_figures_names": ["1812.06589v2-Table1-1.png"], "answer": "AMIE (Ours)"}}