{"0": {"question": "How does the Multi-DPP module increase diversity within the selected time-steps?", "response": {"1812.00108v4-Figure2-1.png": ["Caption: Figure 2: Multi-DPP is applied to increase diversity within the selected time-steps. When view labels are available, we also use cross-entropy to learn representative view(s) at each time-step.. Is the input image and caption helpful to answer the following question. Answer in one word - Yes or No. Question: How does the Multi-DPP module increase diversity within the selected time-steps?. \u200bYes", "Caption: Figure 2: Multi-DPP is applied to increase diversity within the selected time-steps. When view labels are available, we also use cross-entropy to learn representative view(s) at each time-step.. Please provide a brief answer to the following question after looking into the input image and caption. Question: How does the Multi-DPP module increase diversity within the selected time-steps?. The Multi-DPP module increases diversity within the selected time-steps by learning representative views at each time-step using cross-entropy."]}, "referred_figures_names": ["1812.00108v4-Figure2-1.png"], "answer": "The Multi-DPP module increases diversity within the selected time-steps by using a determinantal point process (DPP) to select a subset of diverse time-steps from the input sequence."}, "1": {"question": "How does the performance of the model change as the number of views increases?", "response": {"1812.00108v4-Table3-1.png": ["Caption: Scalability Analysis: Our framework can be trained and tested on data of different number-of-views.. Is the input image and caption helpful to answer the following question. Answer in one word - Yes or No. Question: How does the performance of the model change as the number of views increases?. 2 Views, 360 Recall = .5748; 19 Views, FL Score (Recall) = \\_\\_\nYes", "Caption: Scalability Analysis: Our framework can be trained and tested on data of different number-of-views.. Please provide a brief answer to the following question after looking into the input image and caption. Question: How does the performance of the model change as the number of views increases?. The performance of the model decreases as the number of views increases."]}, "referred_figures_names": ["1812.00108v4-Table3-1.png"], "answer": "The performance of the model generally improves as the number of views increases. For example, when the model is trained and tested on two-view data, the F1-score is 29.67. However, when the model is trained and tested on three-view data, the F1-score increases to 30.2. This suggests that the model is able to learn more effectively from data with more views."}, "2": {"question": "Which method achieved the highest F1 score on the Lobby dataset?", "response": {"1812.00108v4-Table2-1.png": ["Caption: Fixed-cameras multi-view f1-scores. We train our supervised model on Multi-Ego and test it on three datasets.. Is the input image and caption helpful to answer the following question. Answer in one word - Yes or No. Question: Which method achieved the highest F1 score on the Lobby dataset?. 2017", "Caption: Fixed-cameras multi-view f1-scores. We train our supervised model on Multi-Ego and test it on three datasets.. Please provide a brief answer to the following question after looking into the input image and caption. Question: Which method achieved the highest F1 score on the Lobby dataset?. Yes"]}, "referred_figures_names": ["1812.00108v4-Table2-1.png"], "answer": "Ours-supervised achieved the highest F1 score on the Lobby dataset with a score of 93.4."}}