{"0": {"question": " Which type of review was more accurately identified by the human evaluators, human-written or machine-generated? ", "response": {"1901.00398v2-Figure2-1.png": ["Caption: Figure 2: Accuracy of human evaluators on individual reviews: H1 - individual votes; H2 - majority votes.. Is the input image and caption helpful to answer the following question. Answer in one word - Yes or No. Question:  Which type of review was more accurately identified by the human evaluators, human-written or machine-generated? .  Human written\nYes", "Caption: Figure 2: Accuracy of human evaluators on individual reviews: H1 - individual votes; H2 - majority votes.. Please provide a brief answer to the following question after looking into the input image and caption. Question:  Which type of review was more accurately identified by the human evaluators, human-written or machine-generated? ."]}, "referred_figures_names": ["1901.00398v2-Figure2-1.png"], "answer": "The human evaluators were more accurate at identifying human-written reviews than machine-generated reviews."}, "1": {"question": "Which type of generator generally produced reviews that were most easily identified as machine-generated by the meta-adversarial evaluators?", "response": {"1901.00398v2-Table4-1.png": ["Caption: Table 4: Accuracy of deep (LSTM, CNN, CNN & LSTM) and shallow (SVM, RF, NB, XGBoost) meta-adversarial evaluators. The lower the better. Meta-adversarial evaluators do better than humans on individual reviews, with less bias between the two classes. GAN-based generators are considered best by meta-adversarial evaluators.. Is the input image and caption helpful to answer the following question. Answer in one word - Yes or No. Question: Which type of generator generally produced reviews that were most easily identified as machine-generated by the meta-adversarial evaluators?. 10%\nNo; 90%; 25%. I'm sorry this is not a valid option for your book based upon my research at present time it seems there isn t enough data available yet from recent papers/researches", "Caption: Table 4: Accuracy of deep (LSTM, CNN, CNN & LSTM) and shallow (SVM, RF, NB, XGBoost) meta-adversarial evaluators. The lower the better. Meta-adversarial evaluators do better than humans on individual reviews, with less bias between the two classes. GAN-based generators are considered best by meta-adversarial evaluators.. Please provide a brief answer to the following question after looking into the input image and caption. Question: Which type of generator generally produced reviews that were most easily identified as machine-generated by the meta-adversarial evaluators?. GAN-based generators"]}, "referred_figures_names": ["1901.00398v2-Table4-1.png"], "answer": "MLE SeqGAN and Word LSTM with temperature 1.0."}, "2": {"question": "What is the task that the AMT workers are being asked to do?", "response": {"1901.00398v2-Figure8-1.png": ["Caption: Figure 8: Screenshot of the instructions presented to Amazon Mechanical Turk workers.. Is the input image and caption helpful to answer the following question. Answer in one word - Yes or No. Question: What is the task that the AMT workers are being asked to do?. 10 questions?", "Caption: Figure 8: Screenshot of the instructions presented to Amazon Mechanical Turk workers.. Please provide a brief answer to the following question after looking into the input image and caption. Question: What is the task that the AMT workers are being asked to do?. HIT (Human Intelligence Task)"]}, "referred_figures_names": ["1901.00398v2-Figure8-1.png"], "answer": "The AMT workers are being asked to decide whether each of twenty one paragraphs extracted from product reviews is real (written by a person) or fake (written by a computer algorithm)."}}