{"0": {"question": "What is the range of values for the context number hyperparameter?", "response": {"1901.00056v2-Table5-1.png": ["Caption: Hyperparameter settings.. Is the input image and caption helpful to answer the following question. Answer in one word - Yes or No. Question: What is the range of values for the context number hyperparameter?. 10,256 length=384 learning\\_rate = adagrad", "Caption: Hyperparameter settings.. Please provide a brief answer to the following question after looking into the input image and caption. Question: What is the range of values for the context number hyperparameter?. 1 2 3 4 5 6 7 8 9 10 11 12 13 14 15 16 17 18 19 20 21 22 23 24 25 26 27 28 29 30 31 32 33 34 35 36 37 38 39 40 41 42 43 44 45 46 47 48 49 50 51 52 53 54 55 56 57 58 59 60 61 62 63 64 65 66 67 68 69 70 71 72 73 74 75 76 77 78 79 80 81 82 83 84 85 86 87 88"]}, "referred_figures_names": ["1901.00056v2-Table5-1.png"], "answer": "The range of values for the context number hyperparameter is from 1 to 20."}, "1": {"question": "What is the effect of increasing the margin on the AUC and MAP values?", "response": {"1901.00056v2-Figure3-1.png": ["Caption: Sensitivity analysis.. Is the input image and caption helpful to answer the following question. Answer in one word - Yes or No. Question: What is the effect of increasing the margin on the AUC and MAP values?. 10% increase for both metrics, but a larger decrease with decreasing sample size (number) than number of features used by each algorithm; also note that there are more points at which these effects cross over as you move from leftmost plot towards", "Caption: Sensitivity analysis.. Please provide a brief answer to the following question after looking into the input image and caption. Question: What is the effect of increasing the margin on the AUC and MAP values?. Decrease in AUC and increase in MAP"]}, "referred_figures_names": ["1901.00056v2-Figure3-1.png"], "answer": "The AUC and MAP values initially increase with increasing margin, but then decrease after a certain point."}, "2": {"question": "Which model and training objective combination performs best on the PubMed + UMLS dataset, and how does it compare to the DPE baseline?", "response": {"1901.00056v2-Table2-1.png": ["Caption: Table 2: Test performance in AUC and MAP on three datasets. \u2020 indicates the significant improvement over all baselines (p < 0.05).. Is the input image and caption helpful to answer the following question. Answer in one word - Yes or No. Question: Which model and training objective combination performs best on the PubMed + UMLS dataset, and how does it compare to the DPE baseline?. 1984-367 Model with a cross entropy loss function has an average precision of about $0\\$.$0.\\_$, which is significantly better than both the DPMF and SVM models that have been trained using this", "Caption: Table 2: Test performance in AUC and MAP on three datasets. \u2020 indicates the significant improvement over all baselines (p < 0.05).. Please provide a brief answer to the following question after looking into the input image and caption. Question: Which model and training objective combination performs best on the PubMed + UMLS dataset, and how does it compare to the DPE baseline?. PubMed + UMLS"]}, "referred_figures_names": ["1901.00056v2-Table2-1.png"], "answer": "The SYNONYMNET(Pairwise) model with Leaky Unit performs best on the PubMed + UMLS dataset, achieving an AUC of 0.9838 and a MAP of 0.9872. This is a statistically significant improvement over the DPE baseline, which achieved an AUC of 0.9513 and a MAP of 0.9623."}, "3": {"question": "Which dataset has the most entities?", "response": {"1901.00056v2-Table1-1.png": ["Caption: Dataset Statistics.. Is the input image and caption helpful to answer the following question. Answer in one word - Yes or No. Question: Which dataset has the most entities?. 10kenglish", "Caption: Dataset Statistics.. Please provide a brief answer to the following question after looking into the input image and caption. Question: Which dataset has the most entities?. Wikifreebase"]}, "referred_figures_names": ["1901.00056v2-Table1-1.png"], "answer": "MedBook + MKG"}, "4": {"question": "What are the four steps involved in the synonym discovery process using {\\modelname}?", "response": {"1901.00056v2-Figure2-1.png": ["Caption: Figure 2: Synonym discovery during the inference phase with SYNONYMNET.. Is the input image and caption helpful to answer the following question. Answer in one word - Yes or No. Question: What are the four steps involved in the synonym discovery process using {\\modelname}?. 1) Query-Answer Discovery (QAD): The system receives a query from user, which is then processed by QA engine for generating an appropriate response based on its knowledge base of facts/entities; it also includes some reasoning capabilities like", "Caption: Figure 2: Synonym discovery during the inference phase with SYNONYMNET.. Please provide a brief answer to the following question after looking into the input image and caption. Question: What are the four steps involved in the synonym discovery process using {\\modelname}?."]}, "referred_figures_names": ["1901.00056v2-Figure2-1.png"], "answer": " The four steps involved in the synonym discovery process are: \n\n1. **Entity representation learning:** Learn entity representations from the corpus using WEMBED.\n2. **NN search:** Perform a nearest neighbor search to find candidate entities for the query entity.\n3. **Synonym score calculation:** Calculate the synonym score between the query entity and each candidate entity using SYNONYM NET.\n4. **Synonym entity discovery:** Select the candidate entities with the highest synonym scores as the discovered synonym entities."}, "5": {"question": "What is the role of the Leaky Unit in the SYNONYMNET model?", "response": {"1901.00056v2-Figure1-1.png": ["Caption: Overview of the proposed model SYNONYMNET. The diamonds are entities. Each circle is associated with a piece of context in which an entity appears. SYNONYMNET learns to minimize the loss calculated using multiple pieces of contexts via bilateral matching with leaky units.. Is the input image and caption helpful to answer the following question. Answer in one word - Yes or No. Question: What is the role of the Leaky Unit in the SYNONYMNET model?. 1920'S FASHION TRENDS\nYes, I read that book!", "Caption: Overview of the proposed model SYNONYMNET. The diamonds are entities. Each circle is associated with a piece of context in which an entity appears. SYNONYMNET learns to minimize the loss calculated using multiple pieces of contexts via bilateral matching with leaky units.. Please provide a brief answer to the following question after looking into the input image and caption. Question: What is the role of the Leaky Unit in the SYNONYMNET model?. Learning to minimize the loss calculated using multiple pieces of contexts via bilateral matching with leaky units"]}, "referred_figures_names": ["1901.00056v2-Figure1-1.png"], "answer": "The Leaky Unit helps to aggregate the context information from different sources and allows the model to learn the relationships between entities and their contexts."}, "6": {"question": "Which dataset and evaluation metric combination shows the largest performance gap between the best performing model and the baseline model DPE?", "response": {"1901.00056v2-Table4-1.png": ["Caption: Table 4: Performance on Synonym Discovery.. Is the input image and caption helpful to answer the following question. Answer in one word - Yes or No. Question: Which dataset and evaluation metric combination shows the largest performance gap between the best performing model and the baseline model DPE?. 1024x768, MAPE-MSE", "Caption: Table 4: Performance on Synonym Discovery.. Please provide a brief answer to the following question after looking into the input image and caption. Question: Which dataset and evaluation metric combination shows the largest performance gap between the best performing model and the baseline model DPE?. English-to-English (English-to-English)"]}, "referred_figures_names": ["1901.00056v2-Table4-1.png"], "answer": "The largest performance gap is observed in the PubMed + UMLS dataset using the F1@K metric with K=1."}}