{"0": {"question": "Which estimator performs best in the presence of noisy confounders and how does it compare to the Covariate Control (CC) estimator?", "response": {"1906.10843v1-Table5-1.png": ["Caption: Table 5: Performance of different ATETR estimators when noisy confounders are observed. Estimators are Adversarial Balancing (AB), Covariate Control (CC), Entrophy Balancing (EB), Inverse Propensity Weighing (IPW), Naive mean comparison and Outcome Regression (OR). Similar to the results in Table 4, EB outperforms across all measures. Similar to Table 4, simple CC estimator provides a comparable performance to EB.. Is the input image and caption helpful to answer the following question. Answer in one word - Yes or No. Question: Which estimator performs best in the presence of noisy confounders and how does it compare to the Covariate Control (CC) estimator?. 10286793-cbaaaeeaaedfbbbdfdffdddcbfebdeeeabbeafcdcbadbdcccaacaca\"Yes.\"", "Caption: Table 5: Performance of different ATETR estimators when noisy confounders are observed. Estimators are Adversarial Balancing (AB), Covariate Control (CC), Entrophy Balancing (EB), Inverse Propensity Weighing (IPW), Naive mean comparison and Outcome Regression (OR). Similar to the results in Table 4, EB outperforms across all measures. Similar to Table 4, simple CC estimator provides a comparable performance to EB.. Please provide a brief answer to the following question after looking into the input image and caption. Question: Which estimator performs best in the presence of noisy confounders and how does it compare to the Covariate Control (CC) estimator?. Entrophy Balancing (EB)"]}, "referred_figures_names": ["1906.10843v1-Table5-1.png"], "answer": "The Entropy Balancing (EB) estimator performs best across all measures (Bias, MAE, and MSE) when confounders are noisy. While the CC estimator also performs well, it exhibits slightly higher bias and MAE compared to EB."}, "1": {"question": "Which ATE estimator is most affected by the presence of noisy confounders?", "response": {"1906.10843v1-Figure6-1.png": ["Caption: Figure 6: Performance of different ATE estimators when noisy confounders are observed. Increase in variances of OR and DR, AB retains performance characteristics.. Is the input image and caption helpful to answer the following question. Answer in one word - Yes or No. Question: Which ATE estimator is most affected by the presence of noisy confounders?. 10%\n25%", "Caption: Figure 6: Performance of different ATE estimators when noisy confounders are observed. Increase in variances of OR and DR, AB retains performance characteristics.. Please provide a brief answer to the following question after looking into the input image and caption. Question: Which ATE estimator is most affected by the presence of noisy confounders?. Cox Proportional Hazard"]}, "referred_figures_names": ["1906.10843v1-Figure6-1.png"], "answer": "Outcome Regression (OR)"}, "2": {"question": "Which estimator has the smallest bias and best MSE performance in the case of fully observed confounders?", "response": {"1906.10843v1-Figure7-1.png": ["Caption: Figure 7: Performance of different ATETR estimators when true confounders are fully observed. CC and EB outperforms AB in contrast to ATE.. Is the input image and caption helpful to answer the following question. Answer in one word - Yes or No. Question: Which estimator has the smallest bias and best MSE performance in the case of fully observed confounders?. 1024x568", "Caption: Figure 7: Performance of different ATETR estimators when true confounders are fully observed. CC and EB outperforms AB in contrast to ATE.. Please provide a brief answer to the following question after looking into the input image and caption. Question: Which estimator has the smallest bias and best MSE performance in the case of fully observed confounders?. Contrast Confounding Estimator (CC)"]}, "referred_figures_names": ["1906.10843v1-Figure7-1.png"], "answer": "The Entropy Balancing (EB) and Covariate Control (CC) estimators."}}