{"0": {"question": "Which model performed the best on the test data?", "response": {"1906.06589v3-Table10-1.png": ["Caption: DMP does not pose membership inference risk to the possibly sensitive reference data. Aref and Atest are accuracies of protected model, \u03b8p, on Xref and Dtest, respectively.. Is the input image and caption helpful to answer the following question. Answer in one word - Yes or No. Question: Which model performed the best on the test data?. 1024x768", "Caption: DMP does not pose membership inference risk to the possibly sensitive reference data. Aref and Atest are accuracies of protected model, \u03b8p, on Xref and Dtest, respectively.. Please provide a brief answer to the following question after looking into the input image and caption. Question: Which model performed the best on the test data?. Aref"]}, "referred_figures_names": ["1906.06589v3-Table10-1.png"], "answer": "P-FC"}, "1": {"question": "How does the size of the reference set ($X_\\textsf{ref}$) used for DMP training differ between the Purchase/Texas datasets and the CIFAR datasets? Explain the rationale behind this difference.", "response": {"1906.06589v3-Table1-1.png": ["Caption: Table 1: All the dataset splits are disjoint. D, D\u2032 data are the members and non-members ofDtr known to MIA adversary.. Is the input image and caption helpful to answer the following question. Answer in one word - Yes or No. Question: How does the size of the reference set ($X_\\textsf{ref}$) used for DMP training differ between the Purchase/Texas datasets and the CIFAR datasets? Explain the rationale behind this difference.. 20 times larger than cifar images on average but smaller by a factor $3\\times$ compared with purchase\\_texa sized sets (Table \\#4). The table is not labeled as such because it's hardcoded", "Caption: Table 1: All the dataset splits are disjoint. D, D\u2032 data are the members and non-members ofDtr known to MIA adversary.. Please provide a brief answer to the following question after looking into the input image and caption. Question: How does the size of the reference set ($X_\\textsf{ref}$) used for DMP training differ between the Purchase/Texas datasets and the CIFAR datasets? Explain the rationale behind this difference.. The CIFAR datasets are much smaller than the Purchase/Texas datasets"]}, "referred_figures_names": ["1906.06589v3-Table1-1.png"], "answer": "For Purchase and Texas datasets, $X_\\textsf{ref}$ is specifically selected and contains 10,000 data points. In contrast, for CIFAR datasets, the entire remaining data (25,000 points) after selecting $D_\\textsf{tr}$ is used as $X_\\textsf{ref}$. This difference is due to the smaller size of the CIFAR datasets. Using the entire remaining data as $X_\\textsf{ref}$ ensures sufficient data for effective DMP training in these cases."}, "2": {"question": "What is the relationship between the average X_ref entropy and the generalization gap?", "response": {"1906.06589v3-Figure2-1.png": ["Caption: The lower the entropy of predictions of unprotected model on Xref , the higher the membership privacy.. Is the input image and caption helpful to answer the following question. Answer in one word - Yes or No. Question: What is the relationship between the average X_ref entropy and the generalization gap?. 10% (Yes) no", "Caption: The lower the entropy of predictions of unprotected model on Xref , the higher the membership privacy.. Please provide a brief answer to the following question after looking into the input image and caption. Question: What is the relationship between the average X_ref entropy and the generalization gap?. They are inversely proportional"]}, "referred_figures_names": ["1906.06589v3-Figure2-1.png"], "answer": "The generalization gap increases as the average X_ref entropy increases."}}