{"0": {"question": "Which agent values the entire share $Z_j$?", "response": {"1603.00286v5-Figure3-1.png": ["Yes ", "J "]}, "referred_figures_names": ["1603.00286v5-Figure3-1.png"], "answer": "Agent $j$."}, "1": {"question": "What is the purpose of the blank space labeled Z'5?", "response": {"1603.00286v5-Figure4-1.png": ["Yes ", "To be filled with a piece. "]}, "referred_figures_names": ["1603.00286v5-Figure4-1.png"], "answer": "The blank space labeled Z'5 is used to complete the allocation of the original pieces."}, "2": {"question": "What can you say about the relationship between the complexity of a cake shape and the minimum number of blanks required for a complete partition into smaller pieces?", "response": {"1603.00286v5-Table1-1.png": ["Yes. ", "The complexity of a cake shape is inversely proportional to the minimum number of blanks required for a complete partition into smaller pieces. "]}, "referred_figures_names": ["1603.00286v5-Table1-1.png"], "answer": "The complexity of the cake shape generally leads to a higher minimum number of blanks required for a complete partition."}, "3": {"question": " \n\nWhy does the author state that there is a qualitative difference between 2-D and 1-D division?", "response": {"1603.00286v5-Figure1-1.png": ["No. ", "Because in 2-D division, the cake can be divided into smaller pieces. "]}, "referred_figures_names": ["1603.00286v5-Figure1-1.png"], "answer": " \n\nIn 2-D division, there may be unallocated cake even when there are geometric constraints on the pieces, as shown in Figure 1. This is not the case in 1-D division, where the entire cake can always be allocated."}, "4": {"question": "What is the minimum number of sides that a rectilinear polygon with four reflex vertices must have?", "response": {"1603.00286v5-Figure2-1.png": ["Yes. ", "Answer: 4. "]}, "referred_figures_names": ["1603.00286v5-Figure2-1.png"], "answer": "Six."}}