{"0": {"question": "What is the role of the LSTM-MDN network in the training phase?", "response": {"1603.03833v4-Figure3-1.png": ["Yes ", "To calculate and backpropagate the error to update the weights. "]}, "referred_figures_names": ["1603.03833v4-Figure3-1.png"], "answer": "The LSTM-MDN network is used to learn the relationship between the gripper pose and status, the pose of relevant objects, and the joint angles of the robot arm."}, "1": {"question": "Why is the number of demonstrations after the shift not available for the \"Push to Pose\" task?", "response": {"1603.03833v4-Table1-1.png": ["No ", "It is not available for the \"Push to Pose\" task because it is not applicable to that task. "]}, "referred_figures_names": ["1603.03833v4-Table1-1.png"], "answer": "The passage mentions that additional trajectories were generated for the \"Pick and Place\" task by reducing the frequency of the recorded demonstrations. This process was not applied to the \"Push to Pose\" task, therefore no \"Demonstrations after shift\" are listed for it."}, "2": {"question": "How does the frequency reduction process create multiple trajectories from a single demonstration?", "response": {"1603.03833v4-Figure2-1.png": ["Yes ", "The frequency reduction process creates multiple trajectories by dividing the original trajectory into smaller segments. Each segment is then used to generate a new trajectory. "]}, "referred_figures_names": ["1603.03833v4-Figure2-1.png"], "answer": " The frequency reduction process takes a high-frequency trajectory and samples it at a lower frequency, resulting in multiple trajectories with different starting and ending points. "}, "3": {"question": "What is the role of the virtual environment in the proposed approach?", "response": {"1603.03833v4-Figure1-1.png": ["Yes ", "To collect demonstrations of ADL manipulation tasks. "]}, "referred_figures_names": ["1603.03833v4-Figure1-1.png"], "answer": "The virtual environment is used to collect demonstrations of the task from the user. This allows for safe and efficient data collection."}, "4": {"question": "What is the difference between the pick and place task in simulation and the real world?", "response": {"1603.03833v4-Figure4-1.png": ["Yes ", "The difference between the pick and place task in simulation and the real world is that the robot is controlled by a mixture density network with 3 layers of LSTM in the real world, while the robot is controlled by a mixture density network with 3 layers of LSTM in the simulation. "]}, "referred_figures_names": ["1603.03833v4-Figure4-1.png"], "answer": "In the simulation, the robot is able to pick up the object and place it in the desired location without any errors. However, in the real world, the robot makes some errors, such as dropping the object or placing it in the wrong location."}, "5": {"question": "What are the three different network architectures used in the comparison study?", "response": {"1603.03833v4-Figure5-1.png": ["Yes ", "Feedforward-MSE, LSTM-MSE and Feedforward-MDN. "]}, "referred_figures_names": ["1603.03833v4-Figure5-1.png"], "answer": "Feedforward-MSE, LSTM-MSE, and Feedforward-MDN."}}