{"0": {"question": "Which policy resulted in the highest average cost?", "response": {"1605.07496v3-Table1-1.png": ["Yes ", "RQ-ALOQ. "]}, "referred_figures_names": ["1605.07496v3-Table1-1.png"], "answer": "MAP Policy"}, "1": {"question": "Which of the algorithms performs the best on the robotic arm joint breakage task?", "response": {"1605.07496v3-Figure3-1.png": ["No ", "X-learned configuration. "]}, "referred_figures_names": ["1605.07496v3-Figure3-1.png"], "answer": "ALOQ."}, "2": {"question": "Which algorithm performs the best in the Joint Breakage experiment?", "response": {"1605.07496v3-Table2-1.png": ["Yes ", "ALOQ "]}, "referred_figures_names": ["1605.07496v3-Table2-1.png"], "answer": "ALOQ"}, "3": {"question": "Which algorithm performed better on the arm breakage task?", "response": {"1605.07496v3-Figure4-1.png": ["Yes ", "(a) Reinforce and TRPO. "]}, "referred_figures_names": ["1605.07496v3-Figure4-1.png"], "answer": "Both TRPO and Reinforce performed similarly on the arm breakage task."}, "4": {"question": "Between WSN and ALOQ, which method is the most efficient in terms of runtime for both F-SRE1 and F-SRE2?", "response": {"1605.07496v3-Figure11-1.png": ["Yes ", "ALOQ. "]}, "referred_figures_names": ["1605.07496v3-Figure11-1.png"], "answer": "ALOQ is significantly more efficient than WSN."}, "5": {"question": "Which method performs the best on the F-SRE1 test function?", "response": {"1605.07496v3-Figure10-1.png": ["Yes ", "Neron. "]}, "referred_figures_names": ["1605.07496v3-Figure10-1.png"], "answer": "ALOQ"}, "6": {"question": "How does the predicted return change as a function of \u03b8 for a fixed value of \u03c0 = 1.5?", "response": {"1605.07496v3-Figure1-1.png": ["Yes. ", "The predicted return changes as a function of \u03b8 for a fixed value of \u03c0 = 1.5 by the blue curve. "]}, "referred_figures_names": ["1605.07496v3-Figure1-1.png"], "answer": "The predicted return decreases as \u03b8 increases, with a minimum at around \u03b8 = 0.5."}, "7": {"question": "What is the difference between the \"True max\" and the \"ALOQ\" curves?", "response": {"1605.07496v3-Figure9-1.png": ["Yes ", "1. "]}, "referred_figures_names": ["1605.07496v3-Figure9-1.png"], "answer": "The \"True max\" curve is the true maximum of the function, while the \"ALOQ\" curve is an approximation of the maximum. The \"ALOQ\" curve is lower than the \"True max\" curve, indicating that it underestimates the maximum value of the function."}, "8": {"question": "Which method performs the best on the Branin function?", "response": {"1605.07496v3-Figure7-1.png": ["No ", "Brunin. "]}, "referred_figures_names": ["1605.07496v3-Figure7-1.png"], "answer": "One Step ALOQ"}}