{"0": {"question": "How does the performance of the Filtering algorithm compare to the performance of MLE with noise?", "response": {"1606.07384v2-Figure1-1.png": ["Yes ", "The performance of the Filtering algorithm is better than the performance of MLE with noise. "]}, "referred_figures_names": ["1606.07384v2-Figure1-1.png"], "answer": "The Filtering algorithm performs better than MLE with noise in both the random tree and random graph settings."}, "1": {"question": "Which method performs the best when there is a high fraction of corrupted samples?", "response": {"1606.07384v2-Figure2-1.png": ["Yes ", "RANSAC. "]}, "referred_figures_names": ["1606.07384v2-Figure2-1.png"], "answer": "RANSAC"}}