{"0": {"question": "Which system from Ortiz et al. achieved the highest BLEU and METEOR scores, and how does it compare to the CCA inference algorithm in terms of performance?", "response": {"1608.02784v2-Table2-1.png": ["Yes. ", "The system from Ortiz et al. that achieved the highest BLEU score is system, which has a BLEU score of 7.3. The highest METEOR score achieved by a system from Ortiz et al. is 17.7, which is also the highest METEOR score achieved by any system in the table. In terms of performance, the CCA inference algorithm has a BLEU score of 26.1 and a METEOR score of 35.6, which are both higher than the scores achieved by the system from Ortiz et al. "]}, "referred_figures_names": ["1608.02784v2-Table2-1.png"], "answer": "The SMT system from Ortiz et al. achieved the highest BLEU score (43.7) and METEOR score (35.6) among their tested systems. While the SMT system outperforms the CCA inference algorithm in terms of BLEU score, the CCA algorithm achieves a slightly higher METEOR score (25.6 vs 25.5)."}, "1": {"question": "What is the difference between the outputs of the machine translation system (SMT) and the CCA inference?", "response": {"1608.02784v2-Figure6-1.png": ["Yes ", "The difference between the outputs of the machine translation system (SMT) and the CCA inference is that the CCA inference outputs are rated highly by human evaluations (4 or 5), while the SMT ones are rated poorly (1 or 2). "]}, "referred_figures_names": ["1608.02784v2-Figure6-1.png"], "answer": "The SMT outputs are literal translations of the images, while the CCA outputs take into account the context of the images and generate more natural-sounding descriptions."}, "2": {"question": "Which system, CCA or SMT, generally performs better when the caption is of low quality (average rank less than 3)?", "response": {"1608.02784v2-Table3-1.png": ["No ", "SMT. "]}, "referred_figures_names": ["1608.02784v2-Table3-1.png"], "answer": "It is difficult to definitively say which system performs better for low-quality captions based solely on the provided data. However, we can observe some trends:\n\n1. When the SMT average rank is below 3, the CCA average rank is also lower (1.64 vs. 1.77).\n2. When the SMT average rank is 3 or higher, the CCA average rank is significantly higher (3.54 vs. 3.46).\n\nThis suggests that CCA might perform relatively better for low-quality captions, but more data and analysis are needed for a conclusive answer."}, "3": {"question": "What is the purpose of the singular value decomposition step in the CCA algorithm?", "response": {"1608.02784v2-Figure1-1.png": ["Yes ", "To calculate the rank of the two independent matrices. "]}, "referred_figures_names": ["1608.02784v2-Figure1-1.png"], "answer": "The singular value decomposition step is used to find the projection matrices U and V."}, "4": {"question": "What is the relationship between the input space and the output space in CCA inference?", "response": {"1608.02784v2-Figure2-1.png": ["Yes. ", "The relationship between the input space and the output space in CCA inference is that an object from the input space is mapped to a unit vector, and then the closest unit vector with an embodiment in the output space is found. "]}, "referred_figures_names": ["1608.02784v2-Figure2-1.png"], "answer": "The input space and the output space are related by a cosine similarity measure."}, "5": {"question": "What is the role of the temperature variable t in the CCA decoding algorithm?", "response": {"1608.02784v2-Figure3-1.png": ["Yes ", "It is used to control the probability of each symbol in the output sequence. "]}, "referred_figures_names": ["1608.02784v2-Figure3-1.png"], "answer": "The temperature variable t controls the probability of accepting a new candidate solution y. As t decreases, the probability of accepting a worse solution decreases."}, "6": {"question": "What is the relationship between BLEU score and human ranking for CCA and SMT systems?", "response": {"1608.02784v2-Figure4-1.png": ["Yes ", "The relationship between BLEU score and human ranking for CCA and SMT systems is not clear from the scatter plot. "]}, "referred_figures_names": ["1608.02784v2-Figure4-1.png"], "answer": "The correlation between BLEU scores and human ranking is not high for either CCA or SMT systems."}}