{"0": {"question": "Which model performed the best on the SICK dataset according to the MSE metric?", "response": {"1611.02654v2-Table4-1.png": ["Yes ", "Bow "]}, "referred_figures_names": ["1611.02654v2-Table4-1.png"], "answer": "The supervised model performed the best on the SICK dataset according to the MSE metric."}, "1": {"question": "What is the effect of pre-training with the ordering task on the ROUGE-L score for extractive summarization?", "response": {"1611.02654v2-Table3-1.png": ["Yes ", "The effect of pre-training with the ordering task on the ROUGE-L score for extractive summarization is better. "]}, "referred_figures_names": ["1611.02654v2-Table3-1.png"], "answer": "Pre-training with the ordering task increases the ROUGE-L score for extractive summarization."}, "2": {"question": "Which model performs the best for the order discrimination task on the Accidents dataset and how does it compare to the other data-driven approaches?", "response": {"1611.02654v2-Table1-1.png": ["Yes ", "The best performing model for the order discrimination task on the Accidents dataset is the sequence-to-sequence model with a mean accuracy of 0.944. This is significantly higher than the other data-driven approaches, which have mean accuracies ranging from 0.666 to 0.844. "]}, "referred_figures_names": ["1611.02654v2-Table1-1.png"], "answer": "The proposed model in this paper achieves the best performance for the order discrimination task on the Accidents dataset with an accuracy of 0.944. It outperforms the other data-driven approaches, namely Window (Recurrent) with 0.840, Window (Recursive) with 0.864, and Seq2seq with 0.930."}, "3": {"question": "What can you say about the relationship between the sentences in a document based on the t-SNE embeddings?", "response": {"1611.02654v2-Figure2-1.png": ["Yes ", "The t-SNE embeddings of the sentences in a document are color coded by the position of the sentence in the document. "]}, "referred_figures_names": ["1611.02654v2-Figure2-1.png"], "answer": "Sentences that are closer together in the embedding space are more semantically similar than those that are farther apart."}, "4": {"question": "How does the proposed model compare to the other models in terms of accuracy on the NIPS Abstracts dataset?", "response": {"1611.02654v2-Table2-1.png": ["Yes ", "The proposed model has the highest accuracy of 0.91. "]}, "referred_figures_names": ["1611.02654v2-Table2-1.png"], "answer": "The proposed model has the highest accuracy on the NIPS Abstracts dataset, with an accuracy of 51.55."}}