{"0": {"question": "How does GeoCUTS perform compared to other clusterings for highly active users?", "response": {"1611.03780v2-Table2-1.png": ["Yes ", "15 "]}, "referred_figures_names": ["1611.03780v2-Table2-1.png"], "answer": "GeoCUTS performs comparably to other clusterings for highly active users."}, "1": {"question": "How is the Hilbert space-filling curve constructed?", "response": {"1611.03780v2-Figure1-1.png": ["Yes ", "Recursively. "]}, "referred_figures_names": ["1611.03780v2-Figure1-1.png"], "answer": "The Hilbert space-filling curve is constructed recursively. The curve starts with a simple square, and then at each subsequent iteration, the curve is subdivided into four smaller squares. The curve is then drawn through each of these squares in a specific order."}, "2": {"question": "How does the performance of GeoCUTS compare to the Grid method in identifying highly mobile clusters when the number of clusters is increased from approximately 25 to 50?", "response": {"1611.03780v2-Table4-1.png": ["Yes ", "GeoCUTS performs better than the Grid method. "]}, "referred_figures_names": ["1611.03780v2-Table4-1.png"], "answer": "GeoCUTS consistently outperforms the Grid method in identifying highly mobile clusters, regardless of the number of clusters. However, the performance of both methods decreases as the number of clusters increases."}, "3": {"question": "What is the relationship between the query graph and the interference graph?", "response": {"1611.03780v2-Figure2-1.png": ["Yes ", "The query graph is connected to the interference graph. "]}, "referred_figures_names": ["1611.03780v2-Figure2-1.png"], "answer": " The interference graph is a folded version of the query graph. The nodes in the interference graph represent regions, and the edges represent the interference between regions. The edge weights in the interference graph are calculated from the edge weights in the query graph."}, "4": {"question": "Which metropolitan area is predicted by the GeoCUTS algorithm to include San Francisco, Berkeley, and Palo Alto, but not Sacramento?", "response": {"1611.03780v2-Figure4-1.png": ["Yes ", "San Francisco Bay Area. "]}, "referred_figures_names": ["1611.03780v2-Figure4-1.png"], "answer": "The Bay Area."}, "5": {"question": "Which metropolitan areas are correctly identified by the GeoCUTS algorithm in France?", "response": {"1611.03780v2-Figure5-1.png": ["Yes. ", "Paris, Bordeaux, Lyon. "]}, "referred_figures_names": ["1611.03780v2-Figure5-1.png"], "answer": "Paris, Bordeaux, and Lyon."}, "6": {"question": "Which clustering algorithm produced the smallest cut size for highly active users in the US dataset, and how much smaller was it compared to the cut size produced by grid partitioning?", "response": {"1611.03780v2-Table3-1.png": ["Yes ", "GeoCUTS produced the smallest cut size for highly active users in the US dataset, and it was 47% smaller compared to the cut size produced by grid partitioning. "]}, "referred_figures_names": ["1611.03780v2-Table3-1.png"], "answer": "Both GeoCUTS and Linear Embedding produced the smallest cut size for highly active users, with a cut size of 4%. This is 11% smaller than the cut size produced by grid partitioning, which had a cut size of 15%."}, "7": {"question": "Which method performs best for highly active users in the US?", "response": {"1611.03780v2-Table1-1.png": ["Yes ", "GeoCUTS "]}, "referred_figures_names": ["1611.03780v2-Table1-1.png"], "answer": "Both GeoCUTS and DMA perform equally well for highly active users in the US."}}