{"0": {"question": "What are the main differences between the educational philosophies of the Bonaparte and Voltaire schools?", "response": {"1611.04684v1-Table1-1.png": ["Yes ", "Both are good schools but Voltaire will teach your child more. "]}, "referred_figures_names": ["1611.04684v1-Table1-1.png"], "answer": "The Bonaparte school focuses on outdoor physical activities, maneuvers, and strategies, with a specialization in horse riding, lances, and swords. They aim to develop students into good leaders. The Voltaire school, on the other hand, encourages independent thinking and focuses on indoor activities. They aim to instill good moral values and develop students into philosophical thinkers."}, "1": {"question": "Which model performs the best for response selection, and how can we tell?", "response": {"1611.04684v1-Table4-1.png": ["Yes ", "MLP performs the best for response selection. We can tell because it has the highest mean score of 0.819. "]}, "referred_figures_names": ["1611.04684v1-Table4-1.png"], "answer": "The KEHNN model performs the best for response selection. This is evident because it achieves the highest scores across all metrics (R$2$@1, R${10}$@1, R${10}$@2, and R${10}$@5) compared to all other models in the table."}, "2": {"question": "Which model performs best on the Ubuntu dataset for text lengths between 60 and 90 words?", "response": {"1611.04684v1-Table5-1.png": ["No ", "# Length 60-90 words "]}, "referred_figures_names": ["1611.04684v1-Table5-1.png"], "answer": "KEHNN"}, "3": {"question": "What is the role of the knowledge gates in the KEHNN architecture?", "response": {"1611.04684v1-Figure1-1.png": ["Yes ", "The knowledge gates in the KEHNN architecture are responsible for selecting the most relevant information from the input data and passing it to the next layer. "]}, "referred_figures_names": ["1611.04684v1-Figure1-1.png"], "answer": "The knowledge gates are responsible for selecting relevant information from the knowledge base and incorporating it into the model's hidden state."}, "4": {"question": "How does the average number of answers per question differ between the training and development sets? What might be a possible explanation for this difference?", "response": {"1611.04684v1-Table2-1.png": ["Yes ", "The average number of answers per question is higher in the training set (6.3) than in the development set (5.4). A possible explanation for this difference could be that the training set has more complex or ambiguous questions, requiring more answers to be selected. "]}, "referred_figures_names": ["1611.04684v1-Table2-1.png"], "answer": "The training set has a higher average number of answers per question (6.36) compared to the development set (5.48). This suggests that questions in the training set tend to have more potential answers associated with them than those in the development set."}}