{"0": {"question": "What is the function of the ReOrth Layer in the Projection Block of the Grassmann Network architecture?", "response": {"1611.05742v3-Figure1-1.png": ["Yes ", "To re-orthonormalize the projection matrix. "]}, "referred_figures_names": ["1611.05742v3-Figure1-1.png"], "answer": "The ReOrth Layer re-orthogonalizes the output of the FRMap Layer."}, "1": {"question": "Which pooling method is the most accurate for the AFEW database?", "response": {"1611.05742v3-Figure2-1.png": ["Yes. ", "W-ProjPooling. "]}, "referred_figures_names": ["1611.05742v3-Figure2-1.png"], "answer": "W-ProjPooling"}, "2": {"question": "Which method performs best on the PaSC dataset for the handheld testing scenario (PaSC2), and how does its performance compare to other methods?", "response": {"1611.05742v3-Table1-1.png": ["Yes ", "GDG performs best on the PaSC dataset for the handheld testing scenario (PaSC2) with a score of 79.94%. This score is higher than all other methods for the handheld testing scenario (PaSC2). "]}, "referred_figures_names": ["1611.05742v3-Table1-1.png"], "answer": "The method that performs best on the PaSC dataset for the handheld testing scenario (PaSC2) is SPDNet, with an accuracy of 72.83%. This performance is slightly higher than GrNet-2Blocks (72.76%) and significantly higher than other methods like VGGDeepFace (68.24%) and DeepO2P (60.14%)."}}