{"0": {"question": "How many iterations did the greedy EM-type learning process take to learn the part models for the watch image?", "response": {"1701.06171v4-Figure4-1.png": ["16. ", "22. "]}, "referred_figures_names": ["1701.06171v4-Figure4-1.png"], "answer": "22 iterations"}, "1": {"question": "What is the relationship between the variables in the Compositional Active Basis Model?", "response": {"1701.06171v4-Figure2-1.png": ["Yes ", "The variables in the Compositional Active Basis Model are connected with arrows. "]}, "referred_figures_names": ["1701.06171v4-Figure2-1.png"], "answer": "The variables in the Compositional Active Basis Model are hierarchically dependent. The variables at each layer are dependent on the variables at the layer above it."}, "2": {"question": "What is the difference between the hierarchical part dictionary learned with the bottom-up process and the holistic object model learned with the top-down process?", "response": {"1701.06171v4-Figure5-1.png": ["Yes. ", "The hierarchical part dictionary learned with the bottom-up process (b) is a representation of the windmill's parts and their relationships, while the holistic object model learned with the top-down process (c) is a representation of the windmill as a whole. The hierarchical part dictionary is a more detailed and specific representation of the windmill's parts, while the holistic object model is a more general and abstract representation of the windmill. "]}, "referred_figures_names": ["1701.06171v4-Figure5-1.png"], "answer": "The hierarchical part dictionary learned with the bottom-up process is a set of parts that can be combined to create objects. The holistic object model learned with the top-down process is a single model that represents the entire object."}, "3": {"question": "What is the difference between the top-down and bottom-up compositional learning schemes?", "response": {"1701.06171v4-Figure3-1.png": ["Yes. ", "Top-down compositional learning scheme starts with the most abstract representation and works its way down to the most detailed representation, while bottom-up compositional learning scheme starts with the most detailed representation and works its way up to the most abstract representation. "]}, "referred_figures_names": ["1701.06171v4-Figure3-1.png"], "answer": "The top-down compositional learning scheme starts with a holistic object model and decomposes it into smaller parts, while the bottom-up compositional learning scheme starts with basic parts and composes them into a holistic object model."}}