{"0": {"question": "Which method, C-Tarone or Binarization, achieves higher precision when the number of features is small and the number of data points is large?", "response": {"1702.08694v3-Figure5-1.png": ["C-Tarone ", "Binarization. "]}, "referred_figures_names": ["1702.08694v3-Figure5-1.png"], "answer": "C-Tarone."}, "1": {"question": "How does the C-Tarone method compare to the binarization method in terms of precision, recall, F-measure, and running time?", "response": {"1702.08694v3-Figure3-1.png": ["Yes. ", "The C-Tarone method has higher precision, recall, and F-measure compared to the binarization method, but it has a higher running time. "]}, "referred_figures_names": ["1702.08694v3-Figure3-1.png"], "answer": "The C-Tarone method has higher precision and F-measure than the binarization method in all datasets. The C-Tarone method has better or competitive recall than the binarization method. The running time of the C-Tarone method is competitive with the binarization method."}, "2": {"question": "For a fixed value of $b$, how does the maximum achievable KL divergence and the corresponding minimum achievable p-value change with increasing values of $a$?", "response": {"1702.08694v3-Figure4-1.png": ["Yes ", "The maximum achievable KL divergence and the corresponding minimum achievable p-value both increase with increasing values of $a$. "]}, "referred_figures_names": ["1702.08694v3-Figure4-1.png"], "answer": "The maximum achievable KL divergence initially increases with increasing values of $a$ until it reaches a peak. Then, it decreases with increasing values of $a$. The minimum achievable p-value initially decreases with increasing values of $a$ until it reaches a minimum. Then, it increases with increasing values of $a$."}, "3": {"question": "Which dataset would likely require the most computational resources for C-Tarone to analyze?", "response": {"1702.08694v3-Table2-1.png": ["Yes ", "Wave. "]}, "referred_figures_names": ["1702.08694v3-Table2-1.png"], "answer": "The \"wdbc\" dataset would likely require the most computational resources for C-Tarone to analyze."}}