{"0": {"question": "How does the observed error compare to the underlying true error as CPU time increases?", "response": {"1702.03584v3-Figure1-1.png": ["Yes ", "As CPU time increases, the observed error decreases while the underlying true error remains constant. "]}, "referred_figures_names": ["1702.03584v3-Figure1-1.png"], "answer": "The observed error is initially higher than the underlying true error, but it quickly decreases and converges to the true error as CPU time increases."}, "1": {"question": "How does the performance of SPIRAL-DTW-kMeans compare to k-Shape and CLDS?", "response": {"1702.03584v3-Figure2-1.png": ["Yes. ", "Better. "]}, "referred_figures_names": ["1702.03584v3-Figure2-1.png"], "answer": "SPIRAL-DTW-kMeans performs better than k-Shape and CLDS on most datasets."}, "2": {"question": "Which method performs the best in terms of NMI and what percentage of datasets does it outperform the other methods on?", "response": {"1702.03584v3-Table1-1.png": ["Yes ", "SPIRAL-MSM-kMeans, 0.65. "]}, "referred_figures_names": ["1702.03584v3-Table1-1.png"], "answer": "The SPIRAL-MSM-kMeans method performs the best in terms of NMI with a score of 0.365. It outperforms the other methods on 89.4% of the datasets."}}