{"0": {"question": "Which model performed the best on the MSRP task for the Ordered Sentences dataset?", "response": {"1703.02507v3-Table1-1.png": ["VGG-16 ", "Unanswerable. "]}, "referred_figures_names": ["1703.02507v3-Table1-1.png"], "answer": "SkipThought"}, "1": {"question": "Which model performs best on the SICK 2014 dataset in terms of average Spearman and Pearson correlation?", "response": {"1703.02507v3-Table2-1.png": ["SAGE ", "SAGE "]}, "referred_figures_names": ["1703.02507v3-Table2-1.png"], "answer": "C-PHRASE"}, "2": {"question": "What is the relationship between the $L_2$-norm of a word vector and its frequency?", "response": {"1703.02507v3-Figure1-1.png": ["Yes ", "The $L_2$-norm of a word vector is proportional to its frequency. "]}, "referred_figures_names": ["1703.02507v3-Figure1-1.png"], "answer": "The $L_2$-norm of a word vector is inversely proportional to its frequency."}, "3": {"question": "Which dataset has the shortest average sentence length?", "response": {"1703.02507v3-Table8-1.png": ["Yes ", "SCAN. "]}, "referred_figures_names": ["1703.02507v3-Table8-1.png"], "answer": "Headlines."}, "4": {"question": "Which model performed the best on the MSRP task for the Twitter dataset?", "response": {"1703.02507v3-Table6-1.png": ["Yes ", "United States "]}, "referred_figures_names": ["1703.02507v3-Table6-1.png"], "answer": "The Sent2Vec uni. + bi. model performed the best on the MSRP task for the Twitter dataset."}}