{"0": {"question": "What is the relationship between the true market state qt and the noisy version q\u0302t at time t?", "response": {"1703.00899v2-Figure1-1.png": ["qt = qt + zt + zs(t) + zs(s(t)) + \u00b7 \u00b7 \u00b7. ", "qt = qt + zt + zs(t) + zs(s(t)) + \u00b7 \u00b7 \u00b7. "]}, "referred_figures_names": ["1703.00899v2-Figure1-1.png"], "answer": "The noisy version q\u0302t at time t is equal to the true market state qt plus a sum of Laplace noise vectors obtained by following the arrows all the way back to 0."}}