{"0": {"question": "Which model performed best on the \"All\" category of Visual7W, and how did its performance compare to human performance?", "response": {"1704.07121v2-Table3-1.png": ["Yes ", "HicCoAt* performed best on the \"All\" category of Visual7W with an accuracy of 51.5. Its performance was better than human performance by 1.5 points. "]}, "referred_figures_names": ["1704.07121v2-Table3-1.png"], "answer": "The MLP-IQA model achieved the highest accuracy in the \"All\" category of Visual7W, with a score of 45.1%. However, this performance still falls significantly short of human performance, which stands at 84.1% for the same category."}, "1": {"question": "Which method performs best overall on VQA-2014val, and how does its performance compare to human performance on the same dataset?", "response": {"1704.07121v2-Table7-1.png": ["Yes ", "HieCoAt* performs best overall on VQA-2014val with an accuracy of 56.6. Its performance is 1.2 points lower than human performance on the same dataset. "]}, "referred_figures_names": ["1704.07121v2-Table7-1.png"], "answer": "MLP-IQA achieves the highest overall accuracy (46.5%) among the machine learning methods tested on VQA-2014val. However, this performance still falls short of human performance, which reaches an accuracy of 85.5% on the same dataset."}, "2": {"question": "Which model performs the best on qaVG when considering both image understanding (IU) and question understanding (QU) individually, and how does its performance compare to humans?", "response": {"1704.07121v2-Table5-1.png": ["Yes ", "Method performs the best on qaVG when considering both image understanding (IU) and question understanding (QU) individually. Its performance is better than humans. "]}, "referred_figures_names": ["1704.07121v2-Table5-1.png"], "answer": "MLP-QA performs the best when considering both IU and QU individually, achieving 89.3% accuracy on IU and 45.6% accuracy on QU. However, its combined performance (IU+QU) of 43.9% is still significantly lower than human performance, which stands at 82.5%."}, "3": {"question": "How can the shortcuts in the Visual7W dataset be remedied?", "response": {"1704.07121v2-Figure1-1.png": ["Yes ", "The shortcuts in the Visual7W dataset can be remedied by creating alternative decoys that are highly likely to be selected by a machine when considering either the image or the question alone. "]}, "referred_figures_names": ["1704.07121v2-Figure1-1.png"], "answer": "The shortcuts in the Visual7W dataset can be remedied by creating alternative decoys that are more likely to be correct, based on either the image or the question alone. This forces the machine to consider all of the information together in order to select the correct answer."}, "4": {"question": "Which dataset presents the biggest challenge for a model trying to distinguish true triplets from decoys, and why?", "response": {"1704.07121v2-Table2-1.png": ["Yes ", "# of images. "]}, "referred_figures_names": ["1704.07121v2-Table2-1.png"], "answer": "The VQA dataset presents the biggest challenge."}, "5": {"question": "Which embedding method performed the best overall across all model architectures on the Visual7W dataset with IoU + QoU decoys? Was there a significant difference in performance compared to the other methods?", "response": {"1704.07121v2-Table11-1.png": ["Yes. ", "Method. "]}, "referred_figures_names": ["1704.07121v2-Table11-1.png"], "answer": "The MLP-IQA model achieved the highest accuracy across all embedding methods, reaching 52.5% with GloVe, 51.4% with Translation embeddings, and 52.0% with word2vec. However, the passage notes that there was no significant difference in performance between the different embedding methods."}, "6": {"question": "Which model performs the best on COCOQA dataset when considering the combined accuracy of identifying irrelevant image-question pairs (IU) and irrelevant question-answer pairs (QU)? How does this compare to the performance of the model that only observes answers?", "response": {"1704.07121v2-Table8-1.png": ["Yes ", "Method performs the best on COCOQA dataset when considering the combined accuracy of identifying irrelevant image-question pairs (IU) and irrelevant question-answer pairs (QU). "]}, "referred_figures_names": ["1704.07121v2-Table8-1.png"], "answer": "The MLP-IQA model performs the best when considering the combined accuracy of identifying irrelevant image-question and question-answer pairs, achieving an accuracy of 75.9%. This is significantly higher than the MLP-A model, which only observes answers and achieves a combined accuracy of 26.6%, close to random performance."}, "7": {"question": "On the VQAv2-2017 validation set, which model performs best when considering all three sources of information (images, questions, and answers) and how does its performance compare to the model that only uses answers?", "response": {"1704.07121v2-Table9-1.png": ["Yes ", "The model that performs best on the VQA2-2017 validation set is the MLP-PA, which has an accuracy of 54.2. This is significantly better than the MLP-IQA model, which only uses answers and has an accuracy of 37.9. "]}, "referred_figures_names": ["1704.07121v2-Table9-1.png"], "answer": "The model that performs best on VQAv2-2017 val when considering all three sources of information is MLP-IQA. It achieves an accuracy of 61.1% on the \\IU+\\QU -decoys metric, significantly outperforming the model that only uses answers (MLP-A) which achieves only 27.7% on the same metric. This demonstrates the importance of incorporating all available information for accurate prediction."}}