{"0": {"question": "How does the performance of the SIM saliency map change as the number of fixations increases?", "response": {"1704.08615v2-Figure7-1.png": ["Yes ", "The performance of the SIM saliency map increases as the number of fixations increases. "]}, "referred_figures_names": ["1704.08615v2-Figure7-1.png"], "answer": "The performance of the SIM saliency map increases as the number of fixations increases."}, "1": {"question": "Which saliency map method achieved the highest score for the sAUC metric, and how does its performance compare to other methods based on this metric? ", "response": {"1704.08615v2-Table3-1.png": ["Yes ", "The saliency map method that achieved the highest score for the sAUC metric is the \"Average Saliency Map\" with a score of 0.92. This method outperforms all other methods based on the sAUC metric, as it has the highest score in the table. "]}, "referred_figures_names": ["1704.08615v2-Table3-1.png"], "answer": "The saliency map method with the highest sAUC score is **SIM**. Its sAUC score appears to be significantly higher than all other methods listed in the table."}, "2": {"question": "What is the relationship between the ground truth fixation density and the saliency maps?", "response": {"1704.08615v2-Figure1-1.png": ["Yes. ", "The ground truth fixation density p(x, y | I) is used to predict different saliency maps depending on the intended metric. The saliency maps differ dramatically due to the different properties of the metrics but always reflect the same underlying model. "]}, "referred_figures_names": ["1704.08615v2-Figure1-1.png"], "answer": "The ground truth fixation density predicts different saliency maps depending on the intended metric."}, "3": {"question": "What is the relationship between the number of fixations and the CC score?", "response": {"1704.08615v2-Figure6-1.png": ["No. ", "The relationship between the number of fixations and the CC score is that the CC score is calculated using the mean empirical saliency map, which is created by sampling 1, 10, or 100 fixations. The mean normalized saliency map, which is optimal with respect to the CC metric, is also calculated using the same number of fixations. The mean normalized saliency map yields slightly higher scores in all cases but the difference to the mean empirical saliency map is tiny, indicating that the expected empirical saliency map is a very good approximation of the optimal saliency map for the CC metric. "]}, "referred_figures_names": ["1704.08615v2-Figure6-1.png"], "answer": "The CC score increases as the number of fixations increases."}, "4": {"question": "What is the relationship between the fixation density map and the ground truth fixations?", "response": {"1704.08615v2-Figure5-1.png": ["Yes ", "The fixation density map is a visual representation of the predicted fixation densities by the DeepGaze II model for the given stimulus. The ground truth fixations are the actual fixations made by the subjects in the image. The fixation density map is overlaid on the ground truth fixations to compare the predicted fixations with the actual fixations. The gray area in the image indicates the expected standard deviation from the number of fixations predicted by the model. "]}, "referred_figures_names": ["1704.08615v2-Figure5-1.png"], "answer": "The fixation density map predicts the probability of a person fixating on a particular location in the image. The ground truth fixations are the actual locations where people fixated on the image."}}