{"0": {"question": "What is the relationship between the Silver Snatch and the Gold Snatch?", "response": {"1704.04539v2-Figure5-1.png": ["Yes ", "Positive. "]}, "referred_figures_names": ["1704.04539v2-Figure5-1.png"], "answer": "The Silver Snatch and the Gold Snatch are positively correlated. As the Gold Snatch increases, the Silver Snatch also increases."}, "1": {"question": "Which system performs best on the IT domain in terms of full-cycle Smatch score, and how does its performance compare to the projection-based system in the same domain?", "response": {"1704.04539v2-Table1-1.png": ["Yes. ", "Gold performs best on the IT domain with a full-cycle Smatch score of 59. It outperforms the projection-based system by 10 points. "]}, "referred_figures_names": ["1704.04539v2-Table1-1.png"], "answer": "The GT system achieves the highest full-cycle Smatch score in the IT domain with a score of 59. This is 14 points higher than the projection-based system in the same domain, which scored 45."}, "2": {"question": "Which translation system performs the best and how does its performance compare to Google Translate (GT)? Is the comparison with GT completely fair? Explain your answer.", "response": {"1704.04539v2-Table2-1.png": ["Yes. ", "Moses performs the best with a BLEU score of 29.63. When compared to GT, Moses has a higher BLEU score of 23.83 compared to GT's 21.31. The comparison with GT is not completely fair because GT is a well-trained and widely used translation system, while Moses might be a more specialized or less-trained system. Therefore, the comparison should be made with other systems that are at a similar level of training and performance. "]}, "referred_figures_names": ["1704.04539v2-Table2-1.png"], "answer": "According to Table 2, Moses achieves the highest BLEU scores among the listed translation systems (Moses, Nematus) across all language pairs. However, its performance still falls behind Google Translate (GT) in every case.\n\nThe comparison with GT might not be entirely fair because, as GT has the advantage of being trained on a significantly larger dataset. This suggests that GT's performance advantage might be partially due to its training data rather than solely its inherent capabilities."}, "3": {"question": "What is the difference between the parsing trees for \"I like eating\" and \"I like grapes\"?", "response": {"1704.04539v2-Figure4-1.png": ["No ", "The difference between the parsing trees for \"I like eating\" and \"I like grapes\" is that in the first sentence, \"eating\" is a gerund, while in the second sentence, \"grapes\" is a noun. "]}, "referred_figures_names": ["1704.04539v2-Figure4-1.png"], "answer": "The parsing tree for \"I like eating\" has only one argument, while the parsing tree for \"I like grapes\" has two arguments."}}