{"0": {"question": "Can you estimate the percentage of entity pairs in the NYT training set that have a corresponding relational fact in the Knowledge Base (KB)?", "response": {"1704.05958v2-Table1-1.png": ["Yes ", "Yes. "]}, "referred_figures_names": ["1704.05958v2-Table1-1.png"], "answer": "Approximately 6.66%."}, "1": {"question": "Why is conventional distant supervision problematic?", "response": {"1704.05958v2-Figure1-1.png": ["Yes ", "It is problematic because it has a high rate of incorrect labeling. "]}, "referred_figures_names": ["1704.05958v2-Figure1-1.png"], "answer": "Conventional distant supervision can lead to wrong labeling of textual relations with KB relations."}, "2": {"question": "What is the role of the GRU cell in the embedding model?", "response": {"1704.05958v2-Figure3-1.png": ["Yes ", "To map a textual relation embedding to a probability distribution over KB relations. "]}, "referred_figures_names": ["1704.05958v2-Figure3-1.png"], "answer": "The GRU cell is used to map a textual relation embedding to a probability distribution over KB relations."}}