{"0": {"question": "Which year is most associated with the terms \"sept\", \"hijackers\", and \"attacks\"?", "response": {"1705.09296v2-Figure3-1.png": ["2001 ", "2001. "]}, "referred_figures_names": ["1705.09296v2-Figure3-1.png"], "answer": "2001"}, "1": {"question": "Which node in the generative model represents the latent variable?", "response": {"1705.09296v2-Figure1-1.png": ["B ", "B "]}, "referred_figures_names": ["1705.09296v2-Figure1-1.png"], "answer": "The node labeled \u03b7 represents the latent variable."}, "2": {"question": "Which model achieves the best NPMI scores (both internal and external) in the unsupervised setting, and what trade-off does this model exhibit compared to other models?", "response": {"1705.09296v2-Table1-1.png": ["Yes. ", "LDAP achieves the best NPMI scores (both internal and external) in the unsupervised setting. The trade-off this model exhibits compared to other models is that it has a higher NPMI score but a lower SAGE score. "]}, "referred_figures_names": ["1705.09296v2-Table1-1.png"], "answer": "The Scholar + w.v. model achieves the best NPMI scores (both internal and external) in the unsupervised setting. However, this model also has the highest number of people parameters, indicating a trade-off between topic coherence and model complexity."}, "3": {"question": "Which topic has the highest internal coherence value?", "response": {"1705.09296v2-Table6-1.png": ["Yes ", "0.15 "]}, "referred_figures_names": ["1705.09296v2-Table6-1.png"], "answer": "The topic with the highest internal coherence value is \"turks armenian armenia turkish roads escape soviet muslim mountain soul\"."}, "4": {"question": "Which model performed best on the IMDB dataset for classifying documents with categorical labels, and how much better did it perform compared to the SLDA model?", "response": {"1705.09296v2-Table2-1.png": ["Yes ", "ScholarAR (covariates) performed best on the IMDB dataset for classifying documents with categorical labels, and it performed 0.77 times better compared to the SLDA model. "]}, "referred_figures_names": ["1705.09296v2-Table2-1.png"], "answer": "Both the SCHOLAR (covariates) and Logistic Regression models achieved the highest accuracy of 0.87 on the IMDB dataset. This represents a 0.23 improvement over the SLDA model, which achieved an accuracy of 0.64."}, "5": {"question": "Which topic is most likely to be associated with a pro-immigration stance?", "response": {"1705.09296v2-Figure2-1.png": ["English language city community ", "English language city community. "]}, "referred_figures_names": ["1705.09296v2-Figure2-1.png"], "answer": "\"english language city spanish community\""}, "6": {"question": "How does the model capture different perspectives on immigration when considering tone as a covariate?", "response": {"1705.09296v2-Table3-1.png": ["Yes ", "The model captures different perspectives on immigration by including tone as a covariate and examining the interactions between the topic and tone. "]}, "referred_figures_names": ["1705.09296v2-Table3-1.png"], "answer": "The model captures different perspectives on immigration by highlighting contrasting words associated with the same topic, depending on whether the tone is anti-immigration or pro-immigration."}}