{"0": {"question": "What can you infer from the training curves for the ACGAN?", "response": {"1705.07164v8-Figure1-1.png": ["Yes ", "The training curves for the ACGAN show that the generator and discriminator losses are decreasing over time. "]}, "referred_figures_names": ["1705.07164v8-Figure1-1.png"], "answer": "The training curves for the ACGAN show that the generator and discriminator losses both decrease over time. This indicates that the ACGAN is able to learn to generate realistic images."}, "1": {"question": "Which model performs better based on the training curves?", "response": {"1705.07164v8-Figure3-1.png": ["Yes ", "WGAN(e). "]}, "referred_figures_names": ["1705.07164v8-Figure3-1.png"], "answer": "It is difficult to say definitively which model performs better based on the training curves alone. However, it appears that the WGAN(g) model may be performing better than the other models, as its generator and discriminator losses are both lower than the other models."}, "2": {"question": "Which method achieved the highest Inception Score (IS) at the end of training for both CIFAR10 and ImageNet datasets? Did this method also achieve the highest initial IS score?", "response": {"1705.07164v8-Table2-1.png": ["Yes ", "WGAN(g). "]}, "referred_figures_names": ["1705.07164v8-Table2-1.png"], "answer": "For CIFAR10, WGAN achieved the highest IS at the end of training (2.42). However, RWGAN had a higher initial IS score (1.86) compared to WGAN's 1.63. \n\nFor ImageNet, WGAN again achieved the highest final IS (2.80), while RWGAN had a slightly higher initial IS (2.04 vs. 2.00). "}, "3": {"question": "What is the difference between the Euclidean and Mahalanobis Bregman cost functions?", "response": {"1705.07164v8-Table1-1.png": ["Yes ", "1. "]}, "referred_figures_names": ["1705.07164v8-Table1-1.png"], "answer": "The Euclidean Bregman cost function is simply the squared difference between two points, while the Mahalanobis Bregman cost function takes into account the covariance of the data."}}