{"0": {"question": "What is the role of the auxiliary discriminator $D_{X_{\\textit{aux}}}$ in the Conditional CycleGAN for identity-guided face generation?", "response": {"1705.09966v2-Figure3-1.png": ["Yes. ", "The role of the auxiliary discriminator $D_{X_{\\textit{aux}}}$ is to provide a source of conditional vector $z$ and to propose identity loss in an auxiliary discriminator. "]}, "referred_figures_names": ["1705.09966v2-Figure3-1.png"], "answer": " The auxiliary discriminator $D_{X_{\\textit{aux}}}$ helps to enforce the identity constraint in the generated image. It takes the generated image or the ground truth image as input and outputs a feature embedding. This embedding is then used to compute the identity loss, which encourages the generated image to have the same identity as the input image."}, "1": {"question": "How does the proposed method compare to the method in~\\cite{kim2017learning}?", "response": {"1705.09966v2-Figure8-1.png": ["Yes ", "The proposed method performs better than the method in~\\cite{kim2017learning}. "]}, "referred_figures_names": ["1705.09966v2-Figure8-1.png"], "answer": "The proposed method produces more realistic and natural-looking images than the method in~\\cite{kim2017learning}."}, "2": {"question": "Which of the methods among Conditional GAN, Unsupervised GAN and Consitional CycleGAN would you expect to produce images that are most visually similar to the real images in the CelebA dataset?", "response": {"1705.09966v2-Table1-1.png": ["Yes ", "Conditional GAN. "]}, "referred_figures_names": ["1705.09966v2-Table1-1.png"], "answer": "The Conditional CycleGAN method is expected to produce images most visually similar to the real images."}, "3": {"question": "How does the proposed attribute-guided face generation method compare to conventional face super-resolution methods in terms of identity preservation?", "response": {"1705.09966v2-Figure1-1.png": ["Yes. ", "The proposed attribute-guided face generation method appears to preserve the identity more effectively than conventional face super-resolution methods. In the image, the identity image (a) is clearly distinguishable from the generated high-resolution image (d) and the ground truth image (e), indicating that the identity is well-preserved. In contrast, the conventional face super-resolution method (c) shows a significant loss of identity, as the face crop from the input photo (b) is not recognizable. "]}, "referred_figures_names": ["1705.09966v2-Figure1-1.png"], "answer": "The proposed attribute-guided face generation method preserves the identity of the person in the high-resolution result, while conventional face super-resolution methods do not necessarily guarantee this."}, "4": {"question": "What role does the low-resolution input play in the identity-guided face generation process?", "response": {"1705.09966v2-Figure9-1.png": ["Yes. ", "The low-resolution input is used to generate high-resolution face outputs that preserve the identity of the person. "]}, "referred_figures_names": ["1705.09966v2-Figure9-1.png"], "answer": "The low-resolution input provides an overall shape constraint for the generated high-resolution image. The head pose and facial expression of the generated high-res images adopt those in the low-res inputs."}, "5": {"question": "What happens when there is a conflict between the low-res image and the feature vector?", "response": {"1705.09966v2-Figure4-1.png": ["No ", "The feature vector is used to generate the high-res digit images. "]}, "referred_figures_names": ["1705.09966v2-Figure4-1.png"], "answer": "The generated high-res digit follows the given class label."}, "6": {"question": "What is the difference between the input and output of the frontal face generation process?", "response": {"1705.09966v2-Figure13-1.png": ["Yes ", "The input is a low-res template (a) and the output is a frontal face (c). "]}, "referred_figures_names": ["1705.09966v2-Figure13-1.png"], "answer": "The input is a low-resolution frontal face image and a high-resolution side-face image. The output is a high-resolution frontal face image."}, "7": {"question": "How does the proposed method preserve facial details and expression during face swapping?", "response": {"1705.09966v2-Figure11-1.png": ["Yes ", "The proposed method preserves facial details and expression during face swapping by altering the appearance of eyes, eyebrows, hairs, and other factors while keeping other factors intact, such as head pose, shape of face, and facial expression. This is achieved by transforming the identity from one person to another while maintaining the identity constraint of the input person. The black arrows in the image indicate the guidance of identity, showing how the face swapping results are transformed from the input persons' faces. "]}, "referred_figures_names": ["1705.09966v2-Figure11-1.png"], "answer": "The proposed method utilizes Light-CNN as both the source of the identity features and face verification loss. This allows the method to transfer the appearance of eyes, eyebrows, hairs, etc., while keeping other factors intact, e.g., head pose, shape of face, and facial expression."}, "8": {"question": "How does the proposed method compare to icGAN in terms of generating images with different hair colors?", "response": {"1705.09966v2-Figure7-1.png": ["No ", "The proposed method generates images with different hair colors better than icGAN. "]}, "referred_figures_names": ["1705.09966v2-Figure7-1.png"], "answer": "The proposed method is able to generate images with different hair colors more accurately than icGAN."}, "9": {"question": "What is the role of the attribute vector $z$ in the Conditional CycleGAN network?", "response": {"1705.09966v2-Figure2-1.png": ["Yes. ", "The attribute vector $z$ is used to guide the generation of high-resolution face images in the Conditional CycleGAN network. It is associated with the input attribute image $X$ and is used to train the generator $GY \\rightarrow X$ as well as the original $GX \\rightarrow Y$. This allows the network to generate high-resolution face images given the low-resolution input $Y$ and the attribute vector $z$. "]}, "referred_figures_names": ["1705.09966v2-Figure2-1.png"], "answer": "The attribute vector $z$ provides additional information about the desired attributes of the generated high-resolution face image $\\hat{X}$. This information is used by the generator networks $G_{X \\to Y}$ and $G_{Y \\to X}$ to generate images that are more consistent with the desired attributes."}}