{"0": {"question": "How does the test accuracy of the different models vary with the hyperparameter \u03bb?", "response": {"1705.08016v3-Figure2-1.png": ["Yes ", "The test accuracy of the different models varies with the hyperparameter \u03bb. "]}, "referred_figures_names": ["1705.08016v3-Figure2-1.png"], "answer": "The test accuracy of all models decreases as \u03bb increases."}, "1": {"question": "Which method achieves the highest Top-1 accuracy on the CUB-200-2011 dataset?", "response": {"1705.08016v3-Table2-1.png": ["C ", "C "]}, "referred_figures_names": ["1705.08016v3-Table2-1.png"], "answer": "PC-DenseNet-161"}, "2": {"question": "How does Pairwise Confusion (PC) affect the localization ability of a CNN?", "response": {"1705.08016v3-Figure3-1.png": ["Yes. ", "Pairwise Confusion (PC) improves the localization ability of a CNN by providing more accurate and tighter localization, as demonstrated in the image. The objects in (a) and (b) are correctly classified by both networks, but the objects in (c) and (d) are correctly classified by PC, but not the baseline network (VGG-16). "]}, "referred_figures_names": ["1705.08016v3-Figure3-1.png"], "answer": "PC improves the localization ability of a CNN."}, "3": {"question": "Which dataset has the highest number of samples per class?", "response": {"1705.08016v3-Table1-1.png": ["Yes ", "FGVC-102 "]}, "referred_figures_names": ["1705.08016v3-Table1-1.png"], "answer": "SVHN"}, "4": {"question": "Which dataset benefited more from the Pairwise Confusion (PC) optimization method: ImageNet-Dogs or ImageNet-Random?", "response": {"1705.08016v3-Table3-1.png": ["ImageNet-Random ", "ImageNet-Random. "]}, "referred_figures_names": ["1705.08016v3-Table3-1.png"], "answer": "ImageNet-Dogs benefited more from the PC optimization method compared to ImageNet-Random."}, "5": {"question": "What is the role of the shared weights in the Siamese-like architecture shown in the first figure?", "response": {"1705.08016v3-Figure1-1.png": ["Yes. ", "The shared weights in the Siamese-like architecture help to reduce the number of parameters that need to be learned, making the model more efficient and less prone to overfitting. "]}, "referred_figures_names": ["1705.08016v3-Figure1-1.png"], "answer": "The shared weights allow the two branches of the network to learn similar representations of the input images. This helps to improve the performance of the Euclidean Confusion loss, which measures the distance between the conditional probability distributions of the two branches."}}