{"0": {"question": "What is the main difference between the Multilinear Conditioning architecture and the Randomized Multilinear Conditioning architecture?", "response": {"1705.10667v4-Figure1-1.png": ["Yes. ", "The main difference between the Multilinear Conditioning architecture and the Randomized Multilinear Conditioning architecture is the way the domain discriminator D is conditioned on the classifier prediction g. In Multilinear Conditioning, D is conditioned on g via a multilinear map f \u2297 g, while in Randomized Multilinear Conditioning, D is conditioned on g via a randomized multilinear map 1\u221a d (Rf f) (Rgg). "]}, "referred_figures_names": ["1705.10667v4-Figure1-1.png"], "answer": "The main difference is that the Multilinear Conditioning architecture uses a multilinear map to condition the domain discriminator on the classifier prediction, while the Randomized Multilinear Conditioning architecture uses a randomized multilinear map."}, "1": {"question": "Which of the four methods (ResNet, DANN, CDAN-f, CDAN-fg) is most effective at separating the two classes of data points?", "response": {"1705.10667v4-Figure3-1.png": ["No ", "(b) DANN "]}, "referred_figures_names": ["1705.10667v4-Figure3-1.png"], "answer": "CDAN-fg"}, "2": {"question": "Why might CDAN+E be considered a more versatile method for unsupervised domain adaptation compared to UNIT, CyCADA, and GTA?", "response": {"1705.10667v4-Table4-1.png": ["Yes ", "Because CDAN+E has the highest accuracy for all the digits and VisDA-2017. "]}, "referred_figures_names": ["1705.10667v4-Table4-1.png"], "answer": "CDAN+E performs well across all five datasets listed in the table, including both digit and synthetic-to-real datasets, while UNIT, CyCADA, and GTA show strong results only on the digits and synthetic-to-real datasets."}, "3": {"question": "Which sampling strategy for random matrices in CDAN+E leads to the highest average accuracy across all domain adaptation tasks on Office-31? How does this compare to the performance of CDAN+E variants that use random sampling?", "response": {"1705.10667v4-Table5-1.png": ["Yes ", "CDAN+E. "]}, "referred_figures_names": ["1705.10667v4-Table5-1.png"], "answer": "The table shows that CDAN+E (w/o random sampling) achieves the highest average accuracy of 87.7% across all domain adaptation tasks. This is slightly higher than the performance of CDAN+E with uniform sampling (87.0%) and Gaussian sampling (86.4%)."}, "4": {"question": "Which model performs the best in terms of test error?", "response": {"1705.10667v4-Figure2-1.png": ["No ", "(b) Ehrypo. "]}, "referred_figures_names": ["1705.10667v4-Figure2-1.png"], "answer": "CDAN (M)"}}