{"0": {"question": "What are the three main components of the Action Search model architecture?", "response": {"1706.04269v2-Figure3-1.png": ["Yes ", "The three main components of the Action Search model architecture are visual encoder, LSTM, and video time. "]}, "referred_figures_names": ["1706.04269v2-Figure3-1.png"], "answer": "The three main components of the Action Search model architecture are the visual encoder, the LSTM, and the spotting target."}, "1": {"question": "Which method requires the fewest observations to spot an action in a video with 2.5% action coverage?", "response": {"1706.04269v2-Figure4-1.png": ["Action Search ", "Action Search "]}, "referred_figures_names": ["1706.04269v2-Figure4-1.png"], "answer": "Action Search"}, "2": {"question": "How does Action Search use temporal context to reason about where to search next?", "response": {"1706.04269v2-Figure5-1.png": ["Yes ", "Action Search uses temporal context to reason about where to search next by analyzing the sequence of frames and identifying the location of the target action. If the target action is successfully spotted, the model will continue to search in the same direction. If the target action is not spotted, the model will adjust its search direction based on the temporal context of the frames. This helps the model to refine its search and increase the chances of finding the target action. "]}, "referred_figures_names": ["1706.04269v2-Figure5-1.png"], "answer": "Action Search uses temporal context to reason about where to search next by looking at the frames before and after the current frame. This allows the model to learn the temporal patterns of actions and to predict where the action is most likely to occur in the next frame."}, "3": {"question": "How does the training size of the Action Search model affect its performance?", "response": {"1706.04269v2-Table1-1.png": ["Yes ", "As the training size increases, the mAP and S score also improve. "]}, "referred_figures_names": ["1706.04269v2-Table1-1.png"], "answer": "As the training size increases, the mAP and S score of the Action Search model also improve."}}