{"0": {"question": "How does the alpha parameter affect recommendation accuracy for different sample sizes on the CLASS dataset?", "response": {"1706.03847v3-Figure5-1.png": ["Yes ", "The alpha parameter affects the recommendation accuracy differently for different sample sizes on the CLASS dataset. "]}, "referred_figures_names": ["1706.03847v3-Figure5-1.png"], "answer": "The alpha parameter generally increases recommendation accuracy as the sample size increases. However, the effect of alpha varies depending on the loss function used. For cross-entropy loss, alpha has a relatively small effect on accuracy. For TOP1-max loss, alpha has a larger effect on accuracy, especially for smaller sample sizes. For BPR-max loss, alpha has a very large effect on accuracy, with higher values of alpha leading to much higher accuracy."}, "1": {"question": "Which combination of method and dataset achieved the highest Recall@20 score, and how much higher was it compared to the original GRU4Rec model?", "response": {"1706.03847v3-Table2-1.png": ["Yes ", "TG, TOP1, 2000, 0.79(0.05) "]}, "referred_figures_names": ["1706.03847v3-Table2-1.png"], "answer": "The highest Recall@20 score was achieved by the GRU4Rec with additional samples and BPR-max loss function on the RSC15 dataset. This score was 42.37% higher than the Recall@20 score of the original GRU4Rec model on the same dataset."}, "2": {"question": "What is the performance of GRU4Rec relative to the baseline in terms of watch time?", "response": {"1706.03847v3-Figure6-1.png": ["Yes ", "110.00%. "]}, "referred_figures_names": ["1706.03847v3-Figure6-1.png"], "answer": "GRU4Rec has a slightly higher performance than the baseline in terms of watch time."}, "3": {"question": "Which dataset contains the most interactions (events) in the training set and how much larger is it compared to the dataset with the least interactions in the training set?", "response": {"1706.03847v3-Table1-1.png": ["Yes ", "RSC15 contains the most interactions in the training set with 7,667,525 events, which is 3,812,298 larger than VIDEO which has the least interactions in the training set with 3,857,143 events. "]}, "referred_figures_names": ["1706.03847v3-Table1-1.png"], "answer": "The VIDXL dataset contains the most interactions (events) in the training set with 69,312,698 events. This is roughly 7.7 times larger than the RSC15 dataset, which has the least interactions (9,011,321) in the training set. "}, "4": {"question": "What is the purpose of negative sampling?", "response": {"1706.03847v3-Figure1-1.png": ["Yes ", "To reduce the computation of negative samples. "]}, "referred_figures_names": ["1706.03847v3-Figure1-1.png"], "answer": "Negative sampling is a technique used to reduce the number of negative examples that need to be considered during training."}, "5": {"question": "How does the training time of the different losses change as the number of additional samples increases?", "response": {"1706.03847v3-Figure4-1.png": ["Yes ", "The training time increases as the number of additional samples increases. "]}, "referred_figures_names": ["1706.03847v3-Figure4-1.png"], "answer": "The training time of all losses increases as the number of additional samples increases."}, "6": {"question": "Which dataset has the highest Recall@20 and MRR@20?", "response": {"1706.03847v3-Table3-1.png": ["RSC15 ", "RSC15 "]}, "referred_figures_names": ["1706.03847v3-Table3-1.png"], "answer": "VIDXL has the highest Recall@20 and MRR@20."}, "7": {"question": "How does the addition of negative samples affect the gradient of BPR and BPR-max with respect to the target score?", "response": {"1706.03847v3-Figure2-1.png": ["Yes ", "The addition of negative samples increases the gradient of BPR and BPR-max with respect to the target score. "]}, "referred_figures_names": ["1706.03847v3-Figure2-1.png"], "answer": "The addition of negative samples increases the gradient of BPR and BPR-max with respect to the target score."}}