{"0": {"question": "What is the relationship between projection sparsity and normalized reconstruction error?", "response": {"1706.08146v3-Figure5-1.png": ["Yes ", "As projection sparsity increases, normalized reconstruction error decreases. "]}, "referred_figures_names": ["1706.08146v3-Figure5-1.png"], "answer": "The normalized reconstruction error decreases as the projection sparsity increases, up to a certain point. After that, the error starts to increase again."}, "1": {"question": "What is the relationship between compression factor and reconstruction error?", "response": {"1706.08146v3-Figure6-1.png": ["Yes ", "Compression factor is inversely proportional to reconstruction error. "]}, "referred_figures_names": ["1706.08146v3-Figure6-1.png"], "answer": "The reconstruction error increases as the compression factor increases."}, "2": {"question": "What are the three steps involved in compressed matrix factorization?", "response": {"1706.08146v3-Figure1-1.png": ["Yes ", "The three steps involved in compressed matrix factorization are:\n\n1. Factorize the compressed version of the full data matrix M into two matrices W and H.\n2. Approximate the left factor of M using sparse recovery on each column of W.\n3. Observe the compressed version of the full data matrix M. "]}, "referred_figures_names": ["1706.08146v3-Figure1-1.png"], "answer": "The three steps involved in compressed matrix factorization are: \n\n1. Compress the full data matrix M to obtain a compressed matrix M\u0303. \n2. Factorize M\u0303 to obtain matrices W\u0303 and H\u0303. \n3. Approximate the left factor of M via sparse recovery on each column of W\u0303."}, "3": {"question": "Which dataset would likely benefit the most from using the Fac.-Recover approach instead of Recover-Fac. in terms of computational efficiency?", "response": {"1706.08146v3-Table1-1.png": ["Yes ", "CSTROMES. "]}, "referred_figures_names": ["1706.08146v3-Table1-1.png"], "answer": "The Leukemia dataset would likely benefit the most from using the Fac.-Recover approach."}, "4": {"question": "What is the effect of increasing the projection dimension d on the approximation error for sparse PCA and NMF?", "response": {"1706.08146v3-Figure2-1.png": ["Yes. ", "The approximation error decreases as the projection dimension d increases. "]}, "referred_figures_names": ["1706.08146v3-Figure2-1.png"], "answer": "Increasing the projection dimension d decreases the approximation error for both sparse PCA and NMF."}, "5": {"question": "Which method achieves lower approximation error when the compression factor is greater than 3?", "response": {"1706.08146v3-Figure3-1.png": ["RF ", "RF "]}, "referred_figures_names": ["1706.08146v3-Figure3-1.png"], "answer": "Factorize-Recover"}}