{"0": {"question": "What is the difference between the conventional semantic segmentation pipeline and the proposed framework for joint image denoising and semantic segmentation?", "response": {"1706.04284v3-Figure1-1.png": ["Yes. ", "The conventional semantic segmentation pipeline is represented by the top left image, while the proposed framework for joint image denoising and semantic segmentation is represented by the bottom left image. The proposed framework uses CBM3D to denoise the image before performing semantic segmentation, which is not done in the conventional pipeline. "]}, "referred_figures_names": ["1706.04284v3-Figure1-1.png"], "answer": "The conventional semantic segmentation pipeline performs semantic segmentation directly on the noisy input image, while the proposed framework first denoises the image before performing semantic segmentation."}, "1": {"question": " Which denoiser performs the best on the sheep image, and how can you tell?", "response": {"1706.04284v3-Figure5-1.png": ["Yes. ", "The denoiser trained with the classification network and evaluated for semantic segmentation (d) performs the best on the sheep image. This can be determined by comparing the segmentation label maps of the four denoisers (a, b, c, and d) and observing that the denoiser (d) has the most accurate segmentation of the sheep. "]}, "referred_figures_names": ["1706.04284v3-Figure5-1.png"], "answer": " The denoiser trained with the classification network and evaluated for semantic segmentation performs the best on the sheep image. This is because the segmentation label map for this denoiser is the most accurate, and it correctly identifies the sheep's body and legs. "}, "2": {"question": "What is the purpose of the skip connections in the proposed denoising network?", "response": {"1706.04284v3-Figure2-1.png": ["No. ", "To allow for information flow between layers. "]}, "referred_figures_names": ["1706.04284v3-Figure2-1.png"], "answer": "The skip connections are used to combine the features from the encoding and decoding modules at each scale. This helps to preserve the spatial information that is lost during the downsampling and upsampling operations."}, "3": {"question": "Which denoising method performs the best on average across all noise levels tested on the Kodak dataset?", "response": {"1706.04284v3-Table1-1.png": ["Yes ", "A2. "]}, "referred_figures_names": ["1706.04284v3-Table1-1.png"], "answer": "The proposed method performs the best on average across all noise levels tested on the Kodak dataset."}}