{"0": {"question": "Which method performed better on the MNIST dataset, ResNet-32 (CE) or ResNet-56 (RCE)?", "response": {"1706.00633v4-Table1-1.png": ["Yes ", "ResNet-32 (CE) "]}, "referred_figures_names": ["1706.00633v4-Table1-1.png"], "answer": "ResNet-56 (RCE) performed better on the MNIST dataset with a classification error rate of 0.32% compared to ResNet-32 (CE) which had a classification error rate of 0.38%."}, "1": {"question": "Which combination of training procedure and thresholding metric consistently performs the best across both MNIST and CIFAR-10 datasets for all attack types?", "response": {"1706.00633v4-Table2-1.png": ["No ", "BCE with thresholding metric of 0.1 and 0.26 bandwidths. "]}, "referred_figures_names": ["1706.00633v4-Table2-1.png"], "answer": "RCE training combined with the K-density metric consistently performs the best across both MNIST and CIFAR-10 datasets for all attack types."}, "2": {"question": "Which attack method is the most effective at reducing the accuracy of the Resnet-32 model on the MNIST dataset?", "response": {"1706.00633v4-Figure2-1.png": ["Yes ", "[1-3, 5-7, 9-11] "]}, "referred_figures_names": ["1706.00633v4-Figure2-1.png"], "answer": "The most effective attack method at reducing the accuracy of the Resnet-32 model on the MNIST dataset is BIM/CE."}, "3": {"question": "Which of the following algorithms performs the best when trained via the CE?", "response": {"1706.00633v4-Figure4-1.png": ["RCE ", "RCE "]}, "referred_figures_names": ["1706.00633v4-Figure4-1.png"], "answer": "C&W-hc"}, "4": {"question": "How does the accuracy of the model change as the value of c increases?", "response": {"1706.00633v4-Figure7-1.png": ["Yes ", "The accuracy decreases as the value of c increases. "]}, "referred_figures_names": ["1706.00633v4-Figure7-1.png"], "answer": "The accuracy of the model decreases as the value of c increases."}, "5": {"question": "Which objective function resulted in a higher ratio of f2(x\u2217) > 0 for the MNIST dataset?", "response": {"1706.00633v4-Table3-1.png": ["MNIST ", "MNIST "]}, "referred_figures_names": ["1706.00633v4-Table3-1.png"], "answer": "RCE"}, "6": {"question": "Which type of adversarial example generation method results in images that are visually more similar to the original images?", "response": {"1706.00633v4-Figure3-1.png": ["Normal ", "CLIP-A "]}, "referred_figures_names": ["1706.00633v4-Figure3-1.png"], "answer": "The CE method results in images that are visually more similar to the original images than the RCE method."}, "7": {"question": "How does the proposed metric of non-ME help detect adversarial examples?", "response": {"1706.00633v4-Figure1-1.png": ["Yes ", "The proposed metric of non-ME helps detect adversarial examples by isolating the regions where the model's performance is not optimal, indicating the presence of adversarial examples. "]}, "referred_figures_names": ["1706.00633v4-Figure1-1.png"], "answer": " The non-ME metric measures the entropy of the normalized non-maximal elements in the final hidden vector of the classifier. Adversarial examples often have low non-ME values, indicating that they are close to the decision boundary and have high confidence in the incorrect class."}, "8": {"question": "Based on the table, which attack method is the most efficient in terms of time taken to craft an adversarial example, and how much faster is it compared to the slowest method for the same objective function?", "response": {"1706.00633v4-Table5-1.png": ["Yes. ", "Based on the table, the most efficient attack method in terms of time taken to craft an adversarial example is RCE, with an average time cost of 1.3 seconds. Compared to the slowest method for the same objective function, RCE is 100 times faster. "]}, "referred_figures_names": ["1706.00633v4-Table5-1.png"], "answer": "The FGSM attack is the most efficient, requiring approximately 1.9 milliseconds to craft an adversarial example with the CE objective function. This is roughly **55,000 times faster** than the slowest method, C&W-wb, which takes about 700 seconds for the same objective function."}}