{"0": {"question": "Which method achieved the most accurate results for simultaneous line and circle fitting?", "response": {"1706.00827v2-Table1-1.png": ["Yes ", "Multi-X. "]}, "referred_figures_names": ["1706.00827v2-Table1-1.png"], "answer": "Multi-X achieved the most accurate results for simultaneous line and circle fitting."}, "1": {"question": "Which method has the lowest average misclassification error for the cubechips image pair?", "response": {"1706.00827v2-Table4-1.png": ["BFC21 ", "BMN. "]}, "referred_figures_names": ["1706.00827v2-Table4-1.png"], "answer": "Multi-X"}, "2": {"question": "What is the difference between AdelaideRMF and Multi-H?", "response": {"1706.00827v2-Figure4-1.png": ["Yes ", "AdelaideRMF uses a more complex color scheme with multiple colors for each plane, while Multi-H uses a simpler color scheme with fewer colors for each plane. "]}, "referred_figures_names": ["1706.00827v2-Figure4-1.png"], "answer": "AdelaideRMF tends to assign points to more planes than Multi-H."}, "3": {"question": "What is the relationship between the color of the points and the motion of the object?", "response": {"1706.00827v2-Figure5-1.png": ["Yes ", "The color of the points indicates the motion of the object. "]}, "referred_figures_names": ["1706.00827v2-Figure5-1.png"], "answer": "The color of the points indicates the motion that the Multi-X algorithm assigned to each point."}, "4": {"question": "Which of the five methods tested had the lowest average misclassification error?", "response": {"1706.00827v2-Table5-1.png": ["Yes ", "RPA ROMSA. "]}, "referred_figures_names": ["1706.00827v2-Table5-1.png"], "answer": "Multi-X"}, "5": {"question": "In which scenario did Multi-X perform worse than another method in terms of misclassification error for simultaneous plane and cylinder fitting?", "response": {"1706.00827v2-Table6-1.png": ["No. ", "Multi-X "]}, "referred_figures_names": ["1706.00827v2-Table6-1.png"], "answer": "Multi-X performed worse than PEARL in test case (6), with a misclassification error of 21.72% compared to PEARL's 17.35%. "}, "6": {"question": "How does the Mean-Shift algorithm perform in the presence of outliers?", "response": {"1706.00827v2-Figure2-1.png": ["Yes ", "Poorly. "]}, "referred_figures_names": ["1706.00827v2-Figure2-1.png"], "answer": "The Mean-Shift algorithm is robust to outliers."}, "7": {"question": "Which method has the lowest average misclassification error?", "response": {"1706.00827v2-Table3-1.png": ["Yes ", "Tling. "]}, "referred_figures_names": ["1706.00827v2-Table3-1.png"], "answer": "Multi-X"}, "8": {"question": "Which algorithm is generally faster for fitting planes and cylinders: Multi-X or T-Linkage?", "response": {"1706.00827v2-Table8-1.png": ["Yes ", "T-Linkage. "]}, "referred_figures_names": ["1706.00827v2-Table8-1.png"], "answer": "Multi-X is generally faster for fitting planes and cylinders compared to T-Linkage."}}