{"0": {"question": "Which model achieved the highest performance score on the Breakout game?", "response": {"1707.00524v2-Table2-1.png": ["Yes ", "ACUs-CS "]}, "referred_figures_names": ["1707.00524v2-Table2-1.png"], "answer": "A3C-CTS"}, "1": {"question": "Which game has the highest code loss in phase 2?", "response": {"1707.00524v2-Figure5-1.png": ["Yes ", "(a) Code Loss. "]}, "referred_figures_names": ["1707.00524v2-Figure5-1.png"], "answer": "Pacman"}, "2": {"question": "What is the difference between the predicted frame and the reconstructed frame for each task domain?", "response": {"1707.00524v2-Figure3-1.png": ["Yes. ", "The difference between the predicted frame and the reconstructed frame for each task domain is that the predicted frame is the output of the prediction model, while the reconstructed frame is the output of the autoencoder trained with reconstruction loss. The predicted frame is expected to be identical to the ground-truth frame, while the reconstructed frame may be slightly blurred due to the autoencoder's training. "]}, "referred_figures_names": ["1707.00524v2-Figure3-1.png"], "answer": "The predicted frame is generated by the prediction model, while the reconstructed frame is generated by the autoencoder. The predicted frame is typically more accurate than the reconstructed frame, as the prediction model is trained to predict the future state of the environment, while the autoencoder is only trained to reconstruct the input image."}, "3": {"question": "What is the difference between the encoder and decoder networks in the action-conditional prediction model?", "response": {"1707.00524v2-Figure2-1.png": ["Yes. ", "The encoder network in the action-conditional prediction model is used to encode the state into a latent space, while the decoder network is used to decode the latent space back into the original state. "]}, "referred_figures_names": ["1707.00524v2-Figure2-1.png"], "answer": "The encoder network takes a one-hot action and the current state as input and outputs a latent representation of the state. The decoder network takes the latent representation and outputs a prediction of the next state."}}