{"0": {"question": "What is the difference between testing domain adaptation and testing sensor fusion?", "response": {"1707.01922v5-Figure3-1.png": ["No ", "(a) testing domain adaptation (b) testing sensor fusion. "]}, "referred_figures_names": ["1707.01922v5-Figure3-1.png"], "answer": "In testing domain adaptation, the source and target CNNs are trained on different domains, and the joint classifier is used to predict the class of the target data. In testing sensor fusion, the source and target CNNs are trained on the same domain, and the joint classifier is used to predict the class of the target data using both the source and target data."}, "1": {"question": "Which method performs better in terms of classification accuracy?", "response": {"1707.01922v5-Figure4-1.png": ["Yes ", "ZDDA3. "]}, "referred_figures_names": ["1707.01922v5-Figure4-1.png"], "answer": "ZDDA3"}, "2": {"question": "What is the role of the task-irrelevant data in ZDDA?", "response": {"1707.01922v5-Figure1-1.png": ["Yes. ", "The task-irrelevant data is used to learn from the task-relevant target-domain training data when it is unavailable. "]}, "referred_figures_names": ["1707.01922v5-Figure1-1.png"], "answer": "The task-irrelevant data is used to simulate the RGB representation using the gray scale image. This allows ZDDA to learn a joint network that can be used to classify digits in both the gray scale and RGB domains."}, "3": {"question": "What is the key difference between ZDDA and UDA/MVL in terms of the available training data?", "response": {"1707.01922v5-Table1-1.png": ["Yes ", "ZDDA uses the same training data as the target domain, while UDA/MVL uses multiple training data in the source domain. "]}, "referred_figures_names": ["1707.01922v5-Table1-1.png"], "answer": "The key difference lies in the availability of target-domain training data. While UDA and MVL methods require T-R training data from the target domain, ZDDA does not. ZDDA only requires T-R training data from a single source domain."}, "4": {"question": "If you are performing domain adaptation with ZDDA using AlexNet as the base network architecture and $D_F$ as the target domain, which layers of the network would be considered part of the source CNN and which would be part of the source classifier?", "response": {"1707.01922v5-Table4-1.png": ["Yes. ", "The source CNN would consist of the layers specified in the \"Source CNN\" column, while the source classifier would consist of the layers specified in the \"Source Classifier\" column. "]}, "referred_figures_names": ["1707.01922v5-Table4-1.png"], "answer": "In this scenario, the source CNN would consist of the AlexNet architecture up to and including the \"fc7\" layer. The remaining layers of AlexNet would then be used as the source classifier."}, "5": {"question": "Which of the following statements about the training procedure of ZDDA is true?\n\n(a) ZDDA simulates the target-domain representation using the source-domain data. (b) ZDDA builds a joint network with the supervision from the target domain. (c) ZDDA trains a sensor fusion network in step 1. (d) ZDDA trains a sensor fusion network in step 2.", "response": {"1707.01922v5-Figure2-1.png": ["(a) ZDDA simulates the target-domain representation using the source-domain data. ", "(a) ZDDA simulates the target-domain representation using the source-domain data. "]}, "referred_figures_names": ["1707.01922v5-Figure2-1.png"], "answer": "(a) ZDDA simulates the target-domain representation using the source-domain data."}}