{"0": {"question": "Which model performs the best for caption retrieval in terms of R@1 and MEDR? Briefly explain why the performance might be better than other models.", "response": {"1707.06320v2-Table1-1.png": ["Yes. ", "Fg. "]}, "referred_figures_names": ["1707.06320v2-Table1-1.png"], "answer": "Cap2Img performs the best for caption retrieval in terms of both R@1 (27.1) and MEDR (4.0). This suggests that the model is more successful at retrieving the most relevant caption for a given image compared to other models."}, "1": {"question": "Which type of grounding appears to be most beneficial for the MRPC task, and how does its performance compare to the baseline model (ST-LN)?", "response": {"1707.06320v2-Table2-1.png": ["Yes. ", "The type of grounding that appears to be most beneficial for the MRPC task is Guess-O-Gap, and its performance is better than the baseline model (ST-LN) by 0.22. "]}, "referred_figures_names": ["1707.06320v2-Table2-1.png"], "answer": "GroundSent-Cap appears to be most beneficial for the MRPC task, achieving an accuracy of 72.9/82.2 compared to the baseline model ST-LN's 69.6/81.2."}, "2": {"question": "Which model performs best on the SNLI dataset, and how much does grounding contribute to its performance compared to the baseline STb-1024 model?", "response": {"1707.06320v2-Table3-1.png": ["Yes. ", "STb=1024+Cap2Cap/Img/Both performs best on the SNLI dataset with a score of 73.33. Grounding contributes 1.06 to its performance compared to the baseline STb-1024 model. "]}, "referred_figures_names": ["1707.06320v2-Table3-1.png"], "answer": "The GroundSent-Both model performs best on the SNLI dataset, achieving an accuracy of 72.0%. Grounding contributes to an improvement of 4.7% compared to the baseline STb-1024 model, which achieves 67.3%."}, "3": {"question": "How do the word embeddings learned by the Cap2Img model compare to the original GloVe embeddings in terms of semantic similarity?", "response": {"1707.06320v2-Table5-1.png": ["Yes ", "The Cap2Img embeddings are more similar to the GloVe embeddings than the original GloVe embeddings. "]}, "referred_figures_names": ["1707.06320v2-Table5-1.png"], "answer": "The word embeddings learned by the Cap2Img model outperform the original GloVe embeddings in terms of semantic similarity."}, "4": {"question": "What is the role of the \"max\" function in the model architecture?", "response": {"1707.06320v2-Figure1-1.png": ["Yes ", "To get the maximum value from the input. "]}, "referred_figures_names": ["1707.06320v2-Figure1-1.png"], "answer": "The \"max\" function is used to select the most probable word at each time step in the decoding process."}}