{"0": {"question": "Which model performs best when trained on the NYT dataset and evaluated on the WT14 dataset, and how does its performance compare to the baselines?", "response": {"1707.00189v3-Table1-1.png": ["Yes. ", "The model that performs best when trained on the NYT dataset and evaluated on the WT14 dataset is the AOL model, with a score of 0.4296. This score is significantly higher than the baseline scores for the NYT dataset, with a p-value of 0.0001. "]}, "referred_figures_names": ["1707.00189v3-Table1-1.png"], "answer": "The Conv-KNRM model performs best when trained on the NYT dataset and evaluated on the WT14 dataset, achieving an nDCG@20 score of 0.3215. This performance is significantly better than all the baselines: BM25 (B), WT10 (W), and AOL (A)."}}