{"0": {"question": "What are the different steps involved in reconstructing implicit warrants for argument reasoning comprehension?", "response": {"1708.01425v4-Figure2-1.png": ["Yes ", "The steps involved in reconstructing implicit warrants for argument reasoning comprehension are: 1) Identifying the argument, 2) Identifying the warrant, 3) Identifying the evidence, 4) Identifying the conclusion, 5) Identifying the premises, 6) Identifying the assumptions, 7) Identifying the counterarguments, 8) Identifying the rebuttals, 9) Identifying the implications, 10) Identifying the consequences, 11) Identifying the limitations, 12) Identifying the strengths, 13) Identifying the weaknesses, 14) Identifying the alternatives, 15) Identifying the trade-offs, 16) Identifying the risks, 17) Identifying the benefits, 18) Identifying the costs, 19) Identifying the values, 20) Identifying the ethics, 21) Identifying the emotions, 22) Identifying the biases, 23) Identifying the motivations, 24) Identifying the goals, 25) Identifying the obstacles, 26) Identifying the resources, 27) Identifying the time, 28) Identifying the location, 29) Identifying the people, 30) Identifying the objects, 31) Identifying the actions, 32) Identifying the relationships, 33) Identifying the context, 34) Identifying the background, 35) Identifying the history, 36) Identifying the future, 37) Identifying the past, 38) Identifying the present, 39) Identifying the future. "]}, "referred_figures_names": ["1708.01425v4-Figure2-1.png"], "answer": "The different steps involved in reconstructing implicit warrants for argument reasoning comprehension are:\n1. Sampling comments\n2. Stance annotation\n3. Reason span annotations\n4. Reason gist summarization\n5. Reason disambiguation\n6. Alternative warrant\n7. Alternative warrant validation\n8. Warrant for original claim\n9. Warrant validation"}, "1": {"question": "What is the relationship between the number of workers per \"expert\" and Cohen's kappa agreement for stance annotation?", "response": {"1708.01425v4-Figure3-1.png": ["Positive. ", "As the number of workers per expert increases, the Cohen's kappa agreement for stance annotation also increases. "]}, "referred_figures_names": ["1708.01425v4-Figure3-1.png"], "answer": "The Cohen's kappa agreement for stance annotation increases as the number of workers per \"expert\" increases."}, "2": {"question": "Which approach performs best on the development set?", "response": {"1708.01425v4-Table2-1.png": ["Yes ", "Human average. "]}, "referred_figures_names": ["1708.01425v4-Table2-1.png"], "answer": "Intra-warrant attention with context."}, "3": {"question": "Does formal training in reasoning, logic, or argumentation seem to have a significant effect on argument reasoning comprehension accuracy for people with graduate degrees?", "response": {"1708.01425v4-Figure4-1.png": ["Yes ", "Yes. "]}, "referred_figures_names": ["1708.01425v4-Figure4-1.png"], "answer": "No, it does not appear to have a significant effect."}, "4": {"question": "Which step in the methodology resulted in the largest decrease in the size of the dataset?", "response": {"1708.01425v4-Table1-1.png": ["Step 6 ", "Step 6 "]}, "referred_figures_names": ["1708.01425v4-Table1-1.png"], "answer": "Step 4, Reason disambiguation."}, "5": {"question": "How does the intra-warrant attention mechanism work?", "response": {"1708.01425v4-Figure5-1.png": ["Yes ", "The intra-warrant attention mechanism works by first computing the attention vector for the warrant W1, which is then used to compute the attention vector for the warrant W0. The attention vector for W0 is then used to compute the attention vector for the warrant W1, and so on. This process continues until all warrants have been processed. The attention vector for each warrant is then used to compute the attention vector for the warrant W1, which is then used to compute the attention vector for the warrant W0, and so on. This process continues until all warrants have been processed. The attention vector for each warrant is then used to compute the attention vector for the warrant W1, which is then used to compute the attention vector for the warrant W0, and so on. This process continues until all warrants have been processed. The attention vector for each warrant is then used to compute the attention vector for the warrant W1, which is then used to compute the attention vector for the warrant W0, and so on. This process continues until all warrants have been processed. The attention vector for each warrant is then used to compute the attention vector for the warrant W1, which is then used to compute the attention vector for the warrant W0, and so on. This process continues until all warrants have been processed. The attention vector for each warrant is then used to compute the attention vector for the warrant W1, which is then used to compute the attention vector for the warrant W0, and so on. This process continues until all warrants have been processed. The attention vector for each warrant is then used to compute the attention vector for the warrant W1, which is then used to compute the attention vector for the warrant W0, and so on. This process continues until all warrants have been processed. The attention vector for each warrant is then used to compute the attention vector for the warrant W1, which is then used to compute the attention vector for the warrant W0, and so on. This process continues until all warrants have been processed. The attention vector for each warrant is then used to compute the attention vector for the warrant W1, which is then used to compute the attention vector for the warrant W0, and so on. This process continues until all warrants have been processed. The attention vector for each warrant is then used to compute the attention vector for the warrant W1, which is then used to compute the attention vector for the warrant W0, and so on. This process continues until all warrants have been processed. The attention vector for each warrant is then used to compute the attention vector for the warrant W1, which is then used to compute the attention vector for the warrant W0, and so on. This process continues until all warrants have been processed. The attention vector for each warrant is then used to compute the attention vector for the warrant W1, which is then used to compute the attention vector for the warrant W0, and so on. This process continues until all warrants have been processed. The attention vector for each warrant is then used to compute the attention vector for the warrant W1, which is then used to compute the attention vector for the warrant W0, and so on. This process continues until all warrants have been processed. The attention vector for each warrant is then used to compute the attention vector for the warrant W1, which is then used to compute the attention vector for the warrant W0, and so on. This process"]}, "referred_figures_names": ["1708.01425v4-Figure5-1.png"], "answer": "The intra-warrant attention mechanism uses a BiLSTM to encode the reason and claim, and then provides this encoded information as an attention vector to LSTM layers for each warrant. The attention vector allows the model to focus on specific parts of the reason and claim that are most relevant to each warrant."}}