{"0": {"question": "How does increasing the parameter value (\u03c1 for LIME with Euclidean distance, \u03bc for LIME with cosine similarity, and \u03c3 for Parzen) seem to affect the influence vectors?", "response": {"1708.02153v2-Table3-1.png": ["Yes ", "The influence vectors change in different ways as the parameter value is increased. For LIME with Euclidean distance, the influence vectors become more spread out and less concentrated as the parameter value increases. For LIME with cosine similarity, the influence vectors become more concentrated around the center as the parameter value increases. For Parzen, the influence vectors become more concentrated around the center as the parameter value increases, but also have more outliers. "]}, "referred_figures_names": ["1708.02153v2-Table3-1.png"], "answer": "As the parameter value increases, the influence vectors generally become smoother and less noisy."}, "1": {"question": "Which explanation method seems to place the most emphasis on specific, localized features rather than smooth, gradual changes in pixel intensity?", "response": {"1708.02153v2-Table1-1.png": ["Yes ", "Puner. "]}, "referred_figures_names": ["1708.02153v2-Table1-1.png"], "answer": "LIME appears to place the most emphasis on specific, localized features."}, "2": {"question": "Explain why the \"Last contact\" feature has a significant positive influence on the SSL score in both examples, even though it is not directly used by the SSL algorithm.", "response": {"1708.02153v2-Table4-1.png": ["Yes ", "The \"Last contact\" feature has a significant positive influence on the SSL score in both examples because it is a binary feature that indicates whether or not there was a contact with the individual in the last 14 days. This feature may be indicative of recent social interactions, which can be a positive sign of social support and engagement. The SSL algorithm may be using this feature as a proxy for social connectedness, which is a known factor in predicting mental health outcomes. "]}, "referred_figures_names": ["1708.02153v2-Table4-1.png"], "answer": "The \"Last contact\" feature shows a strong positive influence on the SSL score because it is likely correlated with other features that are used by the algorithm. As the passage mentions, data-driven methods like MIM can assign influence to features that are not directly used by the model if they are correlated with other influential features. In this case, a recent \"Last contact\" date might be correlated with a higher number of recent offenses or other factors that contribute to a higher SSL score."}}