{"0": {"question": "Which method achieves the lowest error rate on ILSVRC at 1/4 of the total cost?", "response": {"1708.06832v3-Figure3-1.png": ["DenseANN169 ", "DenseNN169 "]}, "referred_figures_names": ["1708.06832v3-Figure3-1.png"], "answer": "MSDNNet38"}, "1": {"question": "What is the effect of increasing the budget in FLOPS on the test Top-1 error rate for the three different training strategies?", "response": {"1708.06832v3-Figure1-1.png": ["Yes. ", "The effect of increasing the budget in FLOPS on the test Top-1 error rate for the three different training strategies is shown in the graph on the left. The orange line represents the proposed adaptive loss weights, which outperforms the green and blue lines, which represent the common ANN training strategy and the small ANN with non-adaptive weights, respectively. The graph on the right shows the effect of increasing the budget in FLOPS on the test Top-1 error rate for the three different training strategies. The orange box represents the proposed adaptive loss weights, which outperforms the green and blue boxes, which represent the common ANN training strategy and the small ANN with non-adaptive weights, respectively. "]}, "referred_figures_names": ["1708.06832v3-Figure1-1.png"], "answer": "The test Top-1 error rate decreases as the budget in FLOPS increases for all three training strategies."}, "2": {"question": "Which model performs the best on CIFAR100 and ILSVRC datasets?", "response": {"1708.06832v3-Figure5-1.png": ["No ", "(b) EANN outperforms linear ensembles of DNNs on ILSVRC. "]}, "referred_figures_names": ["1708.06832v3-Figure5-1.png"], "answer": "EANN with AdaLoss performs the best on both CIFAR100 and ILSVRC datasets."}}