{"0": {"question": "What is the role of the code layer in the HDMF architecture?", "response": {"1708.03797v1-Figure1-1.png": ["Yes ", "The code layer is responsible for encoding the input data into a lower-dimensional feature vector. "]}, "referred_figures_names": ["1708.03797v1-Figure1-1.png"], "answer": "The code layer is responsible for generating a compressed representation of the input data. This compressed representation is then used by the decoder to reconstruct the original data."}, "1": {"question": "Which model achieved the best overall performance in terms of ranking relevant tags for users?", "response": {"1708.03797v1-Table2-1.png": ["Yes ", "Model 1. "]}, "referred_figures_names": ["1708.03797v1-Table2-1.png"], "answer": "HDMF achieved the best overall performance."}}