{"0": {"question": "Which MCMC sampler appears to have the most consistent performance across the different variables?", "response": {"1708.05239v3-Figure9-1.png": ["Yes ", "PE-HMC (N=5) "]}, "referred_figures_names": ["1708.05239v3-Figure9-1.png"], "answer": "PE-HMC (N=5)"}, "1": {"question": "How does the performance of the PE-N=5 sampler compare to the HMC sampler?", "response": {"1708.05239v3-Figure10-1.png": ["Yes. ", "The PE-N=5 sampler performs better than the HMC sampler. "]}, "referred_figures_names": ["1708.05239v3-Figure10-1.png"], "answer": "The PE-N=5 sampler performs better than the HMC sampler."}}