{"0": {"question": "Which method generally achieved a lower objective function value (OFV) for the different datasets, FISVDD or Incremental SVM? Does this imply that one method is definitively better than the other?", "response": {"1709.00139v4-Table1-1.png": ["Yes ", "FISVDD generally achieved a lower objective function value (OFV) for the different datasets. However, this does not imply that one method is definitively better than the other as the performance of the methods may vary depending on the specific data set and the problem at hand. "]}, "referred_figures_names": ["1709.00139v4-Table1-1.png"], "answer": "For all datasets presented, Incremental SVM achieved a slightly lower OFV compared to FISVDD. However, this does not necessarily mean that Incremental SVM is definitively better."}}