{"0": {"question": "How does the performance of VAGER+Voting compare to other VAGER variants in the 1-shot and 20-shot settings?", "response": {"1710.06177v2-Table1-1.png": ["Yes ", "The performance of VAGER+Voting is better than other VAGER variants in the 1-shot and 20-shot settings. "]}, "referred_figures_names": ["1710.06177v2-Table1-1.png"], "answer": "VAGER+Voting consistently outperforms all other VAGER variants in both 1-shot and 20-shot settings, achieving the highest AUC and F1 scores."}, "1": {"question": "Can you explain why the performance of VAGER is worse than LR for the \"Bubble\" class in the 1-shot binary classification setting, while it performs better for the other nine classes?", "response": {"1710.06177v2-Table2-1.png": ["No ", "The performance of VAGER is worse than LR for the \"Bubble\" class in the 1-shot binary classification setting because the VAGER model has a higher loss value of 0.7355 compared to the LR model's loss value of 0.7801. This indicates that the VAGER model is less accurate in predicting the \"Bubble\" class compared to the LR model. However, for the other nine classes, the VAGER model has a lower loss value, indicating better performance in predicting those classes. "]}, "referred_figures_names": ["1710.06177v2-Table2-1.png"], "answer": "VAGER leverages transfer learning, while LR does not. This means VAGER attempts to apply knowledge from other classes to improve its performance on new classes. For nine out of the ten novel classes, this strategy seems to be successful, as VAGER consistently outperforms LR. However, for the \"Bubble\" class, the transfer learning approach seems to have a negative impact, causing VAGER to perform worse than LR."}, "2": {"question": "What is the relationship between the Similarity Ratio and AUC Increasing?", "response": {"1710.06177v2-Figure3-1.png": ["Yes ", "The relationship between the Similarity Ratio and AUC Increasing is linear. "]}, "referred_figures_names": ["1710.06177v2-Figure3-1.png"], "answer": "There is a positive linear relationship between the Similarity Ratio and AUC Increasing."}, "3": {"question": "Which method performs best in the 10 classes 1-shot multi-class classification problem?", "response": {"1710.06177v2-Figure5-1.png": ["No ", "LR. "]}, "referred_figures_names": ["1710.06177v2-Figure5-1.png"], "answer": "VAGER + Voting"}, "4": {"question": "What is the relationship between the novel class and the top-3 most similar base classes?", "response": {"1710.06177v2-Figure4-1.png": ["Yes ", "The novel class is the class that is being compared to the top-3 most similar base classes. "]}, "referred_figures_names": ["1710.06177v2-Figure4-1.png"], "answer": "The top-3 most similar base classes are the three classes that are most similar to the novel class, based on the embedding layer in a 5-shot setting."}, "5": {"question": "Which method performs the best when the number of shots is 50?", "response": {"1710.06177v2-Figure2-1.png": ["No ", "VAGER+Voting. "]}, "referred_figures_names": ["1710.06177v2-Figure2-1.png"], "answer": "VAGER+Voting"}}