{"0": {"question": "How does the time needed for learning a graph with a subset of allowed edges $\\mathcal{E}^\\text{allowed}$ change as the number of edges per node increases?", "response": {"1710.05654v2-Figure15-1.png": ["Yes. ", "The time needed for learning a graph with a subset of allowed edges $\\mathcal{E}^\\text{allowed}$ increases linearly with the number of edges per node. "]}, "referred_figures_names": ["1710.05654v2-Figure15-1.png"], "answer": "The time needed for learning a graph with a subset of allowed edges $\\mathcal{E}^\\text{allowed}$ increases linearly as the number of edges per node increases."}, "1": {"question": "Which method is the fastest for computing a graph with a small average node degree?", "response": {"1710.05654v2-Figure1-1.png": ["Yes ", "Left. "]}, "referred_figures_names": ["1710.05654v2-Figure1-1.png"], "answer": "The proposed method in this paper (k=5) is the fastest for computing a graph with a small average node degree."}, "2": {"question": "Which digit has the highest average squared distance to other digits in the MNIST dataset?", "response": {"1710.05654v2-Figure11-1.png": ["1 ", "9 "]}, "referred_figures_names": ["1710.05654v2-Figure11-1.png"], "answer": "Digit \"1\""}, "3": {"question": "How well do the approximate bounds of $\\theta$ predict sparsity in the \"spherical\" dataset?", "response": {"1710.05654v2-Figure4-1.png": ["Yes ", "Well. "]}, "referred_figures_names": ["1710.05654v2-Figure4-1.png"], "answer": "The approximate bounds of $\\theta$ are very effective at predicting sparsity in the \"spherical\" dataset."}, "4": {"question": "Which model is the most effective at connecting digits with larger distances?", "response": {"1710.05654v2-Figure5-1.png": ["No ", "Middle "]}, "referred_figures_names": ["1710.05654v2-Figure5-1.png"], "answer": "The log model."}, "5": {"question": "What is the effect of adding Gaussian noise to the images on the measured sparsity?", "response": {"1710.05654v2-Figure12-1.png": ["Yes ", "The measured sparsity decreases. "]}, "referred_figures_names": ["1710.05654v2-Figure12-1.png"], "answer": "Adding Gaussian noise to the images increases the measured sparsity."}, "6": {"question": "How does the connectivity of the Daitch hard scalable model compare to the Daitch soft scalable model?", "response": {"1710.05654v2-Figure14-1.png": ["Yes. ", "The connectivity of the Daitch hard scalable model is higher than the Daitch soft scalable model. "]}, "referred_figures_names": ["1710.05654v2-Figure14-1.png"], "answer": "The Daitch hard scalable model has a higher connectivity than the Daitch soft scalable model. This can be seen in the figure, where the bars for the hard model are generally higher than the bars for the soft model."}, "7": {"question": "How does the relevance of terms assigned by the learned graph compare to the relevance assigned by k-NN and A-NN graphs?", "response": {"1710.05654v2-Table1-1.png": ["Yes ", "The relevance of terms assigned by the learned graph is much better. "]}, "referred_figures_names": ["1710.05654v2-Table1-1.png"], "answer": "The learned graph assigns weights that correspond much better to the relevance of the terms compared to k-NN and A-NN graphs."}, "8": {"question": "How does the graph diameter change with increasing average degree for different methods and datasets?", "response": {"1710.05654v2-Figure9-1.png": ["Yes ", "The graph diameter decreases with increasing average degree for all three methods and datasets. "]}, "referred_figures_names": ["1710.05654v2-Figure9-1.png"], "answer": "The graph diameter generally decreases with increasing average degree for all methods and datasets. However, the rate of decrease and the final diameter value vary depending on the method and dataset."}}