{"0": {"question": "What is the purpose of the residual connection in the decoding module?", "response": {"1802.07351v2-Figure7-1.png": ["Yes ", "To prevent vanishing gradient problem. "]}, "referred_figures_names": ["1802.07351v2-Figure7-1.png"], "answer": "The residual connection allows the output of a layer to be added to the output of another layer, which helps to improve the flow of information through the network."}, "1": {"question": "What are the differences between the results of the three methods, LiteFlowNet, PWC-Net, and Devon, compared to the ground truth?", "response": {"1802.07351v2-Figure9-1.png": ["Yes ", "The differences between the results of the three methods, LiteFlowNet, PWC-Net, and Devon, compared to the ground truth are as follows:\n\n* LiteFlowNet: The results of LiteFlowNet are more accurate and consistent with the ground truth compared to the other methods.\n* PWC-Net: The results of PWC-Net are less accurate and consistent with the ground truth compared to the other methods.\n* Devon: The results of Devon are the least accurate and consistent with the ground truth compared to the other methods. "]}, "referred_figures_names": ["1802.07351v2-Figure9-1.png"], "answer": "LiteFlowNet, PWC-Net, and Devon all produce results that are similar to the ground truth, but there are some subtle differences. For example, LiteFlowNet tends to overestimate the motion of the small object, while PWC-Net and Devon tend to underestimate it. Additionally, all three methods produce some artifacts around the edges of the moving object."}, "2": {"question": "What is the difference between a standard cost volume and a deformable cost volume?", "response": {"1802.07351v2-Figure2-1.png": ["Yes ", "A standard cost volume is a fixed volume, while a deformable cost volume is a flow vector. "]}, "referred_figures_names": ["1802.07351v2-Figure2-1.png"], "answer": "A standard cost volume computes the matching costs for a neighborhood of the same location on the feature maps of the first and second images. A deformable cost volume computes the matching costs for a dilated neighborhood of the same location on the feature maps of the first and second images, offset by a flow vector."}, "3": {"question": "Based on the ablation study, which modification to the Devon model architecture had the most significant negative impact on performance for the KITTI 2015 dataset?", "response": {"1802.07351v2-Table5-1.png": ["Yes ", "With shortcut validation. "]}, "referred_figures_names": ["1802.07351v2-Table5-1.png"], "answer": "Removing the normalization in the relation modules had the most significant negative impact on performance for the KITTI 2015 dataset."}, "4": {"question": "Which modification to the Devon model resulted in the fastest processing time for both forward and backward passes, and how much faster was it compared to the full model in terms of the backward pass? ", "response": {"1802.07351v2-Table6-1.png": ["Yes. ", "With shortcut. "]}, "referred_figures_names": ["1802.07351v2-Table6-1.png"], "answer": "The \"Without dilation\" configuration resulted in the fastest processing time for both forward and backward passes. It was approximately 29.43 ms faster than the full model in terms of the backward pass (147.74 ms vs. 177.17 ms)."}, "5": {"question": "What is the purpose of the residual connection in the encoding module?", "response": {"1802.07351v2-Figure4-1.png": ["Yes ", "To prevent vanishing gradient problem. "]}, "referred_figures_names": ["1802.07351v2-Figure4-1.png"], "answer": "The residual connection adds the output of a layer to the output of another layer, which helps to prevent the vanishing gradient problem."}, "6": {"question": "What is the role of the relation module (Rt) in the Deformable Volume Network (Devon)?", "response": {"1802.07351v2-Figure3-1.png": ["Yes. ", "The relation module (Rt) is used to compute the relation between the two images. "]}, "referred_figures_names": ["1802.07351v2-Figure3-1.png"], "answer": "The relation module (Rt) is responsible for capturing the spatial relationships between the features extracted from the first and second images."}, "7": {"question": "Explain the rationale behind using five deformable cost volumes with different hyperparameter settings in Devon's relation module.", "response": {"1802.07351v2-Table1-1.png": ["Yes ", "The table shows the hyperparameters for five different deformable cost volumes used in Devon's relation module. Each row represents a different cost volume, and the columns represent the hyperparameters for that cost volume. The hyperparameters are given in parentheses, and the values are numerical. The table is organized in a way that allows for easy comparison of the hyperparameters for each cost volume. "]}, "referred_figures_names": ["1802.07351v2-Table1-1.png"], "answer": "The five deformable cost volumes in Devon's relation module are designed to capture multi-scale motion by combining dense correspondences near the image center with sparser correspondences in the periphery. This is achieved by using different neighborhood sizes (k) and dilation rates (r) for each cost volume, as shown in Table 1. Smaller neighborhood sizes and dilation rates result in denser correspondences, focusing on finer details and small displacements, while larger values capture broader context and larger motions."}, "8": {"question": "Based on the table, which model achieved the best performance on the KITTI 2015 test set in terms of F1-all score, and how does its performance compare to Devon (ft) on the same dataset?", "response": {"1802.07351v2-Table4-1.png": ["Yes. ", "PWC FlowNet2 achieved the best performance on the KITTI 2015 test set in terms of F1-all score with a value of 0.91. Its performance is better than Devon (ft) by 0.06%. "]}, "referred_figures_names": ["1802.07351v2-Table4-1.png"], "answer": "PWC-Net (ft) achieved the best performance on the KITTI 2015 test set with an F1-all score of 9.16%. This is significantly better than Devon (ft), which achieved an F1-all score of 14.31% on the same dataset. "}, "9": {"question": "Based on the table, which method performs best on the Sintel \"Final\" test set, and how does its performance compare to Devon (ft) on the same set? ", "response": {"1802.07351v2-Table2-1.png": ["Yes. ", "Based on the table, the best performing method on the Sintel \"Final\" test set is PWC (1.48), which outperforms all other methods. When compared to Devon (ft), PWC has a slightly higher performance on the \"Final\" test set (1.48 vs 1.45). "]}, "referred_figures_names": ["1802.07351v2-Table2-1.png"], "answer": "PWC-Net (ft) performs best on the Sintel \"Final\" test set with an error of 5.04. Devon (ft) has a higher error of 6.35 on the same set. "}, "10": {"question": "Which of the three methods, LiteFlowNet, PWC-Net, or Devon, most accurately predicts the motion of the small object in the scene?", "response": {"1802.07351v2-Figure8-1.png": ["Yes ", "PWC-Net. "]}, "referred_figures_names": ["1802.07351v2-Figure8-1.png"], "answer": "Devon."}}