{"0": {"question": "Which dataset has the most 4-hop triples?", "response": {"1803.03467v4-Table1-1.png": ["Movielens-1M ", "MovieLens-1M. "]}, "referred_figures_names": ["1803.03467v4-Table1-1.png"], "answer": "Bing-News."}, "1": {"question": "How does the number of common k-hop neighbors change as the hop distance increases for items with and without common raters?", "response": {"1803.03467v4-Figure4-1.png": ["Yes ", "The number of common k-hop neighbors decreases as the hop distance increases for items with and without common raters. "]}, "referred_figures_names": ["1803.03467v4-Figure4-1.png"], "answer": "The number of common k-hop neighbors generally decreases as the hop distance increases for both items with and without common raters. However, the number of common k-hop neighbors is consistently higher for items with common raters than for items without common raters."}, "2": {"question": "Which model performs the best in terms of AUC on the MovieLens-1M dataset?", "response": {"1803.03467v4-Table3-1.png": ["Yes ", "RipCrateNet "]}, "referred_figures_names": ["1803.03467v4-Table3-1.png"], "answer": "RippleNet*"}, "3": {"question": "What is the role of the ripple sets in the RippleNet framework?", "response": {"1803.03467v4-Figure2-1.png": ["Yes. ", "The ripple sets in the RippleNet framework are used to represent the user's click history and are used to predict the probability that the user will click on a particular item. "]}, "referred_figures_names": ["1803.03467v4-Figure2-1.png"], "answer": "The ripple sets are used to propagate a user's preferences from his or her click history to his or her relevant entities."}, "4": {"question": "What is the relationship between the movies \"Forrest Gump\" and \"Cast Away\"?", "response": {"1803.03467v4-Figure3-1.png": ["Yes. ", "Forrest Gump is the parent movie of Cast Away. "]}, "referred_figures_names": ["1803.03467v4-Figure3-1.png"], "answer": "The movies \"Forrest Gump\" and \"Cast Away\" are connected by the actor Tom Hanks."}, "5": {"question": "Which dataset has the highest AUC for all ripple set sizes?", "response": {"1803.03467v4-Table4-1.png": ["No ", "Movie-Lens. "]}, "referred_figures_names": ["1803.03467v4-Table4-1.png"], "answer": "MovieLens-1M"}, "6": {"question": "How does the dimension of embedding affect the AUC of RippleNet on MovieLens-1M?", "response": {"1803.03467v4-Figure9-1.png": ["Yes ", "The dimension of embedding affects the AUC of RippleNet on MovieLens-1M in a non-linear way. "]}, "referred_figures_names": ["1803.03467v4-Figure9-1.png"], "answer": "The AUC of RippleNet first increases and then decreases with the increase of the dimension of embedding."}}