{"0": {"question": "Which constraint has the most significant impact on the FIT values for the CMS data set when the target rank is 15?", "response": {"1803.04572v2-Figure3-1.png": ["COPA non-neg on H. ", "COPA(non-neg on H) "]}, "referred_figures_names": ["1803.04572v2-Figure3-1.png"], "answer": "The smoothness constraint on $\\M{U_k}$ has the most significant impact on the FIT values for the CMS data set when the target rank is 15."}, "1": {"question": "What are some common medications used to treat Sickle Cell Anemia?", "response": {"1803.04572v2-Table7-1.png": ["No ", "Hydroxyurea, Angiopoietin-1, and Hydroxyethyl starch. "]}, "referred_figures_names": ["1803.04572v2-Table7-1.png"], "answer": "According to the table, some common medications used to treat Sickle Cell Anemia include:\n\nBeta-adrenergic agents\nAnalgesics (narcotics and non-narcotics)\nNSAIDs (cyclooxygenase inhibitor - type)\nPotassium replacement\nSodium/saline preparations\nGeneral inhalation agents\nLaxatives and cathartics\nIV solutions (dextrose-saline)\nAntiemetic/antivertigo agents\nSedative-hypnotics (non-barbiturate)\nGlucocorticoids (orally inhaled)\nFolic acid preparations\nAnalgesic narcotic anesthetic adjunct agents"}, "2": {"question": "What are the three constraints imposed by COPA on PARAFAC2 model factors?", "response": {"1803.04572v2-Figure1-1.png": ["Yes ", "Smoothness, Non-negativity, Spread. "]}, "referred_figures_names": ["1803.04572v2-Figure1-1.png"], "answer": "Non-negativity, smoothness, and sparsity."}, "3": {"question": "How do the temporal patterns of phenotype magnitude differ between sickle cell anemia and leukemia patients?", "response": {"1803.04572v2-Figure8-1.png": ["Yes ", "The patterns are different for each patient. "]}, "referred_figures_names": ["1803.04572v2-Figure8-1.png"], "answer": "The temporal patterns of phenotype magnitude differ between sickle cell anemia and leukemia patients in terms of both shape and magnitude. For sickle cell anemia patients, the patterns are generally smoother and more periodic, with lower overall magnitude. For leukemia patients, the patterns are more erratic and have higher overall magnitude."}, "4": {"question": "Which algorithm converged faster in both cases of target rank?", "response": {"1803.04572v2-Figure6-1.png": ["No ", "CMS "]}, "referred_figures_names": ["1803.04572v2-Figure6-1.png"], "answer": "SPARTan converged faster in both cases of target rank."}, "5": {"question": "Which method is faster, COPA or Helwig?", "response": {"1803.04572v2-Figure7-1.png": ["Yes ", "Helwig. "]}, "referred_figures_names": ["1803.04572v2-Figure7-1.png"], "answer": "COPA is faster than Helwig."}, "6": {"question": "Which dataset has the largest number of clinical visits per patient?", "response": {"1803.04572v2-Table3-1.png": ["CHA ", "CHA 2008 2595 1835 SS 157 "]}, "referred_figures_names": ["1803.04572v2-Table3-1.png"], "answer": "CMS"}}