{"0": {"question": "Which synchronization method is the most efficient in terms of CPU processing time?", "response": {"1803.02750v3-Figure1-1.png": ["Yes ", "State-based. "]}, "referred_figures_names": ["1803.02750v3-Figure1-1.png"], "answer": "The proposed method compared to state-based and delta-based methods."}, "1": {"question": "What is the difference between GCounter and GSet?", "response": {"1803.02750v3-TableI-1.png": ["Yes ", "GCounter is single increment while GSet is addition of unique element. "]}, "referred_figures_names": ["1803.02750v3-TableI-1.png"], "answer": "GCounter measures the number of times an event has occurred, while GSet measures the number of unique elements in a set."}, "2": {"question": "Which of the algorithms is most efficient in terms of transmission in a tree topology?", "response": {"1803.02750v3-Figure7-1.png": ["Yes ", "GCounter-Mesh. "]}, "referred_figures_names": ["1803.02750v3-Figure7-1.png"], "answer": "Op-based GSet."}, "3": {"question": "What is the role of the RR optimization in the delta-based synchronization of a GSet?", "response": {"1803.02750v3-Figure5-1.png": ["Yes. ", "To reduce the number of replicas. "]}, "referred_figures_names": ["1803.02750v3-Figure5-1.png"], "answer": "The RR optimization helps to reduce the number of messages that need to be exchanged between replicas."}, "4": {"question": "How does the average metadata required per node for the Op-based BP+RR approach change as the number of nodes in the network increases?", "response": {"1803.02750v3-Figure9-1.png": ["Yes ", "The average metadata required per node for the Op-based BP+RR approach increases as the number of nodes in the network increases. "]}, "referred_figures_names": ["1803.02750v3-Figure9-1.png"], "answer": "The average metadata required per node for the Op-based BP+RR approach increases as the number of nodes in the network increases."}, "5": {"question": "Which algorithm performs the best in terms of average memory ratio with respect to BP+RR for GMap 10%?", "response": {"1803.02750v3-Figure10-1.png": ["Yes ", "GMap 10% - mesh "]}, "referred_figures_names": ["1803.02750v3-Figure10-1.png"], "answer": "Delta-based BP+RR"}, "6": {"question": "What is the difference between the `inc_i(p)` and `inc_i'(p)` operations in the Grow-only Counter data type?", "response": {"1803.02750v3-Figure2-1.png": ["Yes ", "The `inc_i(p)` operation increments the value of the counter at position `p` in the Grow-only Counter data type, while the `inc_i'(p)` operation increments the value of the counter at position `p` in the other data type. "]}, "referred_figures_names": ["1803.02750v3-Figure2-1.png"], "answer": "The `inc_i(p)` operation increments the value associated with the key `i` in the counter `p`, while the `inc_i'(p)` operation increments the value associated with the key `i` in the counter `p` only if the key `i` is not already present in the counter."}, "7": {"question": "Which topology has the highest transmission rate for GMap 100%?", "response": {"1803.02750v3-Figure8-1.png": ["Mesh ", "Mesh. "]}, "referred_figures_names": ["1803.02750v3-Figure8-1.png"], "answer": "Mesh"}, "8": {"question": "If a user with 100 followers posts a tweet, how many CRDT updates will be performed in total, and what percentage of the overall workload does this represent?", "response": {"1803.02750v3-TableII-1.png": ["Yes ", "The total CRDT updates performed will be 150 and it represents 35% of the overall workload. "]}, "referred_figures_names": ["1803.02750v3-TableII-1.png"], "answer": "Posting a tweet will result in 1 + 100 = 101 CRDT updates. This represents 35% of the overall workload."}, "9": {"question": "If we use the lexicographic product with a chain as the first component and a distributive lattice as the second component to design a CRDT, will the resulting CRDT lattice be guaranteed to be distributive and satisfy the descending chain condition (DCC)?", "response": {"1803.02750v3-TableIII-1.png": ["Yes. ", "Yes. "]}, "referred_figures_names": ["1803.02750v3-TableIII-1.png"], "answer": "Yes, the resulting CRDT lattice will be guaranteed to be both distributive and satisfy the DCC."}, "10": {"question": "How does the CPU overhead of classic delta-based compare to delta-based BP+RR as the Zipf coefficient increases?", "response": {"1803.02750v3-Figure12-1.png": ["Yes ", "The CPU overhead of classic delta-based decreases as the Zipf coefficient increases. "]}, "referred_figures_names": ["1803.02750v3-Figure12-1.png"], "answer": "The CPU overhead of classic delta-based is consistently higher than that of delta-based BP+RR as the Zipf coefficient increases."}}