{"0": {"question": "How do the outcome curves for the black and white groups differ?", "response": {"1803.04383v2-Figure6-1.png": ["Yes ", "The black group has a higher selection rate. "]}, "referred_figures_names": ["1803.04383v2-Figure6-1.png"], "answer": "The outcome curve for the black group is generally lower than the outcome curve for the white group. This indicates that, for a given selection rate, the black group experiences a smaller change in credit score than the white group."}, "1": {"question": "How does the selection rate affect the expected outcome and institution utilities for different decision rules?", "response": {"1803.04383v2-Figure2-1.png": ["Yes ", "The selection rate affects the expected outcome and institution utilities for different decision rules by determining the maxima of the utility curves. The higher the selection rate, the higher the expected outcome and institution utilities will be. "]}, "referred_figures_names": ["1803.04383v2-Figure2-1.png"], "answer": "The selection rate has a different effect on the expected outcome and institution utilities for different decision rules. For example, the maximum expected outcome is achieved at a higher selection rate for the MaxUtil rule than for the EqOpt rule."}, "2": {"question": "Does the probability of repaying a debt increase or decrease with credit score?", "response": {"1803.04383v2-Figure4-1.png": ["Yes ", "Increase. "]}, "referred_figures_names": ["1803.04383v2-Figure4-1.png"], "answer": "The probability of repaying a debt increases with credit score."}, "3": {"question": "Which fairness criteria results in the highest loan approval rate for the Black group when the loss/profit ratio is -4?", "response": {"1803.04383v2-Figure5-1.png": ["Criteria: White ", "Criteria: White "]}, "referred_figures_names": ["1803.04383v2-Figure5-1.png"], "answer": "The maximum profit criteria ($\\maxprof$) results in the highest loan approval rate for the Black group when the loss/profit ratio is -4."}, "4": {"question": "What does the outcome curve tell us about the relationship between selection rate and mean change in score?", "response": {"1803.04383v2-Figure1-1.png": ["Yes. ", "The outcome curve shows the relationship between selection rate and mean change in score. It indicates that as the selection rate increases, the mean change in score also increases. The colors on the curve represent different regions of active harm, relative harm, and no harm. "]}, "referred_figures_names": ["1803.04383v2-Figure1-1.png"], "answer": "The outcome curve shows that the relationship between selection rate and mean change in score is complex and depends on the specific group being considered. For groups with high potential for gain, increasing the selection rate can lead to large increases in mean score. However, for groups with low potential for gain, increasing the selection rate can actually lead to decreases in mean score."}}