{"0": {"question": "What are the key differences between Seq2Sick and existing attack methods on RNN-based models?", "response": {"1803.01128v3-Table1-1.png": ["No. ", "Seq2Sick is not included in the table. "]}, "referred_figures_names": ["1803.01128v3-Table1-1.png"], "answer": "Seq2Sick differs from existing attack methods in two key aspects:\n\n1. Search Strategy: While previous methods primarily rely on greedy search, which becomes increasingly inefficient for longer sequences, Seq2Sick employs group lasso regularization and projected gradient descent with gradient regularization. This allows for simultaneous searching of all replacement positions, leading to improved efficiency.\n\n2. Targeted Attack Type: Existing methods focus on targeting specific classes or binary classifications, while Seq2Sick introduces a novel \"keyword\" target type, allowing attacks to be directed towards specific keywords within the generated sequence."}, "1": {"question": "What is the relationship between the success rate of the non-overlapping attack and the number of words changed in the input sentence?", "response": {"1803.01128v3-Table3-1.png": ["No. ", "The success rate of the non-overlapping attack is inversely proportional to the number of words changed in the input sentence. "]}, "referred_figures_names": ["1803.01128v3-Table3-1.png"], "answer": "There is a negative correlation between the success rate of the non-overlapping attack and the number of words changed in the input sentence. In other words, the fewer words that are changed, the higher the success rate of the attack."}, "2": {"question": "How does the difficulty of performing a successful targeted keywords attack change as the number of targeted keywords increases?", "response": {"1803.01128v3-Table4-1.png": ["Yes ", "As the number of targeted keywords increases, the difficulty of performing a successful targeted keywords attack increases. "]}, "referred_figures_names": ["1803.01128v3-Table4-1.png"], "answer": "The difficulty of performing a successful targeted keywords attack increases as the number of targeted keywords increases."}, "3": {"question": "Which method resulted in the highest BLEU score?", "response": {"1803.01128v3-Table5-1.png": ["Yes ", "Method "]}, "referred_figures_names": ["1803.01128v3-Table5-1.png"], "answer": "The 1-keyword method resulted in the highest BLEU score of 0.705."}, "4": {"question": "Do adversarial examples generated with the 2-keyword constraint maintain a similar syntactic structure to the original sentences?", "response": {"1803.01128v3-Table6-1.png": ["Yes ", "Yes. "]}, "referred_figures_names": ["1803.01128v3-Table6-1.png"], "answer": "No, adversarial examples generated with the 2-keyword constraint deviate significantly from the original syntactic structure."}}