{"0": {"question": "How does the appearance of the sphere differ between the re-synthesis using DAMs and the reference image?", "response": {"1804.00863v3-Figure1-1.png": ["Yes ", "The sphere appears to be more uniform and shiny in the re-synthesis using DAMs compared to the reference image. "]}, "referred_figures_names": ["1804.00863v3-Figure1-1.png"], "answer": "The sphere in the re-synthesis using DAMs appears to have a more even and consistent surface texture than the reference image."}, "1": {"question": "Which method performs best for the \"Representation\" task when the view is \"Novel\"?", "response": {"1804.00863v3-Table1-1.png": ["Yes ", "Our method. "]}, "referred_figures_names": ["1804.00863v3-Table1-1.png"], "answer": "The \"OUR\" method performs best for the \"Representation\" task when the view is \"Novel\"."}, "2": {"question": "How do the reconstructions compare to the original samples?", "response": {"1804.00863v3-Figure11-1.png": ["Yes ", "The reconstructions are very close to the original samples. "]}, "referred_figures_names": ["1804.00863v3-Figure11-1.png"], "answer": "The reconstructions are very similar to the original samples."}, "3": {"question": "What is the difference between the representation module and the learning-to-learn module?", "response": {"1804.00863v3-Figure4-1.png": ["Yes ", "The representation module is a linear layer with weights and biases, while the learning-to-learn module is a non-linear layer with weights and biases. "]}, "referred_figures_names": ["1804.00863v3-Figure4-1.png"], "answer": "The representation module takes an input image and outputs a feature representation. The learning-to-learn module takes a set of features and learns how to segment the image."}, "4": {"question": "What is the difference between the representation task and the learning-to-learn task?", "response": {"1804.00863v3-Figure3-1.png": ["Yes. ", "The representation task simply reproduces a given appearance, while the learning-to-learn task maps an image to a DAM representation. "]}, "referred_figures_names": ["1804.00863v3-Figure3-1.png"], "answer": "The representation task takes an appearance as input and outputs an RGB value, while the learning-to-learn task takes an image as input and outputs a DAM representation."}, "5": {"question": "What is the relationship between gloss and representation error?", "response": {"1804.00863v3-Figure10-1.png": ["Yes ", "Gloss is inversely proportional to representation error. "]}, "referred_figures_names": ["1804.00863v3-Figure10-1.png"], "answer": "The representation error decreases as the gloss decreases."}}