{"0": {"question": "Which correction method resulted in the best performance in terms of nDCG@10 and ERR@10, and how does it compare to not using any correction method?", "response": {"1804.05938v2-Table4-1.png": ["Yes ", "DLA resulted in the best performance in terms of nDCG@10 and ERR@10, with a +1.00 and -0.02 improvement, respectively. "]}, "referred_figures_names": ["1804.05938v2-Table4-1.png"], "answer": "The DNN trained with DLA achieved the best performance in terms of both nDCG@10 (0.421) and ERR@10 (0.582). Compared to not using any correction method (NoCorrect), DLA shows a significant improvement in both metrics, with nDCG@10 being higher by 0.063 and ERR@10 being higher by 0.082."}, "1": {"question": "Which method performs better in terms of mean square error?", "response": {"1804.05938v2-Figure2-1.png": ["Yes ", "RandList. "]}, "referred_figures_names": ["1804.05938v2-Figure2-1.png"], "answer": "DLA performs better than RandList in terms of mean square error."}, "2": {"question": "Explain the difference between the features \"TF-IDF\" and \"BM25\".", "response": {"1804.05938v2-Table2-1.png": ["Yes ", "TF-IDF is the average term frequency of query terms in url, title and content of the whole document. BM25 is the average inverse document frequency of query terms in url, title and content of the whole document. "]}, "referred_figures_names": ["1804.05938v2-Table2-1.png"], "answer": "Both TF-IDF and BM25 are features used to estimate the relevance of a document to a query. However, they differ in their underlying calculations.\n\nTF-IDF: This feature represents the average product of term frequency (TF) and inverse document frequency (IDF) for each query term within different document sections (URL, title, content, and whole document). TF measures how often a term appears in a specific document section, while IDF measures how important that term is across the entire document collection.\n\nBM25: This feature utilizes the BM25 ranking function, which is a probabilistic model that considers term frequency, document length, and average document length to estimate relevance. While it also considers term frequency like TF-IDF, it incorporates additional factors to improve the weighting scheme."}}