{"0": {"question": "What is the difference between an \"agent-in-place\" action and a generic action category?", "response": {"1804.01429v3-Figure1-1.png": ["No. ", "An \"agent-in-place\" action is a specific type of action that involves an agent (a person or object) being in a particular place at a particular time. It is represented as <agent, action, place>. A generic action category, on the other hand, is a broad category of actions that do not necessarily involve an agent-in-place. "]}, "referred_figures_names": ["1804.01429v3-Figure1-1.png"], "answer": "An agent-in-place action is an action that is performed by an agent in a specific place, while a generic action category is a more general category of action that does not specify the place where the action is performed."}, "1": {"question": "What are the different types of features used by the Layout-induced Video Representation Network?", "response": {"1804.01429v3-Figure4-1.png": ["Yes ", "The Layout-induced Video Representation Network uses the following types of features:\n\n1. Semantic-based features: These are features that are extracted from the segmentation maps.\n2. Place-based features: These are features that are extracted from the shared 3D ConvNet.\n3. Distance-based features: These are features that are extracted from the place-based models.\n4. Topological features: These are features that are extracted from the connectivity of places. "]}, "referred_figures_names": ["1804.01429v3-Figure4-1.png"], "answer": "The Layout-induced Video Representation Network uses three types of features: place-based features, distance-based features, and topological features."}, "2": {"question": "What is the role of the 3D ConvNet in the distance-based place discretization process?", "response": {"1804.01429v3-Figure5-1.png": ["Yes ", "ConvNet. "]}, "referred_figures_names": ["1804.01429v3-Figure5-1.png"], "answer": "The 3D ConvNet is used to extract features from the input images. These features are then used to generate place-based feature descriptions."}, "3": {"question": "How does the LIVR framework decompose semantic features into different places?", "response": {"1804.01429v3-Figure2-1.png": ["Yes. ", "The LIVR framework decomposes semantic features into different places by first given the segmentation map, then extracting place-based feature descriptions individually, and finally dynamically aggregating them at inference time according to the topology of the scene. "]}, "referred_figures_names": ["1804.01429v3-Figure2-1.png"], "answer": "The LIVR framework decomposes semantic features into different places by utilizing bitmaps encoded with the semantic labels of places. This decomposition encourages the network to learn features of generic place-based motion patterns that are independent of scene layouts."}, "4": {"question": "Why does the proposed method outperform the baselines for the action \"<person, move toward (home), walkway>\"?", "response": {"1804.01429v3-Figure8-1.png": ["Yes ", "Because the proposed method has higher average precision. "]}, "referred_figures_names": ["1804.01429v3-Figure8-1.png"], "answer": "The proposed method outperforms the baselines for the action \"<person, move toward (home), walkway>\" because it is better at modeling moving directions."}, "5": {"question": "Which actions are most challenging for the network to recognize, and how do the proposed methods improve the performance on these actions?", "response": {"1804.01429v3-Figure7-1.png": ["Yes ", "The actions that are most challenging for the network to recognize are those that require modeling moving directions, as indicated by the blue dashed box in the graph. The proposed methods, including place-based feature descriptions (PD), distance-based place discretization (DD), topological feature aggregation (Topo-Agg), and FC-Agg, significantly improve the average precision on almost all action categories, including those that are challenging. "]}, "referred_figures_names": ["1804.01429v3-Figure7-1.png"], "answer": "The actions that are most challenging for the network to recognize are those that include moving directions, such as \"person, move toward (home)\", \"person, move away (home)\", and \"vehicle, move toward (person)\". The proposed methods, distance-based place discretization (DD) and topological feature aggregation (Topo-Agg), significantly improve the average precision on almost all action categories, especially those that are more challenging and are associated with moving directions."}}