{"0": {"question": "What is the purpose of the audio encoder in the proposed conditional recurrent adversarial video generation network structure?", "response": {"1804.04786v3-Figure2-1.png": ["Yes ", "To generate the audio based on the image and video. "]}, "referred_figures_names": ["1804.04786v3-Figure2-1.png"], "answer": "The audio encoder extracts audio features from the MFCC features of each audio segment."}, "1": {"question": "Which loss function combination is most important for generating realistic mouth movements?", "response": {"1804.04786v3-Figure4-1.png": ["No ", "V. "]}, "referred_figures_names": ["1804.04786v3-Figure4-1.png"], "answer": "The combination of Lrec, LI, and LV is most important for generating realistic mouth movements."}, "2": {"question": "What is the difference between the sequential and recurrent generation schemes?", "response": {"1804.04786v3-Figure5-1.png": ["Yes ", "The difference between the sequential and recurrent generation schemes is that the recurrent generation schemes use optical flow to generate the images, while the sequential generation scheme does not. "]}, "referred_figures_names": ["1804.04786v3-Figure5-1.png"], "answer": "The sequential generation scheme generates each frame of the video independently, while the recurrent generation scheme uses the previous frame to generate the next frame. This can be seen in the optical flow images, which show the motion of pixels between frames. The recurrent scheme has a smoother flow of motion, while the sequential scheme has more abrupt changes."}}