{"0": {"question": "Which method achieved the highest accuracy on the 45-tag Penn WSJ dataset, and how does its performance compare to the other methods?", "response": {"1804.07849v4-Table1-1.png": ["Yes. ", "Method achieved the highest accuracy on the 45-tag Penn WSJ dataset with an accuracy of 78.1 (0.8). This is significantly higher than the other methods, which have accuracies of 74.8 (1.5), 67.7 (0.6), and 66.6 (0.7). "]}, "referred_figures_names": ["1804.07849v4-Table1-1.png"], "answer": "The Variational $\\wh{J}^{\\mathrm{var}}$ method achieved the highest accuracy of 78.1% on the 45-tag Penn WSJ dataset. This is significantly higher than all other methods listed in the table, with the next best performing method (Berg-Kirkpatrick et al., 2010) achieving an accuracy of 74.9%."}, "1": {"question": "According to the ablation experiments, which factor contributes the most to the best model's performance compared to the baseline model?", "response": {"1804.07849v4-Table2-1.png": ["No ", "Sentence-level batching. "]}, "referred_figures_names": ["1804.07849v4-Table2-1.png"], "answer": "Morphological modeling with LSTMs contributes the most to the best model's performance compared to the baseline model."}, "2": {"question": "Which method achieved the highest average V-measure (VM) across all languages, and how much higher was its average compared to the Baum-Welch method?", "response": {"1804.07849v4-Table4-1.png": ["Yes ", "The method that achieved the highest average V-measure (VM) across all languages is the Unified (Labeled) Expectation-Maximization (UEM) method, and its average is 43.33 higher than the Baum-Welch method. "]}, "referred_figures_names": ["1804.07849v4-Table4-1.png"], "answer": "The Variational $\\wh{J}^{\\mathrm{var}}$ method achieved the highest average VM score (50.4). Its average score is 39.6 points higher than the Baum-Welch method, which achieved an average VM score of 10.8."}, "3": {"question": "Which method achieved the highest accuracy on the Italian language data set?", "response": {"1804.07849v4-Table3-1.png": ["Yes ", "\"BiLSTM\" "]}, "referred_figures_names": ["1804.07849v4-Table3-1.png"], "answer": "Variational J^var (7)"}, "4": {"question": "What is the role of the BiLSTM in the architecture?", "response": {"1804.07849v4-Figure1-1.png": ["Yes ", "To process the input sequence of words. "]}, "referred_figures_names": ["1804.07849v4-Figure1-1.png"], "answer": "The BiLSTM takes as input the character-level representations of the words and outputs a word-level representation for each word."}}