{"0": {"question": "Which relevance label category of documents received the most significant rank promotion according to the NegPair reduction metric?", "response": {"1804.05936v2-Figure2-1.png": ["Yes ", "Perfect. "]}, "referred_figures_names": ["1804.05936v2-Figure2-1.png"], "answer": "The perfect results received the largest promotions in rank."}, "1": {"question": "What is the role of the GRU in the Deep Listwise Context Model (DLCM)?", "response": {"1804.05936v2-Figure1-1.png": ["Yes. ", "The GRU is used to compute the final network state and hidden outputs of the RNN in I (Rnq ,Xn q ). "]}, "referred_figures_names": ["1804.05936v2-Figure1-1.png"], "answer": "The GRU is used to process the ranked list of documents provided by a global ranking function."}, "2": {"question": "How does the NegPair reduction vary with the number of perfect results in a query?", "response": {"1804.05936v2-Figure3-1.png": ["Yes ", "The NegPair reduction decreases as the number of perfect results in a query increases. "]}, "referred_figures_names": ["1804.05936v2-Figure3-1.png"], "answer": "The NegPair reduction generally increases as the number of perfect results in a query increases."}, "3": {"question": "Which dataset would be most suitable for training a learning-to-rank model with limited computational resources, and why?", "response": {"1804.05936v2-Table1-1.png": ["No. ", "Microsoft 10k would be most suitable for training a learning-to-rank model with limited computational resources because it has the least number of queries (10,000) and documents (29,921) among all the datasets. This means that the model would require less computational power to process the data and train the model. "]}, "referred_figures_names": ["1804.05936v2-Table1-1.png"], "answer": "Microsoft 10k would be the most suitable dataset for training with limited computational resources."}, "4": {"question": "Which of the following methods has the best performance?", "response": {"1804.05936v2-Figure4-1.png": ["Yes ", "DLCMs. "]}, "referred_figures_names": ["1804.05936v2-Figure4-1.png"], "answer": "LambdaMART"}, "5": {"question": "Which combination of initial list, model, and loss function achieved the best overall performance on the Yahoo! set 1, as measured by nDCG@10 and ERR@10?", "response": {"1804.05936v2-Table4-1.png": ["[DNN, DL-C, DL-C, DL-C] ", "(LIDNN, DLCM, DL-LBP) "]}, "referred_figures_names": ["1804.05936v2-Table4-1.png"], "answer": "LambdaMART initial list, DLCM model, and AttRank loss function achieved the best overall performance on the Yahoo! set 1, with an nDCG@10 of 0.743 and an ERR@10 of 0.453."}}