{"0": {"question": "What are the two auxiliary tasks that are used in the ESMM architecture for CVR modeling?", "response": {"1804.07931v2-Figure2-1.png": ["Yes. ", "CTCR and CTCVR. "]}, "referred_figures_names": ["1804.07931v2-Figure2-1.png"], "answer": "The two auxiliary tasks are CTR and CTCVR."}, "1": {"question": "What is the relationship between clicks and impressions?", "response": {"1804.07931v2-Figure1-1.png": ["Yes ", "Clicks is a subset of impressions. "]}, "referred_figures_names": ["1804.07931v2-Figure1-1.png"], "answer": "Clicks are a subset of impressions."}, "2": {"question": "How much more prevalent are click events compared to conversion events in the Product Dataset?", "response": {"1804.07931v2-Table1-1.png": ["Yes ", "174 "]}, "referred_figures_names": ["1804.07931v2-Table1-1.png"], "answer": "Click events are roughly 184 times more prevalent than conversion events in the Product Dataset."}, "3": {"question": "Which model performs best overall on both the CVR and CTCVR tasks?", "response": {"1804.07931v2-Table2-1.png": ["Yes ", "ESM "]}, "referred_figures_names": ["1804.07931v2-Table2-1.png"], "answer": "The ESMM model performs the best overall on both the CVR and CTCVR tasks."}, "4": {"question": "How does the performance of ESMM compare to other models on the CVR task and CTCVR task with different training set sizes?", "response": {"1804.07931v2-Figure3-1.png": ["Yes ", "The performance of ESMM is better than other models on the CVR task and CTCVR task with different training set sizes. "]}, "referred_figures_names": ["1804.07931v2-Figure3-1.png"], "answer": "ESMM-NS and ESMM outperform all other models consistently across different training set sizes on both the CVR and CTCVR tasks."}}