{"0": {"question": "How are documents ranked and pruned in the telescoping architecture?", "response": {"1804.04410v2-Figure1-1.png": ["Yes ", "The documents are ranked and pruned using a pre-defined match plan and additional rank-and-prune stages. "]}, "referred_figures_names": ["1804.04410v2-Figure1-1.png"], "answer": "Documents are first matched using a pre-defined match plan. Then, they are passed through additional rank-and-prune stages, which are implemented as a cascade of machine learning models."}, "1": {"question": "How does the RL policy compare to the baseline in terms of index blocks accessed?", "response": {"1804.04410v2-Figure2-1.png": ["Yes. ", "The RL policy is better than the baseline in terms of index blocks accessed. "]}, "referred_figures_names": ["1804.04410v2-Figure2-1.png"], "answer": "The RL policy accesses fewer index blocks than the baseline."}, "2": {"question": "How does the performance of the learned policy compare to the production baseline for CAT2 queries in terms of relevance and efficiency?", "response": {"1804.04410v2-Table1-1.png": ["Yes ", "The performance of the learned policy for CAT2 queries in terms of relevance is significantly lower than the production baseline, with a coverage of only 10.15% of the queries. In terms of efficiency, the learned policy is significantly more efficient than the production baseline, with a reduction of 17.5% in index blocks accessed. "]}, "referred_figures_names": ["1804.04410v2-Table1-1.png"], "answer": "For CAT2 queries, the learned policy shows a slight improvement in relevance (NCG) for the weighted set and a significant reduction in index blocks accessed for both weighted and unweighted sets."}}