{"0": {"question": "How does the performance of ITN-V2 compare to other methods when both DDT and ST transformations are applied to the CIFAR-10 dataset?", "response": {"1805.06447v3-Table3-1.png": ["Yes ", "ITN-V2 has a 94.6% accuracy. "]}, "referred_figures_names": ["1805.06447v3-Table3-1.png"], "answer": "ITN-V2 achieves the lowest testing error (56.95%) among all methods listed when both DDT and ST transformations are applied to the CIFAR-10 dataset."}, "1": {"question": "Which method performs the best when trained with only 1% of the MNIST training data, and how much does data augmentation improve its performance in this scenario?", "response": {"1805.06447v3-Table2-1.png": ["Yes ", "The method that performs the best when trained with only 1% of the MNIST training data is BGAN-BCN(WDA), with a test error of 0.089%. Data augmentation improves its performance by 0.099% when trained with 100% of the MNIST training data. "]}, "referred_figures_names": ["1805.06447v3-Table2-1.png"], "answer": "When trained with only 1% of the MNIST training data, ITN (B-CNN) (w/ DA) performs the best with a testing error of 2.78%. Data augmentation further improves its performance by 0.4%, bringing the testing error down to 2.78% from 3.18% achieved by ITN (B-CNN) without data augmentation."}, "2": {"question": "How does the ITN framework generate pseudo-negative samples?", "response": {"1805.06447v3-Figure1-1.png": ["Yes ", "By training with the training samples. "]}, "referred_figures_names": ["1805.06447v3-Figure1-1.png"], "answer": "The ITN framework generates pseudo-negative samples by applying learned transformations to positive samples."}, "3": {"question": "Which method performs best on the CIFAR-10 dataset?", "response": {"1805.06447v3-Table5-1.png": ["Yes ", "Method "]}, "referred_figures_names": ["1805.06447v3-Table5-1.png"], "answer": "ITN (ResNet-32) with data augmentation performs best on the CIFAR-10 dataset with a testing error of 5.82%."}, "4": {"question": "Which method achieved the lowest testing error on the miniImageNet dataset?", "response": {"1805.06447v3-Table6-1.png": ["Yes ", "TNN (ResNet32 - w/DA) "]}, "referred_figures_names": ["1805.06447v3-Table6-1.png"], "answer": "ITTN (ResNet-32) (w/ DA) achieved the lowest testing error on the miniImageNet dataset with an error rate of 29.65%."}, "5": {"question": "Which generative model generates more accurate and realistic samples on the MNIST dataset, AC-GATN or ITN?", "response": {"1805.06447v3-Figure4-1.png": ["Yes ", "AC-GATN. "]}, "referred_figures_names": ["1805.06447v3-Figure4-1.png"], "answer": "ITN generates more accurate and realistic samples on the MNIST dataset compared to AC-GATN."}, "6": {"question": "How does the quality of the generated samples change as the update threshold increases?", "response": {"1805.06447v3-Figure5-1.png": ["Yes ", "The quality of the generated samples decreases as the update threshold increases. "]}, "referred_figures_names": ["1805.06447v3-Figure5-1.png"], "answer": "The quality of the generated samples decreases as the update threshold increases."}, "7": {"question": "Describe the relationship between the update threshold (Tu) and the performance of ITN (B-CNN) on the MNIST dataset.", "response": {"1805.06447v3-Table7-1.png": ["Yes ", "As the update threshold (Tu) increases, the performance of ITN (B-CNN) on the MNIST dataset decreases. "]}, "referred_figures_names": ["1805.06447v3-Table7-1.png"], "answer": "The performance of ITN (B-CNN) on the MNIST dataset decreases as the update threshold (Tu) increases. This is evident from the increasing ITN error percentages as Tu goes from 1e-3 to 1e-1."}, "8": {"question": "Which method has the lower testing error on the MNIST task?", "response": {"1805.06447v3-Table8-1.png": ["Yes ", "MNIST. "]}, "referred_figures_names": ["1805.06447v3-Table8-1.png"], "answer": "ITN"}, "9": {"question": "Which generative model generates more accurate and realistic samples on the MNIST dataset, AC-GATN or ITN?", "response": {"1805.06447v3-Figure3-1.png": ["Yes ", "AC-GATN. "]}, "referred_figures_names": ["1805.06447v3-Figure3-1.png"], "answer": "ITN generates more accurate and realistic samples on the MNIST dataset compared to AC-GATN."}, "10": {"question": "Which method performs best on the TMTA task and how much does data augmentation contribute to its performance?", "response": {"1805.06447v3-Table1-1.png": ["Yes ", "Method performs best on the TMTA task. Data augmentation contributes to its performance. "]}, "referred_figures_names": ["1805.06447v3-Table1-1.png"], "answer": "The ITN (B-CNN) method with data augmentation (DA) performs best on the TMTA task, achieving a testing error of 21.31%. Data augmentation contributes significantly to its performance, as the ITN (B-CNN) method without DA has a higher testing error of 31.67%."}}