{"0": {"question": "Which method has the fastest convergence and highest converged performance?", "response": {"1805.07567v2-Figure7-1.png": ["Yes ", "F-DSS. "]}, "referred_figures_names": ["1805.07567v2-Figure7-1.png"], "answer": "F-DSS"}, "1": {"question": "Which dataset would you expect to be the most challenging for a model trained on MSRA-B to perform well on, and why?", "response": {"1805.07567v2-Table1-1.png": ["Yes. ", "The dataset with the highest contrast value for MSRA-B is HKU-IS (17), with a contrast of 300. This indicates that the contrast between the foreground and background in this dataset is very high, making it potentially the most challenging dataset for a model trained on MSRA-B to perform well on. "]}, "referred_figures_names": ["1805.07567v2-Table1-1.png"], "answer": "The DUT-OMRON dataset is likely the most challenging for a model trained on MSRA-B."}, "2": {"question": "Which model performs best in terms of Mean F-measure on the DUT-OMRON dataset when trained on the MB dataset? How does the FLoss variant of this model compare to its base version?", "response": {"1805.07567v2-Table3-1.png": ["Yes. ", "The model that performs best in terms of Mean F-measure on the DUT-OMRON dataset when trained on the MB dataset is the FLoss variant of the base version. The FLoss variant outperforms the base version by achieving a higher F-measure. "]}, "referred_figures_names": ["1805.07567v2-Table3-1.png"], "answer": "The DSS+FLoss model performs best in terms of Mean F-measure on the DUT-OMRON dataset when trained on the MB dataset, achieving a score of 0.755.\n\nThe FLoss variant of the DSS model shows a clear improvement over the base DSS model, with a Mean F-measure increase from 0.738 to 0.755."}, "3": {"question": "Which algorithm achieves a better balance between precision and recall?", "response": {"1805.07567v2-Figure5-1.png": ["F-DSS ", "F-DSS. "]}, "referred_figures_names": ["1805.07567v2-Figure5-1.png"], "answer": "F-DSS."}, "4": {"question": "Why does the proposed FLoss method perform better than the balanced cross-entropy loss, even though both methods aim to address the data imbalance problem in salient object detection?", "response": {"1805.07567v2-Table4-1.png": ["Yes ", "Because the F-measure criterion can automatically adjust data unbalance. "]}, "referred_figures_names": ["1805.07567v2-Table4-1.png"], "answer": "The FLoss method performs better than the balanced cross-entropy loss because it can automatically adjust to data imbalance using the F-measure criterion, while the balanced cross-entropy loss relies on pre-defined weights for positive and negative samples."}, "5": {"question": " \n\nWhat is the effect of increasing the value of \u03b22 on the precision and recall of the model? ", "response": {"1805.07567v2-Figure6-1.png": ["Precision decreases, recall increases. ", "As the value of \u03b22 increases, the precision of the model decreases while the recall increases. "]}, "referred_figures_names": ["1805.07567v2-Figure6-1.png"], "answer": " \n\nIncreasing the value of \u03b22 decreases the precision and increases the recall of the model."}, "6": {"question": "Which method produces higher contrast saliency maps, FLoss or Log-FLoss?", "response": {"1805.07567v2-Figure2-1.png": ["Yes ", "FLoss. "]}, "referred_figures_names": ["1805.07567v2-Figure2-1.png"], "answer": "FLoss"}}