{"0": {"question": "Which method appears to be the safest for autonomous driving on straight lanes with different levels of outlier vehicles?", "response": {"1805.06431v4-Table7-1.png": ["Yes ", "MND "]}, "referred_figures_names": ["1805.06431v4-Table7-1.png"], "answer": "ChoiceNet appears to be the safest method for autonomous driving on straight lanes, regardless of the percentage of outlier vehicles present."}, "1": {"question": "Which of the compared methods is most likely to be the safest?", "response": {"1805.06431v4-Figure8-1.png": ["No ", "Red. "]}, "referred_figures_names": ["1805.06431v4-Figure8-1.png"], "answer": "ChoiceNet"}, "2": {"question": "How does the ChoiceNet model perform on datasets with uniform corruptions?", "response": {"1805.06431v4-Figure4-1.png": ["Yes ", "Poorly. "]}, "referred_figures_names": ["1805.06431v4-Figure4-1.png"], "answer": "The ChoiceNet model performs poorly on datasets with uniform corruptions."}, "3": {"question": "Which method performs the best when there are a lot of outliers in the data?", "response": {"1805.06431v4-Figure7-1.png": ["No ", "90% "]}, "referred_figures_names": ["1805.06431v4-Figure7-1.png"], "answer": "ChoiceNet."}, "4": {"question": "Which of the two approaches, density estimation or mixture of classifiers, is more robust to outliers?", "response": {"1805.06431v4-Figure1-1.png": ["No ", "Mixture of classifiers. "]}, "referred_figures_names": ["1805.06431v4-Figure1-1.png"], "answer": "Mixture of classifiers."}, "5": {"question": "How does the performance of the different models change as the corruption level increases? Which model appears to be the most robust to label corruption?", "response": {"1805.06431v4-Table12-1.png": ["Yes ", "As the corruption level increases, the performance of all models decreases. The model that appears to be the most robust to label corruption is the ConvNet+Mixup model, as it consistently has the highest accuracy across all corruption levels. "]}, "referred_figures_names": ["1805.06431v4-Table12-1.png"], "answer": "As the corruption level increases, the performance of all models decreases. However, ChoiceNet consistently outperforms both ConvNet and ConvNet+Mixup across all corruption levels, maintaining high accuracy even when almost half of the labels are incorrect. This suggests that ChoiceNet is significantly more robust to label corruption compared to the other models."}, "6": {"question": "Which method appears to be most robust to the presence of outliers in the training data?", "response": {"1805.06431v4-Table4-1.png": ["Yes ", "ChooseNet "]}, "referred_figures_names": ["1805.06431v4-Table4-1.png"], "answer": "ChoiceNet appears to be the most robust to outliers in the training data."}, "7": {"question": "Which method performs best when there is no label corruption (p = 0%) on the Large Movie Review dataset and how does its performance change as the corruption level increases?", "response": {"1805.06431v4-Table15-1.png": ["Yes ", "Mixup performs best when there is no label corruption (p = 0%) on the Large Movie Review dataset with an accuracy of 79.43. As the corruption level increases, Mixup's performance decreases, with accuracies of 78.50, 78.66, 78.61, and 78.51 at corruption probabilities of 10%, 20%, 30%, and 40%, respectively. "]}, "referred_figures_names": ["1805.06431v4-Table15-1.png"], "answer": "When there is no label corruption (p = 0%), Mixup achieves the highest test accuracy of 79.77%. However, as the corruption level increases, Mixup's performance deteriorates more rapidly compared to other methods. ChoiceNet, on the other hand, demonstrates a more stable performance across different corruption levels, maintaining the highest accuracy when p is 10%, 20%, 30%, and 40%."}, "8": {"question": "How does the accuracy of the WideResNet model compare to the ChoiceNet model on the CIFAR-10 dataset with 50% random shuffle?", "response": {"1805.06431v4-Figure14-1.png": ["Yes ", "The WideResNet model has a higher accuracy than the ChoiceNet model. "]}, "referred_figures_names": ["1805.06431v4-Figure14-1.png"], "answer": "The WideResNet model has higher accuracy than the ChoiceNet model on the CIFAR-10 dataset with 50% random shuffle."}, "9": {"question": "Which of the four methods has the best performance in terms of average error for the step function?", "response": {"1805.06431v4-Figure6-1.png": ["Step function. ", "Step function. "]}, "referred_figures_names": ["1805.06431v4-Figure6-1.png"], "answer": "The proposed method."}, "10": {"question": " How does the performance of ChoiceNet compare to other methods under different noise settings? Briefly explain the strengths and weaknesses of ChoiceNet.", "response": {"1805.06431v4-Table2-1.png": ["Yes. ", "ChoiceNet has the highest performance under both symmetric and asymmetric noise settings. The strengths of ChoiceNet are its high accuracy in both noise conditions, making it a reliable method. However, the weaknesses of ChoiceNet are that it may not perform as well in other datasets or noise conditions that were not tested in this study. "]}, "referred_figures_names": ["1805.06431v4-Table2-1.png"], "answer": "ChoiceNet generally performs well compared to other methods, achieving the highest accuracy on both symmetric noise settings (sym-50% and sym-20%). However, it falls to second place under the Pair-45% asymmetric noise setting, indicating a weakness in handling this specific type of noise."}, "11": {"question": "Which method generally performed better in the HalfCheetah task, ChoiceNet or MDN? How does the performance gap between these two methods change as the percentage of outliers increases?", "response": {"1805.06431v4-Table6-1.png": ["Yes ", "ChoiceNet generally performed better in the HalfCheetah task. As the percentage of outliers increases, the performance gap between ChoiceNet and MDN decreases. "]}, "referred_figures_names": ["1805.06431v4-Table6-1.png"], "answer": "ChoiceNet generally performed better than MDN in the HalfCheetah task. This is evident from the higher average returns of ChoiceNet across all outlier percentages (10%, 20%, and 30%).\n\nThe performance gap between ChoiceNet and MDN appears to decrease as the percentage of outliers increases. At 10% outliers, ChoiceNet has a significantly higher average return than MDN (2068.14 vs. 192.53). However, at 30% outliers, the difference in average return is smaller (2035.91 vs. 363.08)."}, "12": {"question": "How does the performance of ChoiceNet compare to other methods under different noise settings on the CIFAR-10 dataset? Briefly explain the strengths and weaknesses of ChoiceNet. ", "response": {"1805.06431v4-Table14-1.png": ["Yes. ", "Under symmetric noise, ChoiceNet has a higher performance than other methods. Under asymmetric noise, ChoiceNet has a lower performance than other methods. The strengths of ChoiceNet are that it has a high accuracy under symmetric noise, which means it can perform well when the noise is evenly distributed. However, its weaknesses are that it has a lower accuracy under asymmetric noise, which means it may not perform as well when the noise is not evenly distributed. "]}, "referred_figures_names": ["1805.06431v4-Table14-1.png"], "answer": "ChoiceNet generally performs well compared to other methods, achieving the highest accuracy on both symmetric noise settings (sym-50% and sym-20%). However, it falls to second place under the Pair-45% asymmetric noise setting, indicating a weakness in handling this specific type of noise."}, "13": {"question": "Which method performs best at all noise levels?", "response": {"1805.06431v4-Figure13-1.png": ["Yes ", "A. "]}, "referred_figures_names": ["1805.06431v4-Figure13-1.png"], "answer": "ChoiceNet."}, "14": {"question": "What is the role of the Cholesky block in the ChoiceNet architecture?", "response": {"1805.06431v4-Figure3-1.png": ["Yes ", "It is used to represent the covariance matrix of the mixture. "]}, "referred_figures_names": ["1805.06431v4-Figure3-1.png"], "answer": "The Cholesky block is used to decompose the covariance matrix \u03a3k into a lower triangular matrix and its transpose. This decomposition is used to ensure that the covariance matrix is positive definite, which is a requirement for the Gaussian distribution."}, "15": {"question": "What is the purpose of the Cholesky Block in this figure?", "response": {"1805.06431v4-Figure2-1.png": ["Yes. ", "To transform the weight matrix W into a Cholesky Block. "]}, "referred_figures_names": ["1805.06431v4-Figure2-1.png"], "answer": "The Cholesky Block is used to distinguish abnormal patterns from normal patterns."}, "16": {"question": "Is it more beneficial to use ConvNet+CN with or without Mixup when the corruption probability is 80%? Explain your reasoning.", "response": {"1805.06431v4-Table13-1.png": ["Yes. ", "It is more beneficial to use ConvNet+CN with Mixup when the corruption probability is 80% because the accuracy is higher. "]}, "referred_figures_names": ["1805.06431v4-Table13-1.png"], "answer": "ConvNet+CN with Mixup achieves a higher accuracy (75.4%) than ConvNet+CN without Mixup (65.2%) when the corruption probability is 80%."}, "17": {"question": "How does the accuracy of the Mixup method change as the level of random shuffle increases?", "response": {"1805.06431v4-Figure12-1.png": ["Yes ", "The accuracy of the Mixup method decreases as the level of random shuffle increases. "]}, "referred_figures_names": ["1805.06431v4-Figure12-1.png"], "answer": "The accuracy of the Mixup method decreases as the level of random shuffle increases."}}