{"0": {"question": "Which model has the lowest memory consumption and time cost on synthetic data?", "response": {"1805.00912v4-Figure1-1.png": ["No ", "(a) "]}, "referred_figures_names": ["1805.00912v4-Figure1-1.png"], "answer": "MTSA"}, "1": {"question": "Which model has the highest test accuracy on the SNLI dataset, and how does its training time per epoch compare to the MTSA model?", "response": {"1805.00912v4-Table1-1.png": ["Yes. ", "The model with the highest test accuracy on the SNLI dataset is the MTSA model, and it has a higher training time per epoch compared to the other models listed in the table. "]}, "referred_figures_names": ["1805.00912v4-Table1-1.png"], "answer": "The model with the highest test accuracy is MTSA, with an accuracy of 86.3%. Its training time per epoch is 180s, which is faster than the training time of several other models with lower accuracy, such as Bi-LSTM (854s), Bi-GRU (850s), and DiSA (390s)."}, "2": {"question": "Which model performed best on the SNLI test set?", "response": {"1805.00912v4-Table2-1.png": ["Yes ", "Bilstm w/ shortcut "]}, "referred_figures_names": ["1805.00912v4-Table2-1.png"], "answer": "The Transfer + MTSA model performed best on the SNLI test set with an accuracy of 86.9%."}, "3": {"question": "Based on the table, how does MTSA compare to the Bi-LSTM and Multi-CNN baselines in terms of performance and training time?", "response": {"1805.00912v4-Table4-1.png": ["Yes ", "MTSA has the best performance and the shortest training time among the three baselines. "]}, "referred_figures_names": ["1805.00912v4-Table4-1.png"], "answer": "MTSA outperforms both Bi-LSTM and Multi-CNN baselines across all evaluation metrics (P, R, F1, and Comp.) on all three test sets (Development, WSJ Test, and Brown Test). While MTSA achieves the highest scores, its training time is comparable to Multi-head and Multi-CNN, and significantly faster than Bi-LSTM."}, "4": {"question": "What is the purpose of the positional mask in the TSA mechanism?", "response": {"1805.00912v4-Figure2-1.png": ["Yes ", "Specifically a positional mask for softmax. "]}, "referred_figures_names": ["1805.00912v4-Figure2-1.png"], "answer": "The positional mask is used to provide information about the relative position of tokens in the input sequence. This information is used to compute the attention weights, which determine how much each token attends to each other token."}}