{"0": {"question": "What is the role of the GDU and HFLU modules in the FAKEDETECTOR framework?", "response": {"1805.08751v2-Figure5-1.png": ["Yes ", "The GDU and HFLU modules are input modules in the FAKEDETECTOR framework. "]}, "referred_figures_names": ["1805.08751v2-Figure5-1.png"], "answer": "The GDU (Gated Dilated Unit) modules are responsible for extracting features from the input data, while the HFLU (Hybrid Feature Learning Unit) modules are responsible for fusing the features extracted by the GDU modules."}}