{"0": {"question": "Which model performed best on average across all tasks?", "response": {"1809.02731v3-Table4-1.png": ["Yes ", "STS12 "]}, "referred_figures_names": ["1809.02731v3-Table4-1.png"], "answer": "The Linear model performed best on average with a score of 70.0."}, "1": {"question": "Which corpus has more sentences, and by how much?", "response": {"1809.02731v3-Table1-1.png": ["Yes ", "U has more sentences. "]}, "referred_figures_names": ["1809.02731v3-Table1-1.png"], "answer": "The UMBC News corpus has more sentences, by approximately 60.5 million."}, "2": {"question": "Which model performs the best on the STS16 task with unsupervised training?", "response": {"1809.02731v3-Table3-1.png": ["STS16 ", "STS16 "]}, "referred_figures_names": ["1809.02731v3-Table3-1.png"], "answer": "The Bijective model performs the best on the STS16 task with unsupervised training."}}