{"0": {"question": "Which method achieved the highest tracking accuracy in terms of minimizing the sum of absolute percentage errors? Does this necessarily mean it had the best overall performance?", "response": {"1809.01989v2-Table1-1.png": ["Yes ", "Ridge achieved the highest tracking accuracy in terms of minimizing the sum of absolute percentage errors. However, this does not necessarily mean it had the best overall performance, as there are other factors to consider. "]}, "referred_figures_names": ["1809.01989v2-Table1-1.png"], "answer": "The Ridge method achieved the lowest sum of absolute percentage errors (136.84), indicating the highest tracking accuracy in terms of minimizing absolute deviations from the index. However, this doesn't necessarily translate to the best overall performance."}}