{"0": {"question": "Why is the model discouraged even though the generated response (RSP) incorporates relevant content from the N-best response candidates (C#1 and C#2)?", "response": {"1809.04276v2-Table1-1.png": ["Yes ", "Because the generated response (RSP) is not the best answer. "]}, "referred_figures_names": ["1809.04276v2-Table1-1.png"], "answer": "The model is discouraged because it is trained using the Maximum Likelihood Estimation (MLE) objective, which prioritizes generating responses that are identical to the ground-truth (GT) response. Even though the RSP integrates relevant content from the candidates and seems appropriate in the context, it is penalized because it deviates from the exact wording of the GT."}, "1": {"question": "How does the performance of the discriminator in the proposed approach compare to the conventional discriminator in AL? What evidence suggests this difference in performance?", "response": {"1809.04276v2-Table4-1.png": ["Yes ", "The performance of the discriminator in the proposed approach is better than the conventional discriminator in AL. "]}, "referred_figures_names": ["1809.04276v2-Table4-1.png"], "answer": "The discriminator in the author's approach achieves higher accuracy (95.72%) compared to the conventional discriminator in AL (94.01%)."}, "2": {"question": "Can you explain the discrepancy between the number of messages and responses in each dataset?", "response": {"1809.04276v2-Table2-1.png": ["Yes ", "Yes, the discrepancy between the number of messages and responses in each dataset is due to the fact that the number of responses is calculated by dividing the number of messages by the number of participants. For example, in the Training dataset, there are 119,941 messages and 10,000 participants, so the number of responses is 119,941/10,000 = 11.9941, which is rounded up to 12. Similarly, in the Validation dataset, there are 193,228 messages and 163,126 participants, so the number of responses is 193,228/163,126 = 1.18, which is rounded up to 2. And in the Test dataset, there are 162,230 messages and 10,000 participants, so the number of responses is 162,230/10,000 = 16.223, which is rounded up to 17. "]}, "referred_figures_names": ["1809.04276v2-Table2-1.png"], "answer": "Number of responses is significantly higher than number of messages in each dataset (training, validation, and test). This is because each message can have multiple responses associated with it. The passage mentions that users on Sina Weibo can post messages and also comment on other users' messages. These comments are considered as responses in the context of the table. Therefore, one message can have several responses, leading to a higher total number of responses compared to messages."}, "3": {"question": "How does the discriminator in the proposed REAT approach use the N-best response candidates?", "response": {"1809.04276v2-Figure1-1.png": ["Yes ", "The discriminator in the proposed REAT approach uses the N-best response candidates to enhance its performance. "]}, "referred_figures_names": ["1809.04276v2-Figure1-1.png"], "answer": "The discriminator takes as input a response and the N-best response candidates, and outputs the probability that the response is human-generated."}}