{"0": {"question": "How does the square hashing process work?", "response": {"1809.01246v1-Figure5-1.png": ["No ", "The square hashing process works by dividing the input into a grid of squares, where each square represents a bucket. The input is then placed into the corresponding bucket based on its hash value. In the image, the hash values are represented by the letters A, B, C, and D, and the input is represented by the gray boxes. The gray boxes are placed into the corresponding bucket based on their hash value, and the resulting buckets are labeled with the letters M, O, and E. The Mapped Bucket and Occupied Bucket labels indicate whether a bucket is currently holding an input or not. The Empty Bucket label indicates whether a bucket is currently empty or not. "]}, "referred_figures_names": ["1809.01246v1-Figure5-1.png"], "answer": "Square hashing is a process that uses two hash functions to map a source/destination pair to a bucket in a two-dimensional array. The first hash function, h_i(s), maps the source address to a row in the array, and the second hash function, h_i(d), maps the destination address to a column in the array. The intersection of the row and column is the bucket where the fingerprint is stored."}, "1": {"question": "What is the relationship between the buffer percentage and the width of the room?", "response": {"1809.01246v1-Figure13-1.png": ["Yes ", "As the buffer percentage increases, the width of the room decreases. "]}, "referred_figures_names": ["1809.01246v1-Figure13-1.png"], "answer": "The buffer percentage decreases as the width of the room increases."}, "2": {"question": "How are edges aggregated in the graph sketch $G_h$?", "response": {"1809.01246v1-Figure1-1.png": ["Yes ", "The edges are aggregated in the graph sketch $G_h$ by connecting the nodes with the same letter. "]}, "referred_figures_names": ["1809.01246v1-Figure1-1.png"], "answer": "Edges are aggregated by adding their weights together."}, "3": {"question": "How does the Average Relative Error (ARE) of node queries change as the width increases for different configurations of GSS and TCM?", "response": {"1809.01246v1-Figure11-1.png": ["Yes ", "The ARE of node queries decreases as the width increases for different configurations of GSS and TCM. "]}, "referred_figures_names": ["1809.01246v1-Figure11-1.png"], "answer": "The ARE of node queries generally decreases as the width increases for all configurations of GSS and TCM. However, there are some fluctuations in the ARE for some configurations."}, "4": {"question": "What is the relationship between the table and the graph sketch in the figure?", "response": {"1809.01246v1-Figure2-1.png": ["Yes ", "The table represents the nodes and the graph sketch shows the connections between the nodes. "]}, "referred_figures_names": ["1809.01246v1-Figure2-1.png"], "answer": "The table provides the mapping between the nodes in the original graph and their corresponding hash values, which are used to create the graph sketch."}, "5": {"question": "Which graph shows the largest improvement in accuracy for the TCM(8*memory) method compared to the GSS(fsize=12) method?", "response": {"1809.01246v1-Figure8-1.png": ["No ", "J=1,P=1,J=2,P=2 "]}, "referred_figures_names": ["1809.01246v1-Figure8-1.png"], "answer": "The graph for the Caida-networkflow dataset shows the largest improvement in accuracy for the TCM(8*memory) method compared to the GSS(fsize=12) method."}, "6": {"question": "Which data structure is the fastest for updating on the email-EuAll dataset?", "response": {"1809.01246v1-TableI-1.png": ["Yes ", "GSS "]}, "referred_figures_names": ["1809.01246v1-TableI-1.png"], "answer": "GSS (no sampling)"}, "7": {"question": "How does the average precision of TCM(256*memory) compare to the other two algorithms in the email-EuAll dataset?", "response": {"1809.01246v1-Figure9-1.png": ["Yes ", "The average precision of TCM(256*memory) is higher than the other two algorithms. "]}, "referred_figures_names": ["1809.01246v1-Figure9-1.png"], "answer": "The average precision of TCM(256*memory) is lower than the other two algorithms in the email-EuAll dataset."}, "8": {"question": "Which query type has the highest accuracy when M/|V| is small?", "response": {"1809.01246v1-Figure3-1.png": ["Yes ", "L2. "]}, "referred_figures_names": ["1809.01246v1-Figure3-1.png"], "answer": "Edge query."}}