{"0": {"question": "What is the value of the learning rate \u03b1 for the BAIR dataset?", "response": {"1809.00263v5-Table3-1.png": ["Yes ", "0.002 "]}, "referred_figures_names": ["1809.00263v5-Table3-1.png"], "answer": "0.0002"}, "1": {"question": "Which feature has the highest dimensionality in the first two dimensions?", "response": {"1809.00263v5-Table2-1.png": ["Yes ", "C start "]}, "referred_figures_names": ["1809.00263v5-Table2-1.png"], "answer": "All features have the same dimensionality in the first two dimensions."}, "2": {"question": "What is the relationship between the length of the interval and the uncertainty in the generated frames?", "response": {"1809.00263v5-Figure2-1.png": ["Yes ", "The longer the interval, the more uncertain the generated frames. "]}, "referred_figures_names": ["1809.00263v5-Figure2-1.png"], "answer": "The uncertainty in the generated frames increases with the length of the interval."}, "3": {"question": "Explain the likely reason why the \"SDVI loss term 1&3\" model performs worse than the full SDVI model in terms of PSNR and SSIM across all datasets.", "response": {"1809.00263v5-Table1-1.png": ["Yes ", "The \"SDVI loss term 1&3\" model likely performs worse than the full SDVI model because it only uses the first and third loss terms, which are the mean and standard deviation of the pixel values, respectively. This results in a less robust and less accurate model compared to the full SDVI model, which uses all four loss terms, including the mean and standard deviation of the pixel values, as well as the variance and skewness. "]}, "referred_figures_names": ["1809.00263v5-Table1-1.png"], "answer": "The \"SDVI loss term 1&3\" model only uses the pixel reconstruction loss and the inclusive KL divergence loss, while the full SDVI model additionally incorporates the pixel prediction loss and the exclusive KL divergence loss. According to the passage, the exclusive KL divergence term encourages the inference distribution to be more accurate, while the pixel prediction loss further improves video quality during inference. Therefore, the absence of these terms in the \"SDVI loss term 1&3\" model likely explains its inferior performance compared to the full SDVI model."}, "4": {"question": "What is the difference between the Inference module and the Posterior module?", "response": {"1809.00263v5-Figure3-1.png": ["Yes. ", "The Inference module takes Xt-1 and ht, while the Posterior module takes Xt. "]}, "referred_figures_names": ["1809.00263v5-Figure3-1.png"], "answer": "The Inference module takes the previous frame (Xt-1) and the dynamic constraint (h\u0302t) as input, while the Posterior module takes the current frame (Xt) as input. This means that the Inference module is trying to predict the next frame based on the previous frame and the dynamic constraint, while the Posterior module is trying to reconstruct the current frame."}, "5": {"question": "Which method generates the best moving objects?", "response": {"1809.00263v5-Figure16-1.png": ["Yes ", "UCF101. "]}, "referred_figures_names": ["1809.00263v5-Figure16-1.png"], "answer": "SDVI"}, "6": {"question": "What is the effect of the sliding tendency of SepConv on the generated images?", "response": {"1809.00263v5-Figure13-1.png": ["Yes ", "High LMS and motion errors. "]}, "referred_figures_names": ["1809.00263v5-Figure13-1.png"], "answer": "The sliding tendency of SepConv will cause motion errors and high LMS."}, "7": {"question": "What is the role of the residual connections in the RBConvLSTM network?", "response": {"1809.00263v5-Figure4-1.png": ["Yes. ", "The residual connections in the RBConvLSTM network help to alleviate the vanishing gradient problem by allowing the error signal to propagate backwards more easily. "]}, "referred_figures_names": ["1809.00263v5-Figure4-1.png"], "answer": "The residual connections add the output of the previous layer to the input of the next layer. This helps to improve the flow of information through the network and can help to prevent vanishing gradients."}, "8": {"question": "What is the relationship between the feature maps of $\\sigma$ and $\\mu$ and the sampled vector?", "response": {"1809.00263v5-Figure6-1.png": ["Yes ", "The sampled vector is applied to all locations. "]}, "referred_figures_names": ["1809.00263v5-Figure6-1.png"], "answer": "The sampled vector is element-wise multiplied by the feature map of $\\sigma$ and added to the feature map of $\\mu$."}}