{"0": {"question": "Why is the optimal threshold chosen to be at the right margin of the region around the mode of the histogram?", "response": {"1809.03550v3-Figure3-1.png": ["Yes. ", "To make the histogram look more clear. "]}, "referred_figures_names": ["1809.03550v3-Figure3-1.png"], "answer": "The region around the mode of the histogram mostly contains noise. Therefore, the optimal threshold is chosen to be at the right margin of this region to avoid including too much noise in the thresholded image."}, "1": {"question": "Which method achieves the best overall F1 score across all categories? Is this method consistently the best across all individual categories?", "response": {"1809.03550v3-Table5-1.png": ["Yes ", "The method that achieves the best overall F1 score across all categories is STROMA. It is consistently the best across all individual categories. "]}, "referred_figures_names": ["1809.03550v3-Table5-1.png"], "answer": "According to the table, Algorithm 2 w/ Geman-McLure) achieves the best overall F1 score of 0.56514. However, this method is not consistently the best across all individual categories. For example, OMoGMF has a higher F1 score for the \"badWeather\" category."}, "2": {"question": "Which algorithm achieves the fastest processing time per frame and how much faster is it compared to the slowest algorithm listed?", "response": {"1809.03550v3-Table6-1.png": ["Yes ", "MCGROUSE achieves the fastest processing time per frame with a mean time of 0.0612 seconds. It is 1.64 times faster than the slowest algorithm, which is TDDB with a mean time of 0.1048 seconds. "]}, "referred_figures_names": ["1809.03550v3-Table6-1.png"], "answer": "Algorithm 12(SCDM with Geman-McLure) achieves the fastest processing time per frame at 0.103 seconds. This is approximately 100 times faster than the slowest algorithm, TTD_3WD, which takes 10.343 seconds per frame."}, "3": {"question": "What is the relationship between the residuals prior to thresholding and the Boolean map?", "response": {"1809.03550v3-Figure4-1.png": ["Yes ", "The residuals prior to thresholding are the differences between the ground truth and the estimate of the background. The Boolean map is obtained by thresholding these residuals, which means that it is a binary image where the pixels are either 0 or 1, depending on whether the residual value is below or above a certain threshold. "]}, "referred_figures_names": ["1809.03550v3-Figure4-1.png"], "answer": "The Boolean map is obtained by thresholding the residuals prior to thresholding."}}