{"0": {"question": "Which method has the highest overall accuracy for answering questions about images on the 100 questions sampled from VQA v2 dataset?", "response": {"1811.08481v2-Table8-1.png": ["Method ", "UnCorr-GE "]}, "referred_figures_names": ["1811.08481v2-Table8-1.png"], "answer": "UnCoRd-VG-E"}, "1": {"question": "Explain how the answering procedure works.", "response": {"1811.08481v2-Figure2-1.png": ["Yes. ", "The answering procedure works by first mapping the question into a graph representation using a sequence-to-sequence LSTM based model. Then, it follows the graph recursively, searching for a valid assignment in the image. At each step, the handled node is set and objects (extracted using mask R-CNN) are examined according to the node's requirements (utilizing corresponding visual estimators). If a valid assignment is found, a new node is set and the function is called again to handle the unassigned subgraph. The process continues until all nodes in the graph have been assigned. "]}, "referred_figures_names": ["1811.08481v2-Figure2-1.png"], "answer": "The answering procedure follows the question graph, searching for a valid assignment in the image. At each step, the handled node is set and objects (extracted using Mask R-CNN) are examined according to the node\u2019s requirements (utilizing corresponding visual estimators). If successful, a new node is set (according to a DFS traversal) and the function is called again to handle the unassigned subgraph."}, "2": {"question": "Which method has the highest overall accuracy?", "response": {"1811.08481v2-Table7-1.png": ["Yes ", "Overall. "]}, "referred_figures_names": ["1811.08481v2-Table7-1.png"], "answer": "UnCoRd-VG-E"}, "3": {"question": "What is the effect of training on more diverse data on the accuracy of graph representation for VQA?", "response": {"1811.08481v2-Table4-1.png": ["Yes ", "Improved. "]}, "referred_figures_names": ["1811.08481v2-Table4-1.png"], "answer": "Training on more diverse data improves the accuracy of graph representation for VQA."}, "4": {"question": "Which estimator achieves the highest accuracy on the CLEVR validation set?", "response": {"1811.08481v2-Table1-1.png": ["Yes ", "Color Material Size. "]}, "referred_figures_names": ["1811.08481v2-Table1-1.png"], "answer": "Size estimator."}, "5": {"question": "Which method achieves the highest overall accuracy on the validation set?", "response": {"1811.08481v2-Table2-1.png": ["Yes ", "HAN. "]}, "referred_figures_names": ["1811.08481v2-Table2-1.png"], "answer": "UnCoRd-None-B."}}