{"0": {"question": "How does the performance of the model with convolutional self-correction compare to the model with no self-correction as the number of images in set $\\mathcal{F}$ increases?", "response": {"1811.07073v3-Table3-1.png": ["Yes ", "The performance of the model with convolutional self-correction decreases as the number of images in set $\\mathcal{F}$ increases. "]}, "referred_figures_names": ["1811.07073v3-Table3-1.png"], "answer": "The model with convolutional self-correction consistently outperforms the model with no self-correction as the number of images in set $\\mathcal{F}$ increases."}, "1": {"question": "Which method performed the best on the PASCAL VOC 2012 test set and how does it compare to the baseline model without self-correction?", "response": {"1811.07073v3-Table2-1.png": ["Yes ", "Method performed the best on the PASCAL VOC 2012 test set. "]}, "referred_figures_names": ["1811.07073v3-Table2-1.png"], "answer": "The Conv. Self-Corr. method achieved the highest performance on the PASCAL VOC 2012 test set with a score of 82.72. This is approximately 1.11 points higher than the baseline model (\"No Self-Corr.\") which achieved a score of 81.61."}, "2": {"question": "What is the input to the convolutional self-correction model?", "response": {"1811.07073v3-Figure3-1.png": ["Yes ", "Primary Logits and Ancillary Logits. "]}, "referred_figures_names": ["1811.07073v3-Figure3-1.png"], "answer": "The input to the convolutional self-correction model is the logits generated by the primary and ancillary models."}, "3": {"question": "How does the performance of the \"Conv. Self-Correction\" method compare to other methods when using 30% of the training examples as $\\F$ and the remaining as $\\W$ on the Cityscapes validation set?", "response": {"1811.07073v3-Table4-1.png": ["Yes ", "The performance of the \"Conv. Self-Correction\" method is 74.94% when using 30% of the training examples as $\\F$ and the remaining as $\\W$ on the Cityscapes validation set. "]}, "referred_figures_names": ["1811.07073v3-Table4-1.png"], "answer": "The \"Conv. Self-Correction\" method achieves the highest mIOU score of 79.46 compared to other methods listed in the table under the same data split condition."}, "4": {"question": "How does the bounding box encoder network influence the segmentation process?", "response": {"1811.07073v3-Figure2-1.png": ["Yes. ", "The bounding box encoder network is used to encode the bounding box information into a feature vector, which is then used as an attention map in the segmentation process. This attention map is used to fuse feature maps from different scales with the bounding box information, which is then passed to the decoder for segmentation. "]}, "referred_figures_names": ["1811.07073v3-Figure2-1.png"], "answer": "The bounding box encoder network embeds bounding box information at different scales and outputs attention maps that are used to fuse with feature maps from the encoder before being passed to the decoder."}, "5": {"question": "What is the role of the self-correction module in the segmentation framework?", "response": {"1811.07073v3-Figure1-1.png": ["Refines segmentations. ", "Refines segmentations generated by the ancillary model and the current primary model for the weak set. "]}, "referred_figures_names": ["1811.07073v3-Figure1-1.png"], "answer": "The self-correction module refines the segmentations generated by the ancillary and current primary model for the weak set."}, "6": {"question": "What is the purpose of the ancillary heatmap shown in this paper?", "response": {"1811.07073v3-Figure5-1.png": ["Yes ", "To correct labels for missing or oversegmented objects. "]}, "referred_figures_names": ["1811.07073v3-Figure5-1.png"], "answer": "The ancillary heatmap is used to correct the labels for missing or oversegmented objects in the images."}}