{"0": {"question": "What is the effect of downsampling on the quality of reconstructed frames?", "response": {"1811.10673v1-Figure6-1.png": ["Yes. ", "The effect of downsampling on the quality of reconstructed frames is that as the resolution increases, the reconstructed frames become more recognizable. "]}, "referred_figures_names": ["1811.10673v1-Figure6-1.png"], "answer": "Downsampling reduces the quality of reconstructed frames."}, "1": {"question": "How does the proposed method compare to H.264 in terms of MS-SSIM score at low bitrates?", "response": {"1811.10673v1-Figure8-1.png": ["Yes ", "The proposed method has higher MS-SSIM scores than H.264 at low bitrates. "]}, "referred_figures_names": ["1811.10673v1-Figure8-1.png"], "answer": "The proposed method achieves significantly higher MS-SSIM scores than H.264 at bitrates below 10 Kbps."}, "2": {"question": "What is the purpose of the second-stage decoder $D_2$?", "response": {"1811.10673v1-Figure2-1.png": ["Yes. ", "To reconstruct the decompressed video. "]}, "referred_figures_names": ["1811.10673v1-Figure2-1.png"], "answer": "The second-stage decoder $D_2$ takes soft edges $x_G$ as input and produces reconstructed frames."}, "3": {"question": "What are the steps involved in the second encoding stage ($E_2$)?", "response": {"1811.10673v1-Figure3-1.png": ["Yes ", "Self-edge, Self-similarity, Lossless compression. "]}, "referred_figures_names": ["1811.10673v1-Figure3-1.png"], "answer": "The second encoding stage involves three steps: down-sampling, soft edge detection, and spatio-temporal edge map compression."}, "4": {"question": "Which lossless compression scheme achieved the highest compression gain in the example shown in Figure 1?", "response": {"1811.10673v1-Figure5-1.png": ["Yes ", "Proposed. "]}, "referred_figures_names": ["1811.10673v1-Figure5-1.png"], "answer": "The proposed scheme achieved the highest compression gain."}, "5": {"question": "How does the proposed model compare to H.264 in terms of visual quality at low bitrates?", "response": {"1811.10673v1-Figure9-1.png": ["Yes. ", "The proposed model performs significantly better than H.264 at low bitrates. "]}, "referred_figures_names": ["1811.10673v1-Figure9-1.png"], "answer": "The proposed model delivers significantly better visual quality at low bitrates than H.264."}, "6": {"question": "How does the level of quantization affect the output of the soft edge detector?", "response": {"1811.10673v1-Figure4-1.png": ["Yes ", "The output of the soft edge detector changes with the level of quantization. "]}, "referred_figures_names": ["1811.10673v1-Figure4-1.png"], "answer": "As the quantization level $k$ is decreased, the cardinality of colors co-located with edges decreases."}, "7": {"question": "How does the quality of the reconstructed frames change as the resolution increases?", "response": {"1811.10673v1-Table1-1.png": ["Yes ", "The quality of the reconstructed frames increases as the resolution increases. "]}, "referred_figures_names": ["1811.10673v1-Table1-1.png"], "answer": "The quality of the reconstructed frames increases monotonically as the resolution increases."}, "8": {"question": "How does the quality of the reconstructed frames change as the quantization level of the soft edge detector increases?", "response": {"1811.10673v1-Figure7-1.png": ["Yes ", "The quality of the reconstructed frames improves as the quantization level of the soft edge detector increases. "]}, "referred_figures_names": ["1811.10673v1-Figure7-1.png"], "answer": "The quality of the reconstructed frames increases as the quantization level of the soft edge detector increases."}, "9": {"question": "Which quality factor improves the most as k is increased?", "response": {"1811.10673v1-Table2-1.png": ["Qr ", "Qr. "]}, "referred_figures_names": ["1811.10673v1-Table2-1.png"], "answer": "MS-SSIM"}}