{"0": {"question": "Which method has the highest T-Diff on average for the Vid4 dataset?", "response": {"1811.09393v4-Figure15-1.png": ["Yes ", "T-Diff "]}, "referred_figures_names": ["1811.09393v4-Figure15-1.png"], "answer": "TecoGAN."}, "1": {"question": "Which GAN model is able to generate the most realistic blinking motions?", "response": {"1811.09393v4-Figure8-1.png": ["Yes. ", "Our model. "]}, "referred_figures_names": ["1811.09393v4-Figure8-1.png"], "answer": "TecoGAN"}, "2": {"question": "Which of the VSR models in the figure achieves the best balance of spatial detail and temporal coherence?", "response": {"1811.09393v4-Figure14-1.png": ["Yes ", "The VSR model with the largest yellow circle and the smallest red circle. "]}, "referred_figures_names": ["1811.09393v4-Figure14-1.png"], "answer": "TecoGAN"}, "3": {"question": "Which method achieves the highest PSNR on the Vid4 data set?", "response": {"1811.09393v4-Table2-1.png": ["LPIPS (AlexNet) ", "LPIPS (AlexNet) "]}, "referred_figures_names": ["1811.09393v4-Table2-1.png"], "answer": "DUF"}, "4": {"question": " What is the role of the warped triplets in the conditional VSR Ds,t?", "response": {"1811.09393v4-Figure4-1.png": ["Yes ", "The warped triplets are used to generate the original triplets. "]}, "referred_figures_names": ["1811.09393v4-Figure4-1.png"], "answer": " The warped triplets provide additional information about the motion and appearance of the scene, which helps the VSR Ds,t to generate more accurate and realistic results."}, "5": {"question": "How does the PP loss improve the temporal coherence of the video sequence?", "response": {"1811.09393v4-Figure3-1.png": ["Yes. ", "The PP loss constrains the output sequence to be symmetric, reducing the L2 distance between the corresponding frames in the forward and backward passes. This reduces drifting artifacts and improves temporal coherence. "]}, "referred_figures_names": ["1811.09393v4-Figure3-1.png"], "answer": "The PP loss constrains the output sequence to be symmetric by reducing the L2 distance between corresponding frames in the forward and backward passes. This helps to reduce drifting artifacts and improve temporal coherence."}, "6": {"question": "What is the role of the Motion Compensation block in the Frame-Recurrent Generator?", "response": {"1811.09393v4-Figure2-1.png": ["Yes. ", "The Motion Compensation block in the Frame-Recurrent Generator is used to generate a sequence of frames by applying a motion compensation algorithm to the previous frame. This helps to create a more realistic and smooth sequence of frames for the generated results. "]}, "referred_figures_names": ["1811.09393v4-Figure2-1.png"], "answer": "The Motion Compensation block estimates the motion between the previous frame and the current frame, and uses this information to warp the previous frame to the current frame. This helps the generator to produce more realistic images by taking into account the temporal information in the video sequence."}, "7": {"question": "Which method produces the least amount of artifacts?", "response": {"1811.09393v4-Figure23-1.png": ["PP-Augment ", "TecoGAN. "]}, "referred_figures_names": ["1811.09393v4-Figure23-1.png"], "answer": "TecoGAN\u2296."}, "8": {"question": "Which method produces the most realistic results for the Vid4 scenes?", "response": {"1811.09393v4-Figure12-1.png": ["TecoGAN ", "TecoGAN. "]}, "referred_figures_names": ["1811.09393v4-Figure12-1.png"], "answer": "TecoGAN."}, "9": {"question": "What is the learning rate for the generator in the DsOnly model?", "response": {"1811.09393v4-Table6-1.png": ["Yes ", "0.5 "]}, "referred_figures_names": ["1811.09393v4-Table6-1.png"], "answer": "5.00E-05"}, "10": {"question": "Why does flow estimation become less accurate near image boundaries?", "response": {"1811.09393v4-Figure22-1.png": ["Yes ", "Flow estimation becomes less accurate near image boundaries because of the presence of structures moving into or out of the view. "]}, "referred_figures_names": ["1811.09393v4-Figure22-1.png"], "answer": "Flow estimation becomes less accurate near image boundaries because there is less information available to estimate the flow. This is because the pixels at the boundaries are only surrounded by pixels on one side, whereas pixels in the interior of the image are surrounded by pixels on all sides."}, "11": {"question": "Which method has the best perceptual performance according to the tOF score?", "response": {"1811.09393v4-Figure18-1.png": ["Yes ", "TecoGAN. "]}, "referred_figures_names": ["1811.09393v4-Figure18-1.png"], "answer": "TecoGAN."}, "12": {"question": "Which of the methods generated the sharpest details?", "response": {"1811.09393v4-Figure11-1.png": ["Yes ", "TecoGAN. "]}, "referred_figures_names": ["1811.09393v4-Figure11-1.png"], "answer": "TecoGAN"}, "13": {"question": "What is the purpose of the UVT cycle link?", "response": {"1811.09393v4-Figure5-1.png": ["Yes ", "The purpose of the UVT cycle link is to generate the original triples and their corresponding original labels. "]}, "referred_figures_names": ["1811.09393v4-Figure5-1.png"], "answer": "The UVT cycle link is used to transfer knowledge between two recurrent generators."}, "14": {"question": "What is the purpose of the user study?", "response": {"1811.09393v4-Figure19-1.png": ["Yes ", "To determine which image is closer to the reference video. "]}, "referred_figures_names": ["1811.09393v4-Figure19-1.png"], "answer": "The user study is designed to test which of two images is closer to a reference video."}}