{"0": {"question": "How does batching affect the radio duty cycle and CPU duty cycle?", "response": {"1811.02721v3-Figure9-1.png": ["Yes ", "(a) Radio duty cycle and (b) CPU duty cycle. "]}, "referred_figures_names": ["1811.02721v3-Figure9-1.png"], "answer": "Batching reduces both the radio duty cycle and CPU duty cycle."}, "1": {"question": "Which technique was most effective at reducing memory consumption in both send and receive buffers?", "response": {"1811.02721v3-Table1-1.png": ["Yes ", "Zero-Copy Send Buffer. "]}, "referred_figures_names": ["1811.02721v3-Table1-1.png"], "answer": "The \"Resource Constraints\" challenge was addressed with two techniques: \"Zero-Copy Send\" and \"In-Place Reass.\" The first led to a 50% reduction in send buffer memory usage, while the second achieved a 38% reduction in receive buffer memory. Therefore, Zero-Copy Send was slightly more effective in reducing overall memory consumption."}, "2": {"question": "Based on Table 1 and the passage, why does TCP perform poorly on IEEE 802.15.4 networks compared to other network types listed? ", "response": {"1811.02721v3-Table4-1.png": ["Yes ", "TCP performs poorly on IEEE 802.15.4 networks because the network is designed for low-power, low-data-rate applications, such as sensor networks and smart dust. "]}, "referred_figures_names": ["1811.02721v3-Table4-1.png"], "answer": "TCP performs poorly on IEEE 802.15.4 networks because the Maximum Transmission Unit (MTU) for these networks is significantly smaller than other network types. This small MTU size results in a high percentage of overhead due to the TCP/IP headers, exceeding 50%. "}, "3": {"question": "Why is relying on fragmentation effective for reducing header overhead?", "response": {"1811.02721v3-Table5-1.png": ["Yes ", "Because it reduces the overhead to 5-12B. "]}, "referred_figures_names": ["1811.02721v3-Table5-1.png"], "answer": "Relying on fragmentation is effective because the TCP/IP headers are only included in the first fragment, not in subsequent fragments. This significantly reduces the overhead in later fragments."}, "4": {"question": "How does varying the buffer size affect TCP goodput?", "response": {"1811.02721v3-Figure3-1.png": ["Yes ", "(a) Effect of varying buffer size. "]}, "referred_figures_names": ["1811.02721v3-Figure3-1.png"], "answer": "Increasing the buffer size generally leads to increased TCP goodput, but only up to a certain point."}, "5": {"question": "What is the function of the Hamilton-based PCB in the ultrasonic anemometer?", "response": {"1811.02721v3-Figure13-1.png": ["Yes ", "Bottom and top. "]}, "referred_figures_names": ["1811.02721v3-Figure13-1.png"], "answer": "The Hamilton-based PCB is the electronic control board of the anemometer. It houses the microcontroller, sensors, and other electronic components that are necessary for the anemometer to function."}, "6": {"question": "What is the difference in response time between CoAP and HTTP for a response size of 50 KiB?", "response": {"1811.02721v3-Figure8-1.png": ["Yes ", "1000. "]}, "referred_figures_names": ["1811.02721v3-Figure8-1.png"], "answer": "The difference in response time between CoAP and HTTP for a response size of 50 KiB is approximately 20 seconds."}, "7": {"question": "How does the maximum link delay affect the segment loss rate and goodput in a TCP connection with one hop?", "response": {"1811.02721v3-Figure5-1.png": ["Yes ", "The maximum link delay affects the segment loss rate and goodput in a TCP connection with one hop by increasing the segment loss rate and decreasing the goodput. "]}, "referred_figures_names": ["1811.02721v3-Figure5-1.png"], "answer": "As the maximum link delay increases, the segment loss rate increases and the goodput decreases."}, "8": {"question": "What protocol has a higher radio duty cycle in the first 7 hours of the trial?", "response": {"1811.02721v3-Figure11-1.png": ["TCP ", "CoAP. "]}, "referred_figures_names": ["1811.02721v3-Figure11-1.png"], "answer": "TCP"}, "9": {"question": "How does the maximum link delay affect the number of TCP timeouts and fast retransmissions?", "response": {"1811.02721v3-Figure6-1.png": ["Yes ", "The maximum link delay affects the number of TCP timeouts and fast retransmissions by increasing the number of timeouts and retransmissions. "]}, "referred_figures_names": ["1811.02721v3-Figure6-1.png"], "answer": "The number of TCP timeouts and fast retransmissions decreases as the maximum link delay increases."}, "10": {"question": "Which module of TCPlp consumes the most memory in the active RAM on TinyOS, and how much memory does it utilize?", "response": {"1811.02721v3-Table8-1.png": ["Yes ", "The protocol implementation module consumes the most memory in the active RAM on TinyOS, utilizing 2152B. "]}, "referred_figures_names": ["1811.02721v3-Table8-1.png"], "answer": "The protocol implementation module consumes the most memory in the active RAM on TinyOS, utilizing 488 bytes."}, "11": {"question": "How does the reliability of CoAP compare to TCPlp and what potential factors contribute to this difference?", "response": {"1811.02721v3-Table7-1.png": ["Yes ", "The reliability of CoAP is 93.4% compared to TCPlp's 99.3%. The difference in reliability could be due to the different protocols' ability to handle interference and other environmental factors. "]}, "referred_figures_names": ["1811.02721v3-Table7-1.png"], "answer": "Table 1 shows that CoAP has slightly higher reliability (99.5%) compared to TCPlp (99.3%). While both protocols perform well, this difference could be attributed to several factors, including:\n\nRetransmission mechanisms: CoAP employs a built-in retransmission mechanism for lost packets, while TCPlp relies on the underlying network layer for retransmissions. This could give CoAP an edge in recovering lost packets and achieving higher reliability.\nCongestion control: CoAP includes mechanisms to adapt to network congestion, potentially reducing packet loss and improving reliability.\nPacket size: CoAP typically uses smaller packets compared to TCPlp. Smaller packets are less prone to loss in wireless networks, potentially contributing to CoAP's slightly higher reliability."}, "12": {"question": "How does the memory usage of the RIOT OS posix_sockets module compare to the memory used by the protocol and socket layer combined, for both active and passive connections?", "response": {"1811.02721v3-Table3-1.png": ["Yes ", "The memory usage of the RIOT OS posix_sockets module is less than the memory used by the protocol and socket layer combined, for both active and passive connections. "]}, "referred_figures_names": ["1811.02721v3-Table3-1.png"], "answer": "The posix_sockets module consistently uses less memory than the combined usage of the protocol and socket layer. For an active connection, it requires about 5468 B compared to 19972 B + 6216 B = 26188 B for the other layers. Similarly, for a passive connection, it uses 5468 B compared to 19972 B + 6216 B = 26188 B for the other layers."}, "13": {"question": "Which TCP stack provides the most complete implementation of core TCP features, and which stack lacks the most features?", "response": {"1811.02721v3-Table9-1.png": ["Yes ", "GNRC provides the most complete implementation of core TCP features. uIP lacks the most features. "]}, "referred_figures_names": ["1811.02721v3-Table9-1.png"], "answer": "The TCP stack presented in this paper (TCPlp) provides the most complete implementation of core TCP features, including flow control, congestion control, RTT estimation, MSS option, OOO reassembly, and various advanced features like timestamps and selective ACKs. In contrast, BLIP lacks the most features, as it does not implement congestion control, RTT estimation, or several other functionalities present in other stacks."}, "14": {"question": "How many hops are there between the Hamilton and the Internet?", "response": {"1811.02721v3-Figure1-1.png": ["Yes ", "3. "]}, "referred_figures_names": ["1811.02721v3-Figure1-1.png"], "answer": "5 hops"}}