{"0": {"question": "How does the number of state-action pairs affect the reward landscape for the surrogate and true reward functions?", "response": {"1811.02553v4-Figure17-1.png": ["Yes ", "The number of state-action pairs affects the reward landscape for the surrogate and true reward functions differently. "]}, "referred_figures_names": ["1811.02553v4-Figure17-1.png"], "answer": "As the number of state-action pairs increases, the reward landscape for both the surrogate and true reward functions becomes smoother and more accurate."}, "1": {"question": "How does the number of state-action pairs affect the optimization landscape for the PPO algorithm?", "response": {"1811.02553v4-Figure13-1.png": ["Yes ", "The number of state-action pairs affects the optimization landscape for the PPO algorithm by changing the shape and complexity of the landscape. "]}, "referred_figures_names": ["1811.02553v4-Figure13-1.png"], "answer": "As the number of state-action pairs increases, the optimization landscape becomes more complex and has more local optima. This makes it more difficult for the PPO algorithm to find the global optimum."}, "2": {"question": "How do TRPO and PPO compare in terms of convergence to the true gradient?", "response": {"1811.02553v4-Figure10-1.png": ["Yes. ", "TRPO and PPO converge to the true gradient at a similar rate. "]}, "referred_figures_names": ["1811.02553v4-Figure10-1.png"], "answer": "TRPO generally converges faster to the true gradient than PPO."}, "3": {"question": "How does the landscape concentration of the humanoid-v2 PPO policy change with respect to the number of state-action pairs?", "response": {"1811.02553v4-Figure20-1.png": ["Yes ", "It increases. "]}, "referred_figures_names": ["1811.02553v4-Figure20-1.png"], "answer": "The landscape concentration increases with the number of state-action pairs."}, "4": {"question": "How does the quality of gradient estimation change as the number of state-action pairs used in estimation increases?", "response": {"1811.02553v4-Figure9-1.png": ["Yes. ", "The quality of gradient estimation improves as the number of state-action pairs used in estimation increases. "]}, "referred_figures_names": ["1811.02553v4-Figure9-1.png"], "answer": "The quality of gradient estimation increases as the number of state-action pairs used in estimation increases."}}