{"0": {"question": "What is the relationship between the camera yaw angle and the silhouette distance?", "response": {"1812.00281v3-Figure16-1.png": ["Yes ", "Positive. "]}, "referred_figures_names": ["1812.00281v3-Figure16-1.png"], "answer": "The silhouette distance generally increases as the camera yaw angle increases."}, "1": {"question": "How does HUMBI compare to other datasets in terms of the number of subjects?", "response": {"1812.00281v3-Figure2-1.png": ["Yes ", "HUMBI has 772 subjects. "]}, "referred_figures_names": ["1812.00281v3-Figure2-1.png"], "answer": "HUMBI has the highest number of subjects compared to the other datasets."}, "2": {"question": "Which dataset has the most concentrated distribution of gaze and head pose?", "response": {"1812.00281v3-Figure6-1.png": ["No ", "MPII-Gaze. "]}, "referred_figures_names": ["1812.00281v3-Figure6-1.png"], "answer": "MPII-Gaze"}, "3": {"question": "What are the differences between the results of the monocular 3D body prediction network trained with different dataset combinations?", "response": {"1812.00281v3-Figure15-1.png": ["Yes ", "The differences between the results of the monocular 3D body prediction network trained with different dataset combinations are likely to be in terms of accuracy, generalization ability, and robustness to various conditions. The image shows the qualitative results of the network's performance on two different datasets, UP-3D and HUMBI Body. By comparing the results, one can assess how well the network has learned to predict 3D body poses from 2D images, and how well it generalizes to different datasets. Additionally, the image may also show how the network performs under different lighting conditions, poses, and backgrounds, which can provide insights into its robustness to various real-world scenarios. "]}, "referred_figures_names": ["1812.00281v3-Figure15-1.png"], "answer": "The results of the monocular 3D body prediction network trained with different dataset combinations show that the Up3d+HUMBI dataset combination produces the most accurate results. This is evident in the images where the predicted 3D body poses are closer to the ground-truth poses than the other dataset combinations."}, "4": {"question": "What are the different stages of HUMBI body and cloth reconstruction?", "response": {"1812.00281v3-Figure11-1.png": ["Yes ", "The image shows three different stages of HUMBI body and cloth reconstruction. On the left, there is a photo of a woman standing next to a 3D model of her body. The 3D model is labeled \"T\" and \"K\" and is in the initial stage of reconstruction. In the middle, there is a 3D model of a woman's body in a more detailed and realistic state, labeled \"O\". On the right, there is a 3D model of a woman's body in a fully clothed state, labeled \"Mdl\". "]}, "referred_figures_names": ["1812.00281v3-Figure11-1.png"], "answer": "The different stages of HUMBI body and cloth reconstruction are: \n1. Input image of the person (Ibody)\n2. Keypoint estimation (Kbody)\n3. Occupancy map generation (Obody)\n4. Body model fitting (Mbody)\n5. Cloth model fitting (Mcloth)"}, "5": {"question": "Which dataset performs best when used alone for training a 3D body keypoint prediction model, and how does its performance compare to models trained on combined datasets?", "response": {"1812.00281v3-Table7-1.png": ["Yes ", "H6M performs best when used alone for training a 3D body keypoint prediction model with an average of 0.526. When combined with HUMB, H6M's performance drops to 0.457, which is lower than the average performance of models trained on combined datasets (0.537). "]}, "referred_figures_names": ["1812.00281v3-Table7-1.png"], "answer": "HUMBI performs best when used alone for training, with an average AUC of 0.399. While this is lower than the average AUC of models trained on combined datasets (0.433 for H36M+HUMBI and 0.413 for MI3D+HUMBI), HUMBI still achieves the highest score among the individual datasets."}, "6": {"question": "Which training data configuration resulted in the lowest prediction error for both UP-3D and HUMBI test sets?", "response": {"1812.00281v3-Table8-1.png": ["Yes ", "UP-3D "]}, "referred_figures_names": ["1812.00281v3-Table8-1.png"], "answer": "Training with UP-3D + HUMBI resulted in the lowest prediction error for both UP-3D and HUMBI test sets."}, "7": {"question": "How does the number of cameras used affect the accuracy of the garment reconstruction?", "response": {"1812.00281v3-Figure8-1.png": ["Yes ", "The number of cameras used affects the accuracy of the garment reconstruction in terms of density and accuracy. "]}, "referred_figures_names": ["1812.00281v3-Figure8-1.png"], "answer": "The accuracy of the garment reconstruction increases as the number of cameras used increases."}, "8": {"question": "How does HUMBI capture diverse appearance of human expressions?", "response": {"1812.00281v3-Figure3-1.png": ["Yes ", "HUMBI captures diverse appearance of human expressions by using 772 distinctive subjects across gender, ethnicity, age, clothing style, and physical condition. "]}, "referred_figures_names": ["1812.00281v3-Figure3-1.png"], "answer": "HUMBI includes 772 distinctive subjects across gender, ethnicity, age, clothing style, and physical condition, which generates diverse appearance of human expressions."}, "9": {"question": "What is the difference between the \"median appearance\" and the \"view-specific appearance\"?", "response": {"1812.00281v3-Figure4-1.png": ["Yes ", "The median appearance is the average of all the images in the set, while the view-specific appearance is the average of the images that are viewed by the person. "]}, "referred_figures_names": ["1812.00281v3-Figure4-1.png"], "answer": "The median appearance is the average of all the multiview images, while the view-specific appearance is a single image that is rendered from a specific viewpoint."}, "10": {"question": "What is the purpose of the decoder in the 3D mesh prediction pipeline?", "response": {"1812.00281v3-Figure12-1.png": ["Yes ", "To predict the 3D mesh from a single image. "]}, "referred_figures_names": ["1812.00281v3-Figure12-1.png"], "answer": "The decoder is responsible for generating the final 3D mesh from the intermediate representations produced by the regression network."}, "11": {"question": "Which dataset provides data for **both** facial expressions and full-body motion capture, including clothing, in a natural setting (not synthesized)? ", "response": {"1812.00281v3-Table1-1.png": ["No ", "Audioscrobbler "]}, "referred_figures_names": ["1812.00281v3-Table1-1.png"], "answer": "HUMBI is the only dataset that provides data for both facial expressions and full-body motion capture, including clothing, in a natural setting. "}}