{"0": {"question": "How do the different methods compare in terms of their ability to generate realistic faces?", "response": {"1812.06589v2-Figure6-1.png": ["Yes ", "The image shows four sets of faces, each with a different method applied to them. The first set, labeled \"Baseline,\" shows faces with a simple red square placed over the eyes, indicating that the eyes have been removed. The second set, labeled \"MINE + DA,\" shows faces with a red square placed over the eyes and mouth, indicating that both the eyes and mouth have been removed. The third set, labeled \"Ours + AMEE,\" shows faces with a red square placed over the eyes and mouth, indicating that both the eyes and mouth have been removed. The fourth set, labeled \"Ours + FAMEE,\" shows faces with a red square placed over the eyes and mouth, indicating that both the eyes and mouth have been removed. "]}, "referred_figures_names": ["1812.06589v2-Figure6-1.png"], "answer": "The baseline method generates faces that are blurry and unrealistic, while the other methods generate faces that are more realistic."}, "1": {"question": "What is the effect of adding DA to the baseline method?", "response": {"1812.06589v2-Table3-1.png": ["Yes ", "The effect of adding DA to the baseline method is a PSNR of 29.05. "]}, "referred_figures_names": ["1812.06589v2-Table3-1.png"], "answer": "Adding DA to the baseline method improves the PSNR and SSIM values, while slightly decreasing the LMD value."}, "2": {"question": "Which method performed the best on the GRID dataset?", "response": {"1812.06589v2-Table2-1.png": ["Yes ", "Chung et al. (2017) "]}, "referred_figures_names": ["1812.06589v2-Table2-1.png"], "answer": "AMIE (Ours)"}, "3": {"question": "What is the role of the frame discriminator in the proposed method?", "response": {"1812.06589v2-Figure2-1.png": ["Yes ", "To distinguish between the audio and video frames. "]}, "referred_figures_names": ["1812.06589v2-Figure2-1.png"], "answer": "The frame discriminator is used to detect whether the generated frame and audio are matched or not."}, "4": {"question": "How does the dynamic attention block improve the transition of generated video for arbitrary identities?", "response": {"1812.06589v2-Figure4-1.png": ["Yes ", "The dynamic attention block improves the transition of generated video for arbitrary identities by allowing the model to focus on the learning area, which is represented by the blurred faces in the image. This helps the model to better understand the context and emotions of the faces, leading to more accurate and natural-looking video generation. "]}, "referred_figures_names": ["1812.06589v2-Figure4-1.png"], "answer": "The dynamic attention block decouples the lip-related and identity-related information, allowing the network to focus on the most important area for generating realistic talking faces."}, "5": {"question": "Which method, AMIE or MINE, produces generated frames that are closer in distribution to the real frames?", "response": {"1812.06589v2-Figure3-1.png": ["AMIE ", "AMIE. "]}, "referred_figures_names": ["1812.06589v2-Figure3-1.png"], "answer": "MINE"}, "6": {"question": " What are the limitations of the Zhou \\textit{et al.} and Chen \\textit{et al.} methods for generating talking-face videos, as compared to the method proposed in the paper?", "response": {"1812.06589v2-Figure5-1.png": ["Yes. ", "The limitations of the Zhou \\textit{et al.} and Chen \\textit{et al.} methods for generating talking-face videos, as compared to the method proposed in the paper, are that their generated videos lack the facial expressions and lip movements that are present in the videos generated by the proposed method. "]}, "referred_figures_names": ["1812.06589v2-Figure5-1.png"], "answer": " The Zhou \\textit{et al.} method suffers from a \"zoom-in-and-out\" effect, while the Chen \\textit{et al.} method produces lip shapes that differ from the real ones."}, "7": {"question": "Which method performed the best according to the LMD metric?", "response": {"1812.06589v2-Table1-1.png": ["Yes ", "Chung et al. (2017) "]}, "referred_figures_names": ["1812.06589v2-Table1-1.png"], "answer": "AMIE (Ours)"}}