{"0": {"question": " Which type of review was more accurately identified by the human evaluators, human-written or machine-generated? ", "response": {"1901.00398v2-Figure2-1.png": ["Yes ", "Human-written. "]}, "referred_figures_names": ["1901.00398v2-Figure2-1.png"], "answer": "The human evaluators were more accurate at identifying human-written reviews than machine-generated reviews."}, "1": {"question": "Which type of generator generally produced reviews that were most easily identified as machine-generated by the meta-adversarial evaluators?", "response": {"1901.00398v2-Table4-1.png": ["GAN-based generators ", "GAN-based generators. "]}, "referred_figures_names": ["1901.00398v2-Table4-1.png"], "answer": "MLE SeqGAN and Word LSTM with temperature 1.0."}, "2": {"question": "What is the task that the AMT workers are being asked to do?", "response": {"1901.00398v2-Figure8-1.png": ["Yes ", "Answer: Identify the color of the object. "]}, "referred_figures_names": ["1901.00398v2-Figure8-1.png"], "answer": "The AMT workers are being asked to decide whether each of twenty one paragraphs extracted from product reviews is real (written by a person) or fake (written by a computer algorithm)."}}