{"0": {"question": "Which model performed the best on the test data?", "response": {"1906.06589v3-Table10-1.png": ["Yes ", "P-FC. "]}, "referred_figures_names": ["1906.06589v3-Table10-1.png"], "answer": "P-FC"}, "1": {"question": "How does the size of the reference set ($X_\\textsf{ref}$) used for DMP training differ between the Purchase/Texas datasets and the CIFAR datasets? Explain the rationale behind this difference.", "response": {"1906.06589v3-Table1-1.png": ["Yes. ", "The size of the reference set ($X_\\textsf{ref}$) used for DMP training is different between the Purchase/Texas datasets and the CIFAR datasets. For the Purchase/Texas datasets, the reference set size is 10000, while for the CIFAR datasets, the reference set size is 25000. The rationale behind this difference is that the Purchase/Texas datasets are more focused on the target domain, while the CIFAR datasets are more diverse and contain a wider range of data. Therefore, the reference set size for DMP training needs to be larger for the CIFAR datasets to ensure that the model is trained on a more diverse set of data, which can improve its generalization ability. "]}, "referred_figures_names": ["1906.06589v3-Table1-1.png"], "answer": "For Purchase and Texas datasets, $X_\\textsf{ref}$ is specifically selected and contains 10,000 data points. In contrast, for CIFAR datasets, the entire remaining data (25,000 points) after selecting $D_\\textsf{tr}$ is used as $X_\\textsf{ref}$. This difference is due to the smaller size of the CIFAR datasets. Using the entire remaining data as $X_\\textsf{ref}$ ensures sufficient data for effective DMP training in these cases."}, "2": {"question": "What is the relationship between the average X_ref entropy and the generalization gap?", "response": {"1906.06589v3-Figure2-1.png": ["Yes ", "Positive. "]}, "referred_figures_names": ["1906.06589v3-Figure2-1.png"], "answer": "The generalization gap increases as the average X_ref entropy increases."}}