{"0": {"question": "Which estimator performs best in the presence of noisy confounders and how does it compare to the Covariate Control (CC) estimator?", "response": {"1906.10843v1-Table5-1.png": ["EB, 23.8, 5.8, 10.0, 1.0, 1.0, 1.0, 1.0, 1.0, 1.0, 1.0, 1.0, 1.0, 1.0, 1.0, 1.0, 1.0, 1.0, 1.0, 1.0, 1.0, 1.0, 1.0, 1.0, 1.0, 1.0, 1.0, 1.0, 1.0, 1.0, 1.0, 1.0, 1.0, 1.0, 1.0, 1.0, 1.0, 1.0, 1.0, 1.0, 1.0, 1.0, 1.0, 1.0, 1.0, 1.0, 1.0, 1.0, 1.0, 1.0, 1.0, 1.0, 1.0, 1.0, 1.0, 1.0, 1.0, 1.0, 1.0, 1.0, 1.0, 1.0, 1.0, 1.0, 1.0, 1.0, 1.0, 1.0, 1.0, 1.0, 1.0, 1.0, 1.0, 1.0, 1.0, 1.0, 1.0, 1.0, 1.0, 1.0, 1.0, 1.0, 1.0, 1.0, 1.0, 1.0, 1.0, 1.0, 1.0, 1.0, 1.0, 1.0, 1.0, 1.0, 1.0, 1.0, 1.0, 1.0, 1.0, 1.0, 1.0, 1.0, 1.0, 1.0, 1.0, 1.0, 1.0, 1.0, 1.0, 1.0, 1.0, 1.0, 1.0, 1.0, 1.0, 1.0, 1.0, 1.0, 1.0, 1.0, 1.0, 1.0, 1.0, 1.0, 1.0, 1.0, 1.0, 1.0, 1.0, 1.0, 1.0, 1.0, 1.0, 1.0, 1.0, 1.0, 1.0, 1.0, 1.0, 1.0, 1.0, 1.0, 1.0, 1.0, 1.0, 1.0, 1.0, 1.0, 1.0, 1.0, 1.0, 1.0, 1.0, 1.0", "The best performing estimator in the presence of noisy confounders is the Entrophy Balancing (EB) estimator. It outperforms the Covariate Control (CC) estimator by a factor of 1.1. "]}, "referred_figures_names": ["1906.10843v1-Table5-1.png"], "answer": "The Entropy Balancing (EB) estimator performs best across all measures (Bias, MAE, and MSE) when confounders are noisy. While the CC estimator also performs well, it exhibits slightly higher bias and MAE compared to EB."}, "1": {"question": "Which ATE estimator is most affected by the presence of noisy confounders?", "response": {"1906.10843v1-Figure6-1.png": ["Yes ", "AB "]}, "referred_figures_names": ["1906.10843v1-Figure6-1.png"], "answer": "Outcome Regression (OR)"}, "2": {"question": "Which estimator has the smallest bias and best MSE performance in the case of fully observed confounders?", "response": {"1906.10843v1-Figure7-1.png": ["Yes ", "ETER "]}, "referred_figures_names": ["1906.10843v1-Figure7-1.png"], "answer": "The Entropy Balancing (EB) and Covariate Control (CC) estimators."}}